model,rating,processor,core,ram,memory,graphic_card,display,os,warrenty,brand, price_brl ,inches,screen_width,screen_height,is_touchscreen
Lenovo V15 G4 83CR000VIN Laptop (AMD Ryzen 7 7730U/ 16GB/ 512GB SSD/ Win11 Home),4.5,7th Gen AMD Ryzen 7 7730U,"Octa Core, 16 Threads",16 GB DDR4 RAM,512 GB SSD,AMD Radeon Graphics,"15.6 inches, 1920 x 1080 pixels",Windows 11 OS,1 Year Warranty,Lenovo,4222.94,15.6,1920.0,1080.0,False
Samsung Galaxy Book 4 NP750XGJ-LG4IN Laptop (13th Gen Intel Core i3-1315U/ 8GB/ 512GB SSD/ Win11),4.4,13th Gen Intel Core i3 1315U,"Hexa Core (2P + 4E), 8 Threads",8 GB LPDDR4x RAM,512 GB SSD,Intel Graphics,"15.6 inches, 1920 x 1080 pixels",Windows 11 OS,1 Year Warranty,Samsung,3906.14,15.6,1920.0,1080.0,False
HP 15-fc0154AU Laptop (AMD Ryzen 3 7320U/ 8GB/ 512GB SSD/ Win11 Home),4.7,7th Gen AMD Ryzen 3 7320U,"Quad Core, 8 Threads",8 GB DDR5 RAM,512 GB SSD,AMD Radeon AMD,"15.6 inches, 1920 x 1080 pixels",Windows 11 OS,1 Year Warranty,HP,3198.62,15.6,1920.0,1080.0,False
MSI Titan 18 HX Gaming Laptop (Intel Core Ultra 9-285HX / 32GB/ 1TB SSD/ Win11 Home/ RTX 5070),4.75,Intel Core Ultra 9 285HX,"24 Cores (8P + 16E), 24 Threads",32 GB DDR5 RAM,1 TB SSD,12 GB NVIDIA GeForce RTX 5070,"18 inches, 3840 x 2400 pixels",Windows 11 OS,3 Year Warranty,MSI,38005.44,18.0,3840.0,2400.0,False
Asus Vivobook 16X 2023 K3605ZC-MBN544WS Laptop (12th Gen Core i5/ 16GB/ 512GB SSD/ Win11/ 4GB RTX3050),4.1,12th Gen Intel Core i5 12500H,"12 Cores (4P + 8E), 16 Threads",16 GB DDR4 RAM,512 GB SSD,4 GB NVIDIA GeForce RTX 3050,"16 inches, 1920 x 1200 pixels",Windows 11 OS,1 Year Warranty,Asus,6245.18,16.0,1920.0,1200.0,False
HP Victus 15-fb0112AX Gaming Laptop (AMD Ryzen 5 5600H/ 16GB/ 512GB SSD/ Win11/ 4GB Graph),4.15,5th Gen AMD Ryzen 5 5600H,"Hexa Core, 12 Threads",16 GB DDR4 RAM,512 GB SSD,4 GB NVIDIA GeForce RTX 3050,"15.6 inches, 1920 x 1080 pixels",Windows 11 OS,1 Year Warranty,HP,6334.94,15.6,1920.0,1080.0,False
HP B12V5PT Laptop (13th Gen Core i3/ 16GB/ 512GB SSD/ Win11),4.7,13th Gen Intel Core i3 1315U,"Hexa Core (2P + 4E), 8 Threads",16 GB DDR4 RAM,512 GB SSD,Intel Integrated Graphics,"15.6 inches, 1366 x 768 pixels",Windows 11 OS,1 Year Warranty,HP,3511.09,15.6,1366.0,768.0,False
Lenovo LOQ 2024 83GS003VIN Gaming Laptop (Intel Core i5/ 16GB/ 512GB SSD/ Win11/ 6GB RTX 4050 Graph),4.15,12th Gen Intel Core i5 12450HX,"Octa Core (4P + 4E), 12 Threads",16 GB DDR5 RAM,512 GB SSD,6 GB NVIDIA GeForce RTX 4050,"15.6 inches, 1920 x 1080 pixels",Windows 11 OS,1 Year Warranty,Lenovo,7707.74,15.6,1920.0,1080.0,False
Lenovo LOQ 15IRX9 83DV00LXIN Gaming Laptop (13th Gen Core i7/ 24GB/ 512GB SSD/ Win11/ 8GB RTX4060),4.4,13th Gen Intel Core i7 13650HX,14 Cores (6P + 8E),24 GB DDR5 RAM,512 GB SSD,8 GB NVIDIA GeForce RTX 4060,"15.6 inches, 1920 x 1080 pixels",Windows 11 OS,1 Year Warranty,Lenovo,10558.94,15.6,1920.0,1080.0,False
MSI Titan 18 HX AI A2XWIG Gaming Laptop (Intel Core Ultra 9-285HX/ 96GB/ 4TB SSD/ Win11 Pro/ 16GB Graphics RTX 5080),4.55,Intel Core Ultra 9 285HX,"24 Cores (8P + 16E), 24 Threads",96 GB DDR5 RAM,4 TB SSD,16 GB NVIDIA GeForce RTX 5080,"18 inches, 3840 x 2400 pixels",Windows 11 OS,3 Year Warranty,MSI,52799.89,18.0,3840.0,2400.0,False
Samsung Galaxy Book 5 Pro 360 Laptop (Intel Core Ultra 7 Series 2/ 16GB/ 1TB SSD/ Win11),4.75,Intel Core Ultra 7 Series 2 256V,N/A,16 GB LPDDR5X RAM,1 TB SSD,Intel Arc 140V GPU,Windows 11 OS,1 Year Warranty,Backlit Keyboard,Samsung,15838.94,16.0,,,False
Acer Swift Go 14 SFG14-41 NX.KG3SI.006 Laptop (AMD Ryzen 5 7430U / 16GB/ 512GB SSD/ Win11 Pro),4.3,7th Gen AMD Ryzen 5 7430U,"Hexa Core, 12 Threads",16 GB  RAM,512 GB SSD,AMD Radeon Graphics,"14 inches, 1920 x 1080 pixels",Windows 11 OS,1 Year Warranty,Acer,4222.94,14.0,1920.0,1080.0,False
HP 255 G9 7B1L8PA Laptop (AMD Ryzen 5 5625U/ 8GB/ 512 GB SSD/ Win11 Home),4.0,5th Gen AMD Ryzen 5 5625U,"Hexa Core, 12 Threads",8 GB DDR4 RAM,512 GB SSD,AMD Radeon Graphics,"15.6 inches, 1366 x 768 pixels",Windows 11 OS,1 Year Warranty,HP,3157.44,15.6,1366.0,768.0,False
Asus TUF Gaming A15 FA566NCR-HN054WS Laptop (AMD Ryzen 7 7435HS/ 16GB / 512GB SSD/ Win11 Home / 4GB Graph),4.7,7th Gen AMD Ryzen 7 7435HS,"Octa Core, 16 Threads",16 GB DDR5 RAM,512 GB SSD,4 GB NVIDIA GeForce RTX 3050,"15.6 inches, 1920 x 1080 pixels",Windows 11 OS,1 Year Warranty,Asus,7074.14,15.6,1920.0,1080.0,False
Lenovo V15 G4 83CQ0006IN Laptop (AMD Ryzen 3 7320U/ 8GB/ 512GB SSD/ Win11 Home),4.55,7th Gen AMD Ryzen 3 7320U,"Quad Core, 8 Threads",8 GB LPDDR5 RAM,512 GB SSD,Integrated AMD Radeon 610M,"15.6 inches, 1920 x 1080 pixels",Windows 11 OS,1 Year Warranty,Lenovo,2797.34,15.6,1920.0,1080.0,False
HP Victus 16-s0095AX Gaming Laptop (AMD Ryzen 7 7840HS/ 16GB/ 512GB SSD/ Win11/ 6GB Graph),4.0,7th Gen AMD Ryzen 7 7840HS,"Octa Core, 16 Threads",16 GB DDR5 RAM,512 GB SSD,6 GB NVIDIA GeForce RTX 3050,"16.1 inches, 1920 x 1080 pixels",Windows 11 OS,1 Year Warranty,HP,7918.94,16.1,1920.0,1080.0,False
Apple MacBook Air 2022 Laptop (Apple M2/ 8GB/ 256GB SSD/ MacOS),4.15,Apple M2,Octa Core (4P + 4E),8 GB DDR4 RAM,256 GB SSD,8-Core GPU,"13.6 inches, 2560 x 1664 pixels",Mac OS,1 Year Warranty,Apple,8025.49,13.6,2560.0,1664.0,False
Asus Vivobook 15 X1502VA-BQ837WS Laptop (13th Gen Core i7/ 16GB/ 512GB SSD/ Win11),4.05,13th Gen Intel Core i7 13620H,"10 Cores (6P + 4E), 16 Threads",16 GB  RAM,512 GB SSD,Integrated Intel iris Xe Graphics,"15.6 inches, 1920 x 1080 pixels",Windows 11 OS,1 Year Warranty,Asus,7074.14,15.6,1920.0,1080.0,False
HP Victus 15-fb3025AX Gaming Laptop (AMD Ryzen 9 8945HS/ 16GB/ 1TB SSD/ Win11/ 8GB Graph),4.05,8th Gen AMD Ryzen 9 8945HS,"Octa Core, 16 Threads",16 GB DDR5 RAM,1 TB SSD,8 GB NVIDIA GeForce RTX 4060,"15.6 inches, 1920 x 1080 pixels",Windows 11 OS,1 Year Warranty,HP,11827.09,15.6,1920.0,1080.0,False
HP Victus 15-fb2703tx Gaming Laptop (13th Gen Core i5/ 16GB/ 512GB SSD/ Win11/ 4GB Graph),4.05,13th Gen Intel Core i5 13420H,"Octa Core (4P + 4E), 12 Threads",16 GB DDR4 RAM,512 GB SSD,4 GB NVIDIA GeForce RTX 2050,"15.6 inches, 1920 x 1080 pixels",Windows 11 OS,1 Year Warranty,HP,6968.54,15.6,1920.0,1080.0,False
Acer Aspire 3 A311-45 UN.354SI.006 Laptop (Intel Celeron N4500/ 8GB/ 128GB SSD/ Win11),4.7,Intel Celeron N4500,"Dual Core, 2 Threads",8 GB DDR4 RAM,128 GB SSD,Intel Integrated UHD,"11.6 inches, 1366 x 768 pixels",Windows 11 OS,1 Year Warranty,Acer,1688.54,11.6,1366.0,768.0,False
Asus TUF Gaming A16 Advantage Edition FA617NSR-RL083W Gaming Laptop (AMD Ryzen 7 7435HS/ 16GB/ 512GB SSD/ Win11 Home/ AMD Radeon RX 7600S),4.65,7th Gen AMD Ryzen 7 7435HS,"Octa Core, 16 Threads",16 GB DDR5 RAM,512 GB SSD,8 GB AMD Radeon  RX 7600S,"16 inches, 1920 x 1200 pixels",Windows 11 OS,1 Year Warranty,Asus,10030.94,16.0,1920.0,1200.0,False
Dell 15 Vostro 3520 Laptop (12th Gen Core i3/ 8GB/ 512GB SSD/ Win11),4.6,12th Gen Intel Core i3 1215U,"Hexa Core (2P + 4E), 8 Threads",8 GB DDR4 RAM,512 GB SSD,Intel Graphics,"15.6 inches, 1920 x 1080 pixels",Windows 11 OS,1 Year Warranty,Dell,3694.94,15.6,1920.0,1080.0,False
HP 15s-fc0156AU Laptop (AMD Ryzen 5 7520U/ 16GB/ 512GB SSD/ Win11 Home),4.0,7th Gen AMD Ryzen 5 7520U,"Quad Core, 8 Threads",16 GB LPDDR5 RAM,512 GB SSD,AMD Radeon AMD,"15.6 inches, 1920 x 1080 pixels",Windows 11 OS,1 Year Warranty,HP,4486.94,15.6,1920.0,1080.0,False
MSI Thin 15 B12UCX-1694IN Gaming Laptop (12th Gen Core i7/ 16GB/ 512GB SSD/ Win11 Home/ 4GB RTX 2050 Graph),4.35,12th Gen Intel Core i7 12650H,"10 Cores (6P + 4E), 16 Threads",16 GB DDR4 RAM,512 GB SSD,4 GB NVIDIA GeForce RTX 2050,"15.6 inches, 1920 x 1080 pixels",Windows 11 OS,2 Year Warranty,MSI,6334.94,15.6,1920.0,1080.0,False
Asus Vivobook 15 2023 X1504VA-NJ321WS Laptop (13th Gen Core i3/ 8GB/ 512GB SSD/ Win11),4.35,13th Gen Intel Core i3 1315U,"Hexa Core (2P + 4E), 8 Threads",8 GB DDR4 RAM,512 GB SSD,Integrated Intel UHD Graphics,"15.6 inches, 1920 x 1080 pixels",Windows 11 OS,1 Year Warranty,Asus,3483.74,15.6,1920.0,1080.0,False
Asus VivoBook 14 X1404VA-NK804WS Laptop (13th Gen Core i5/ 8GB/ 512GB SSD/ Win11 Home),4.7,13th Gen Intel Core i5 1334U,"10 Cores (2P + 8E), 12 Threads",8 GB DDR4 RAM,512 GB SSD,Intel Graphics,"14 inches, 1920 x 1080 pixels",Windows 11 OS,1 Year Warranty,Asus,5806.94,14.0,1920.0,1080.0,False
Asus VivoBook 14 X1404VA-NK760WS Laptop (13th Gen Core i3/ 8GB/ 512GB SSD/ Win11 Home),4.75,13th Gen Intel Core i3 1315U,"Hexa Core (2P + 4E), 8 Threads",8 GB DDR4 RAM,512 GB SSD,Intel Graphics,"14 inches, 1920 x 1080 pixels",Windows 11 OS,1 Year Warranty,Asus,4117.34,14.0,1920.0,1080.0,False
Asus Zenbook 14 OLED 2025 UX3405CA-PZ164WS Laptop (Intel Core Ultra 9 285H/ 32GB/ 1TB SSD/ Win11 Home),4.55,Intel Core Ultra 9 285H,"16 Cores (6P + 8E + 2LP-E), 16 Threads",32 GB LPDDR5X RAM,1 TB SSD,Intel Integrated Arc,"14 inches, 2880 x 1800 pixels, Touch Screen",Windows 11 OS,1 Year Warranty,Asus,15099.74,14.0,2880.0,1800.0,True
HP 245 G9 Laptop (AMD Ryzen 5 5625U/ 16GB RAM/ 512GB SSD/ Win11),4.4,5th Gen AMD Ryzen 5 5625U,"Hexa Core, 12 Threads",16 GB DDR4 RAM,512 GB SSD,AMD Radeon Graphics,"14 inches, 1366 x 768 pixels",Windows 11 OS,1 Year Warranty,HP,3261.98,14.0,1366.0,768.0,False
Lenovo IdeaPad Slim 3 14IAH8 83EQ0072IN Laptop (12th Gen Core i5/ 16GB/ 512GB SSD/ Win11 Home),4.5,12th Gen Intel Core i5 12450H,"Octa Core (4P + 4E), 12 Threads",16 GB LPDDR5 RAM,512 GB SSD,Intel Integrated UHD Graphics,"14 inches, 1920 x 1080 pixels",Windows 11 OS,1 Year Warranty,Lenovo,5279.89,14.0,1920.0,1080.0,False
Lenovo ThinkBook 16 G6 21KKA0G1IN Laptop (AMD Ryzen 7 7730U/ 16GB/ 512GB SSD/ Win11 Home),4.3,7th Gen AMD Ryzen 7 7730U,"Octa Core, 16 Threads",16 GB DDR4 RAM,512 GB SSD,AMD Radeon Graphics,"16 inches, 1920 x 1200 pixels",Windows 11 OS,1 Year Warranty,Lenovo,5806.84,16.0,1920.0,1200.0,False
Acer 15 Aspire Lite AL15-41 Laptop (AMD Ryzen 5 5625U/ 16GB/ 512GB SSD/ Win11),4.3,5th Gen AMD Ryzen 5 5625U,"Hexa Core, 12 Threads",16 GB DDR4 RAM,512 GB SSD,AMD Graphics,"15.6 inches, 1920 x 1080 pixels",Windows 11 OS,1 Year Warranty,Acer,3536.54,15.6,1920.0,1080.0,False
Asus TUF Gaming A15 FA507NUR-LP082W Gaming Laptop (AMD Ryzen 7 7435HS/ 16GB/ 512GB SSD/ Win11/ 6GB Graph),4.55,7th Gen AMD Ryzen 7 7435HS,"Octa Core, 16 Threads",16 GB DDR5 RAM,512 GB SSD,6 GB NVIDIA GeForce RTX 4050,"15.6 inches, 1920 x 1080 pixels",Windows 11 OS,1 Year Warranty,Asus,9291.74,15.6,1920.0,1080.0,False
Lenovo LOQ 15ARP9 83JC0078IN Gaming Laptop (AMD Ryzen 5 7235HS/ 24GB/ 512GB SSD/ Win11/ 6GB RTX 3050 Graph),4.0,7th Gen AMD Ryzen 5 7235HS,"Quad Core, 8 Threads",24 GB DDR5 RAM,512 GB SSD,6 GB NVIDIA GeForce RTX 3050,"15.6 inches, 1920 x 1080 pixels",Windows 11 OS,1 Year Warranty,Lenovo,6915.74,15.6,1920.0,1080.0,False
HP Omen 16-xd0020AX Gaming Laptop (AMD Ryzen 7 7840HS/ 16GB/ 1TB SSD/ Win11/ 8GB Graph),4.65,7th Gen AMD Ryzen 7 7840HS,"Octa Core, 16 Threads",16 GB DDR5 RAM,1 TB SSD,8 GB NVIDIA GeForce RTX 4060,"16.1 inches, 1920 x 1080 pixels",Windows 11 OS,1 Year Warranty,HP,11720.54,16.1,1920.0,1080.0,False
MSI Thin 15 B12UC-1692IN Gaming Laptop (12th Gen Core i5/ 16GB/ 512GB SSD/ Win11 Home/ 4GB RTX3050 Graph),4.4,12th Gen Intel Core i5 12450H,"Octa Core (4P + 4E), 12 Threads",16 GB DDR4 RAM,512 GB SSD,4 GB NVIDIA GeForce RTX 3050,"15.6 inches, 1920 x 1080 pixels",Windows 11 OS,2 Year Warranty,MSI,5595.74,15.6,1920.0,1080.0,False
Asus ROG Strix G16 G614JV-N3474WS Gaming Laptop (13th Gen Core i7/ 16GB/ 1TB SSD/ Win11/ 8GB Graph),4.5,13th Gen Intel Core i7 13650HX,14 Cores (6P + 8E),16 GB DDR5 RAM,1 TB SSD,8 GB NVIDIA GeForce RTX 4060,"16 inches, 1920 x 1200 pixels",Windows 11 OS,1 Year Warranty,Asus,12565.45,16.0,1920.0,1200.0,False
Asus Vivobook 16 X1605ZAC-MB540WS Laptop (12th Gen Core i5/ 16GB/ 512GB SSD/ Win11 Home),4.4,12th Gen Intel Core i5 12500H,"12 Cores (4P + 8E), 16 Threads",16 GB DDR4 RAM,512 GB SSD,Intel Iris Xe Graphics,"16 inches, 1920 x 1200 pixels",Windows 11 OS,1 Year Warranty,Asus,5554.45,16.0,1920.0,1200.0,False
Samsung Galaxy Book 4 np750xgj-kg2in Laptop (13th Gen Intel Core i5-1335U/ 16GB/ 512GB SSD/ Win11),4.05,13th Gen Intel Core i5 1335U,"10 Cores (2P + 8E), 12 Threads",16 GB LPDDR4x RAM,512 GB SSD,Intel Iris Xe Graphics,"15.6 inches, 1920 x 1080 pixels",Windows 11 OS,1 Year Warranty,Samsung,5384.54,15.6,1920.0,1080.0,False
Apple MacBook Air 2022 Laptop (Apple M2/ 8GB/ 512GB SSD/ MacOS),4.2,Apple M2 Apple M2 Chip,Octa Core,8 GB Unified Memory RAM,512 GB SSD,10-Core GPU,"13.6 inches, 2560 x 1664 pixels",Mac OS,1 Year Warranty,Apple,8236.69,13.6,2560.0,1664.0,False
Apple MacBook Air 2020 MGND3HN Laptop (Apple M1/ 8GB/ 256GB SSD/ MacOS),4.6,Apple M1,Octa Core (4P + 4E),8 GB DDR4 RAM,256 GB SSD,Apple M1 Integrated Graphics,"13.3 inches, 2560 x 1600 pixels",Mac OS,1 Year Warranty,Apple,6757.34,13.3,2560.0,1600.0,False
Asus Vivobook 15 X1502VA-BQ838WS Laptop (13th Gen Core i7/ 16GB/ 512GB SSD/ Win11),4.15,13th Gen Intel Core i7 13620H,"10 Cores (6P + 4E), 16 Threads",16 GB  RAM,512 GB SSD,Integrated Intel iris Xe Graphics,"15.6 inches, 1920 x 1080 pixels",Windows 11 OS,1 Year Warranty,Asus,7074.14,15.6,1920.0,1080.0,False
HP 15-fd0467TU Laptop (13th Gen Core i5/ 16GB/ 512GB SSD/ Win11 Home),4.2,13th Gen Intel Core i5 1334U,"10 Cores (2P + 8E), 12 Threads",16 GB DDR4 RAM,512 GB SSD,Intel Iris Xe Graphics,"15.6 inches, 1920 x 1080 pixels",Windows 11 OS,1 Year Warranty,HP,6334.94,15.6,1920.0,1080.0,False
Lenovo IdeaPad Slim 5 16IRL8 82XF003HIN Laptop (13th Gen Core i7/ 16GB/ 512GB SSD/ Win11),4.15,13th Gen Intel Core i7 13700H,"14 Cores (6P + 8E), 20 Threads",16 GB LPDDR5 RAM,512 GB SSD,Integrated Intel Iris Xe Graphics,"16 inches, 1920 x 1080 pixels",Windows 11 OS,1 Year Warranty,Lenovo,7021.34,16.0,1920.0,1080.0,False
Apple MacBook Air 2025 Laptop (Apple M4/ 16GB/ 256GB SSD/ MacOS),4.75,Apple M4,10 Cores (4P + 6E),16 GB  RAM,256 GB SSD,Apple 8 Core GPU,"13.6 inches, 2560 x 1664 pixels",Mac OS,1 Year Warranty,Apple,10549.44,13.6,2560.0,1664.0,False
Lenovo V15 82TTA07RIH Laptop (12th Gen Core i5 / 16GB/ 512GB SSD/ Win11 Home),4.3,12th Gen Intel Core i5 1235U,"10 Cores (2P + 8E), 12 Threads",16 GB DDR4 RAM,512 GB SSD,Integrated Intel Iris Graphics,"15.6 inches, 1920 x 1080 pixels",Windows 11 OS,1 Year Warranty,Lenovo,4550.3,15.6,1920.0,1080.0,False
Acer Aspire Lite AL15-52H Laptop (12th Gen Core i5/ 16GB/ 512GB SSD/ Win11),4.75,12th Gen Intel Core i5 12450H,"Octa Core (4P + 4E), 12 Threads",16 GB DDR4 RAM,512 GB SSD,Intel UHD Graphics,"15.6 inches, 1920 x 1080 pixels",Windows 11 OS,1 Year Warranty,Acer,4222.84,15.6,1920.0,1080.0,False
HP 15-fd0061TU Laptop (12th Gen Core i3/ 8 GB/ 512GB SSD/ Win11 Home),4.7,12th Gen Intel Core i3 1215U,"Hexa Core (2P + 4E), 8 Threads",8 GB  RAM,512 GB SSD,Intel Integrated Graphics,"15.6 inches, 1920 x 1080 pixels",Windows 11 OS,1 Year Warranty,HP,3790.93,15.6,1920.0,1080.0,False
Acer Aspire 7 A715-79G UN.34PSI.001 Gaming Laptop (13th Gen Core i5/ 16GB/ 512GB SSD/ Win11 Home/ 6GB Graph),4.7,13th Gen Intel Core i5 13420H,"Octa Core (4P + 4E), 12 Threads",16 GB DDR4 RAM,512 GB SSD,6 GB NVIDIA GeForce RTX 3050,"15.6 inches, 1920 x 1080 pixels",Windows 11 OS,1 Year Warranty,Acer,7179.74,15.6,1920.0,1080.0,False
Acer Aspire 3 A324-51 UN.343SI.004 Laptop (12th Gen Core i7/ 16GB/ 512GB SSD/ Win11),4.75,12th Gen Intel Core i7 1255U,"10 Cores (2P + 8E), 12 Threads",16 GB  RAM,512 GB SSD,Intel Integrated UHD,"14 inches, 1920 x 1080 pixels",Windows 11 OS,1 Year Warranty,Acer,4645.34,14.0,1920.0,1080.0,False
HP Omen 16-xd0017AX Gaming Laptop (AMD Ryzen 7 7840HS/ 32GB/ 1TB SSD/ Win11/ 8GB Graph),4.65,7th Gen AMD Ryzen 7 7840HS,"Octa Core, 16 Threads",32 GB DDR5 RAM,1 TB SSD,8 GB NVIDIA GeForce RTX 4060,"16.1 inches, 1080 x 1920 pixels",Windows 11 OS,1 Year Warranty,HP,13303.49,16.1,1080.0,1920.0,False
HP Victus 15-fa1351TX Gaming Laptop (12th Gen Core i5/ 16GB/ 512GB SSD/ Win11 Home/ RTX 2050),4.75,12th Gen Intel Core i5 12450H,"Octa Core (4P + 4E), 12 Threads",16 GB DDR4 RAM,512 GB SSD,4 GB NVIDIA GeForce RTX 2050,"15.6 inches, 1920 x 1080 pixels",Windows 11 OS,1 Year Warranty,HP,6283.2,15.6,1920.0,1080.0,False
HP Omen 16-wf1096TX Gaming Laptop (14th Gen Core i7/ 16GB/ 1TB SSD/ Win11/ 8GB Graph),4.4,14th Gen Intel Core i7 14650HX,"16 Cores (8P + 8E), 24 Threads",16 GB DDR5 RAM,1 TB SSD,8 GB NVIDIA GeForce RTX 4060,"16.1 inches, 1920 x 1080 pixels",Windows 11 OS,1 Year Warranty,HP,13462.94,16.1,1920.0,1080.0,False
Dell Inspiron 3530 OIN353034071RINS1M Laptop (13th Gen Core i5/ 16GB/ 512GB SSD/ Win11 Home),4.05,13th Gen Intel Core i5 1334U,"10 Cores (2P + 8E), 12 Threads",16 GB DDR4 RAM,512 GB SSD,Intel Integrated Integrated,"15.6 inches, 1920 x 1080 pixels",Windows 11 OS,1 Year Warranty,Dell,4645.34,15.6,1920.0,1080.0,False
Acer Nitro V ANV15-41 NH.QPESI.001 Gaming Laptop (AMD Ryzen 7 7735HS/ 16GB/ 512GB SSD/ Win11/ 6GB RTX 4050 Graph),4.0,7th Gen AMD Ryzen 7 7735HS,"Octa Core, 16 Threads",16 GB DDR5 RAM,512 GB SSD,6 GB NVIDIA GeForce RTX 4050,"15.6 inches, 1920 x 1080 pixels",Windows 11 OS,1 Year Warranty,Acer,8024.54,15.6,1920.0,1080.0,False
HP Chromebook 11MK G9 EE Touch Laptop (MediaTek MT8183/ 4GB/ 32GB eMMC/ Chrome OS),4.35,MediaTek Kompanio 500,Octa Core,4 GB LPDDR4X RAM,32 GB eMMC Storage,Arm Mali-G72 MP3,"11.6 inches, 1366 x 768 pixels, Touch Screen",Chrome OS,1 Year Warranty,HP,1160.54,11.6,1366.0,768.0,True
MSI Crosshair 16 HX D14VFKG-206IN Gaming Laptop (14th Gen Core i7/ 16GB/ 1TB SSD/ Win11/ 8GB RTX4060),4.55,14th Gen Intel Core i7 14700HX,"20 Cores (8P + 12E), 28 Threads",16 GB DDR5 RAM,1 TB SSD,8 GB NVIDIA GeForce RTX 4060,"16 inches, 2560 x 1440 pixels",Windows 11 OS,2 Year Warranty,MSI,14254.94,16.0,2560.0,1440.0,False
Lenovo ThinkBook 15 G5 21JF002JIN Laptop (AMD Ryzen 3 7330U/ 8 GB/ 512 GB SSD/ Win11),4.2,7th Gen AMD Ryzen 3 7330U,"Quad Core, 8 Threads",8 GB DDR4 RAM,512 GB SSD,AMD Radeon AMD,"15.6 inches, 1920 x 1080 pixels",Windows 11 OS,1 Year Warranty,Lenovo,3710.78,15.6,1920.0,1080.0,False
Apple MacBook Pro 14 2023 Laptop (Apple M3/ 8GB/ 512GB SSD/ macOS),4.5,Apple M3,Octa Core (4P + 4E),8 GB  RAM,512 GB SSD,10 Core GPU,"14.2 inches, 3024 x 1964 pixels",Mac OS,1 Year Warranty,Apple,11795.41,14.2,3024.0,1964.0,False
Asus TUF Gaming F15 2022 FX507ZC4-HN116W Gaming Laptop (12th Gen Core i5/ 16GB/512GB SSD/ Win11 / 4GB Graph),4.45,12th Gen Intel Core i5 12500H,"12 Cores (4P + 8E), 16 Threads",16 GB DDR4 RAM,512 GB SSD,4 GB NVIDIA GeForce RTX 3050,"15.6 inches, 1920 x 1080 pixels",Windows 11 OS,1 Year Warranty,Asus,6334.94,15.6,1920.0,1080.0,False
HP 15-fd0492TU Laptop (13th Gen Core i5/ 16GB/ 512GB SSD/ Win11 Home),4.35,13th Gen Intel Core i5 1334U,"10 Cores (2P + 8E), 12 Threads",16 GB DDR4 RAM,512 GB SSD,Intel Iris Xe Graphics,"15.6 inches, 1920 x 1080 pixels",Windows 11 OS,1 Year Warranty,HP,6177.49,15.6,1920.0,1080.0,False
Asus Vivobook 14 2025 X1407CA-LY102WS Laptop (Intel Core Ultra 5 225H/ 16GB/ 512GB SSD/ Win11),4.45,Intel Core Ultra 5 225H,"14 Cores (4P + 8E + 2LP-E), 14 Threads",16 GB DDR5 RAM,512 GB SSD,Intel Integrated Arc,"14 inches, 1920 x 1200 pixels",Windows 11 OS,1 Year Warranty,Asus,7813.34,14.0,1920.0,1200.0,False
Dell Inspiron 15 3535 Laptop (AMD Ryzen R5-7530U/ 16GB/ 512GB SSD/ Win11),4.45,7th Gen AMD Ryzen 5 7530U,"Hexa Core, 12 Threads",16 GB  RAM,512 GB SSD,AMD Radeon Graphics,"15.6 inches, 1920 x 1080 pixels",Windows 11 OS,1 Year Warranty,Dell,4803.74,15.6,1920.0,1080.0,False
Acer Travel Lite TL14 UN.34GSI.07K Laptop (12th Gen Core i3/ 16GB/ 512GB SSD/ Win11),4.3,12th Gen Intel Core i3 1215U,"Hexa Core (2P + 4E), 8 Threads",16 GB DDR4 RAM,512 GB SSD,Intel Integrated Graphics,"14 inches, 1920 x 1080 pixels",Windows 11 OS,1 Year Warranty,Acer,3483.74,14.0,1920.0,1080.0,False
HP Victus FA1198TX Gaming Laptop (13th Gen Core i5/ 16GB/ 512GB SSD/ Win11 Home/ 6GB Graph),4.75,13th Gen Intel Core i5 13420H,"Octa Core (4P + 4E), 12 Threads",16 GB DDR4 RAM,512 GB SSD,6 GB NVIDIA GeForce RTX 4050,"15.6 inches, 1920 x 1080 pixels",Windows 11 OS,1 Year Warranty,HP,7707.74,15.6,1920.0,1080.0,False
Acer Aspire 3 A311-45 UN.354SI.002 Laptop (Intel Celeron N4500/ 8GB/ 512GB SSD/ Win11),4.65,Intel Celeron N4500,"Dual Core, 2 Threads",8 GB DDR4 RAM,512 GB SSD,Intel Integrated UHD,"11.6 inches, 1366 x 768 pixels",Windows 11 OS,1 Year Warranty,Acer,2110.94,11.6,1366.0,768.0,False
Asus ROG Strix SCAR 16 (2025) G635 Gaming Laptop (Intel Core Ultra 9 Processor 275HX/ 32GB/ 2TB SSD/ Win11 Home/ RTX5090 Graph),4.3,Intel Core Ultra 9 275HX,N/A,32 GB DDR5 RAM,2 TB SSD,24 GB NVIDIA GeForce RTX 5090,Windows 11 OS,1 Year Warranty,Backlit Keyboard,Asus,47519.89,16.0,,,False
Lenovo ThinkBook Plus Gen 6 Rollable Laptop (Intel Core Ultra 7/ 32GB/ 1TB SSD/Win11),4.1,Intel Core Ultra 7,N/A,32 GB LPDDR5x RAM,1 TB SSD,Intel Arc Xe 2,Windows 11 OS,1 Year Warranty,Backlit Keyboard,Lenovo,31678.94,11.0,,,False
Lenovo LOQ 15ARP9 83JC00EHIN Gaming Laptop (AMD Ryzen 7 7435H/ 24GB/ 512GB SSD/ Win11/ 8GB RTX 4060 Graph),4.35,7th Gen AMD Ryzen 7 7435HS,"Octa Core, 16 Threads",24 GB DDR5 RAM,512 GB SSD,8 GB NVIDIA GeForce RTX 4060,"15.6 inches, 1920 x 1080 pixels",Windows 11 OS,1 Year Warranty,Lenovo,9682.46,15.6,1920.0,1080.0,False
HP 255 G10 B1FW9PT Laptop (AMD Ryzen 3 7320U/ 8GB/ 512GB SSD/ Win11),4.7,7th Gen AMD Ryzen 3 7320U,"Quad Core, 8 Threads",8 GB DDR4 RAM,512 GB SSD,AMD Radeon Graphics,"15.6 inches, 1366 x 768 pixels",Windows 11 OS,1 Year Warranty,HP,2639.89,15.6,1366.0,768.0,False
Apple MacBook Pro 14 2024 Laptop (Apple M4/ 16GB/ 512GB SSD/ macOS),4.15,Apple M4,10 Cores (4P + 6E),16 GB  RAM,512 GB SSD,10 Core GPU,"14.2 inches, 3024 x 1964 pixels",Mac OS,1 Year Warranty,Apple,17211.74,14.2,3024.0,1964.0,False
MSI Modern 15 H AI C1MG-050IN Laptop (Intel Core Ultra 5 125H/ 8GB/ 512GB SSD/ Win11 Home),4.0,Intel Core Ultra 5 Series 1 125H,"14 Cores (4P + 8E + 2LP-E), 18 Threads",8 GB DDR5 RAM,512 GB SSD,Intel Arc Graphics,"15.6 inches, 1920 x 1080 pixels",Windows 11 OS,1 Year Warranty,MSI,5100.48,15.6,1920.0,1080.0,False
Lenovo IdeaPad 5 14IRH9 83KX0019IN Laptop (13th Gen Core i7/ 16GB/ 512GB SSD/ Win11 Home),4.1,13th Gen Intel Core i7 13620H,"10 Cores (6P + 4E), 16 Threads",16 GB LPDDR5X RAM,512 GB SSD,Intel Integrated UHD,"14 inches, 1920 x 1200 pixels, Touch Screen",Windows 11 OS,1 Year Warranty,Lenovo,8943.26,14.0,1920.0,1200.0,True
Asus Vivobook 16X K3605ZU-RP304WS Laptop (12th Gen Core i5/ 16GB/ 512GB SSD/ Win11/ 6GB RTX4050),4.75,12th Gen Intel Core i5 12500H,"12 Cores (4P + 8E), 16 Threads",16 GB DDR4 RAM,512 GB SSD,6 GB NVIDIA GeForce RTX 4050,"16 inches, 1920 x 1200 pixels",Windows 11 OS,1 Year Warranty,Asus,8974.94,16.0,1920.0,1200.0,False
Asus TUF Gaming A15 FA507NVR-LP104WS Laptop (AMD Ryzen 7 7435HS/ 16GB / 512GB SSD/ Win11/ 8GB Graph),4.75,7th Gen AMD Ryzen 7 7435HS,"Octa Core, 16 Threads",16 GB DDR5 RAM,512 GB SSD,8 GB NVIDIA GeForce RTX 4060,"15.6 inches, 1920 x 1080 pixels",Windows 11 OS,1 Year Warranty,Asus,10558.94,15.6,1920.0,1080.0,False
Lenovo IdeaPad Slim 3 83ER00F2IN Laptop (12th Gen Core i5/ 8GB/ 512GB SSD/ Win11),4.7,12th Gen Intel Core i5 12450H,"Octa Core (4P + 4E), 12 Threads",8 GB LPDDR5 RAM,512 GB SSD,Integrated Intel UHD Graphics,"15.6 inches, 1920 x 1080 pixels",Windows 11 OS,1 Year Warranty,Lenovo,4952.53,15.6,1920.0,1080.0,False
HP 15-fd0070TU Laptop (12th Gen Core i5/ 8GB/ 512GB SSD/ Win11 Home),4.3,12th Gen Intel Core i5 1235U,"10 Cores (2P + 8E), 12 Threads",8 GB  RAM,512 GB SSD,Intel Integrated Graphics,"15.6 inches, 1920 x 1080 pixels",Windows 11 OS,1 Year Warranty,HP,4856.54,15.6,1920.0,1080.0,False
Acer Aspire 7 A715-79G UN.34NSI.002 Gaming Laptop (13th Gen Core i5/ 16GB/ 512GB SSD/ Win11/ 4GB Graph),4.45,13th Gen Intel Core i5 13420H,"Octa Core (4P + 4E), 12 Threads",16 GB DDR4 RAM,512 GB SSD,4 GB NVIDIA GeForce RTX 2050,"15.6 inches, 1920 x 1080 pixels",Windows 11 OS,1 Year Warranty,Acer,6440.54,15.6,1920.0,1080.0,False
Apple MacBook Air 13 2024 Laptop (Apple M3/ 16GB/ 256GB SSD/ MacOS),4.05,Apple M3,Octa Core (4P + 4E),16 GB  RAM,256 GB SSD,Apple 10 Core GPU,"13.6 inches, 2560 x 1664 pixels",Mac OS,1 Year Warranty,Apple,9493.44,13.6,2560.0,1664.0,False
Asus TUF Gaming A15 FA506NFR-HN259WS Laptop (AMD Ryzen 7 7435HS/ 16GB / 512GB SSD/ Win11 Home / 4GB Graph),4.4,7th Gen AMD Ryzen 7 7435HS,"Octa Core, 16 Threads",16 GB DDR5 RAM,512 GB SSD,4 GB NVIDIA GeForce RTX 2050,"15.6 inches, 1920 x 1080 pixels",Windows 11 OS,1 Year Warranty,Asus,6334.94,15.6,1920.0,1080.0,False
Acer Nitro V ANV15-41 UN.QPFSI.002 Gaming Laptop (AMD Ryzen 5 7535HS/ 16GB/ 512GB SSD/ Win11/ 6GB RTX3050 Graph),4.7,7th Gen AMD Ryzen 5 7535HS,"Hexa Core, 12 Threads",16 GB DDR5 RAM,512 GB SSD,6 GB NVIDIA GeForce RTX 3050,"15.6 inches, 1920 x 1080 pixels",Windows 11 OS,1 Year Warranty,Acer,6651.74,15.6,1920.0,1080.0,False
Lenovo LOQ 2024 15IAX9 83GS00CKIN Gaming Laptop (12th Gen Core i5/ 24GB/ 512GB SSD/ Win11/ 4GB Graph),4.35,12th Gen Intel Core i5 12450HX,"Octa Core (4P + 4E), 12 Threads",24 GB DDR5 RAM,512 GB SSD,4 GB NVIDIA GeForce RTX 2050,"15.6 inches, 1920 x 1080 pixels",Windows 11 OS,1 Year Warranty,Lenovo,6672.86,15.6,1920.0,1080.0,False
Lenovo LOQ 15ARP9 83JC0046IN Gaming Laptop (AMD Ryzen 7 7435H/ 24GB/ 512GB SSD/ Win11/ 8GB RTX 4060 Graph),4.65,7th Gen AMD Ryzen 7 7435HS,"Octa Core, 16 Threads",24 GB DDR5 RAM,512 GB SSD,8 GB NVIDIA GeForce RTX 4060,"15.6 inches, 1920 x 1080 pixels",Windows 11 OS,1 Year Warranty,Lenovo,9629.66,15.6,1920.0,1080.0,False
HP Victus 15-fa1276TX Gaming Laptop (13th Gen Core i7/ 16GB/ 512GB SSD/ Win11 Home/ 8GB Graph),4.65,13th Gen Intel Core i7 13620H,"10 Cores (6P + 4E), 16 Threads",16 GB DDR4 RAM,512 GB SSD,8 GB NVIDIA GeForce RTX 4060,"15.6 inches, 1920 x 1080 pixels",Windows 11 OS,1 Year Warranty,HP,9502.94,15.6,1920.0,1080.0,False
MSI Modern 14 C12MO-1205IN Laptop (12th Gen Core i3/ 8GB/ 512GB SSD/ Win11 Home),4.25,12th Gen Intel Core i3 1215U,"Hexa Core (2P + 4E), 8 Threads",8 GB DDR4 RAM,512 GB SSD,Intel Integrated UHD,"14 inches, 1920 x 1080 pixels",Windows 11 OS,1 Year Warranty,MSI,3061.34,14.0,1920.0,1080.0,False
Lenovo Legion 7 16IRX9 83FD0010IN Gaming Laptop (14th Gen Core i7/ 32GB/ 1TB SSD/ Win11/ 8GB RTX 4070 Graph),4.75,14th Gen Intel Core i7 14700HX,"20 Cores (8P + 12E), 28 Threads",32 GB DDR5 RAM,1 TB SSD,8 GB NVIDIA GeForce RTX 4070,"16 inches, 3200 x 2000 pixels",Windows 11 OS,1 Year Warranty,Lenovo,19028.06,16.0,3200.0,2000.0,False
Lenovo LOQ 15IRX9 83DV00BHIN Gaming Laptop (13th Gen Core i5/ 16GB/ 512GB SSD/ Win11/ 6GB RTX3050),4.05,13th Gen Intel Core i5 13450HX,"10 Cores (6P + 4E), 16 Threads",16 GB DDR5 RAM,512 GB SSD,6 GB NVIDIA GeForce RTX 3050,"15.6 inches, 1920 x 1080 pixels",Windows 11 OS,1 Year Warranty,Lenovo,8256.86,15.6,1920.0,1080.0,False
Lenovo LOQ 15IRX9 83DV00BEIN Gaming Laptop (14th Gen Core i7/ 16GB/ 1TB SSD/ Win11/ 8GB RTX 4060),4.35,14th Gen Intel Core i7 14700HX,"20 Cores (8P + 12E), 28 Threads",16 GB DDR5 RAM,1 TB SSD,8 GB NVIDIA GeForce RTX 4060,"15.6 inches, 1920 x 1080 pixels",Windows 11 OS,1 Year Warranty,Lenovo,12142.94,15.6,1920.0,1080.0,False
Asus ROG Strix SCAR 16 (2025) G635 Gaming Laptop (Intel Core Ultra 9 Processor 275HX/ 32GB/ 2TB SSD/ Win11 Home/ RTX5090 Graph),4.3,Intel Core Ultra 9 275HX,N/A,32 GB DDR5 RAM,2 TB SSD,24 GB NVIDIA GeForce RTX 5090,Windows 11 OS,1 Year Warranty,Backlit Keyboard,Asus,47519.89,16.0,,,False
Lenovo ThinkBook Plus Gen 6 Rollable Laptop (Intel Core Ultra 7/ 32GB/ 1TB SSD/Win11),4.1,Intel Core Ultra 7,N/A,32 GB LPDDR5x RAM,1 TB SSD,Intel Arc Xe 2,Windows 11 OS,1 Year Warranty,Backlit Keyboard,Lenovo,31678.94,11.0,,,False
HP 255 G10 B1FW9PT Laptop (AMD Ryzen 3 7320U/ 8GB/ 512GB SSD/ Win11),4.7,7th Gen AMD Ryzen 3 7320U,"Quad Core, 8 Threads",8 GB DDR4 RAM,512 GB SSD,AMD Radeon Graphics,"15.6 inches, 1366 x 768 pixels",Windows 11 OS,1 Year Warranty,HP,2724.48,15.6,1366.0,768.0,False
Apple MacBook Pro 14 2024 Laptop (Apple M4/ 16GB/ 512GB SSD/ macOS),4.15,Apple M4,10 Cores (4P + 6E),16 GB  RAM,512 GB SSD,10 Core GPU,"14.2 inches, 3024 x 1964 pixels",Mac OS,1 Year Warranty,Apple,17211.74,14.2,3024.0,1964.0,False
MSI Modern 15 H AI C1MG-050IN Laptop (Intel Core Ultra 5 125H/ 8GB/ 512GB SSD/ Win11 Home),4.0,Intel Core Ultra 5 Series 1 125H,"14 Cores (4P + 8E + 2LP-E), 18 Threads",8 GB DDR5 RAM,512 GB SSD,Intel Arc Graphics,"15.6 inches, 1920 x 1080 pixels",Windows 11 OS,1 Year Warranty,MSI,5100.48,15.6,1920.0,1080.0,False
Lenovo IdeaPad 5 14IRH9 83KX0019IN Laptop (13th Gen Core i7/ 16GB/ 512GB SSD/ Win11 Home),4.1,13th Gen Intel Core i7 13620H,"10 Cores (6P + 4E), 16 Threads",16 GB LPDDR5X RAM,512 GB SSD,Intel Integrated UHD,"14 inches, 1920 x 1200 pixels, Touch Screen",Windows 11 OS,1 Year Warranty,Lenovo,8943.26,14.0,1920.0,1200.0,True
Lenovo IdeaPad Slim 3 83ER00F2IN Laptop (12th Gen Core i5/ 8GB/ 512GB SSD/ Win11),4.7,12th Gen Intel Core i5 12450H,"Octa Core (4P + 4E), 12 Threads",8 GB LPDDR5 RAM,512 GB SSD,Integrated Intel UHD Graphics,"15.6 inches, 1920 x 1080 pixels",Windows 11 OS,1 Year Warranty,Lenovo,4952.53,15.6,1920.0,1080.0,False
HP Victus 15-fa1274TX Gaming Laptop (13th Gen Core i7/ 16GB/ 512GB SSD/ Win11/ 6GB Graph),4.7,13th Gen Intel Core i7 13620H,"10 Cores (6P + 4E), 16 Threads",16 GB DDR4 RAM,512 GB SSD,6 GB NVIDIA GeForce RTX 4050,"15.6 inches, 1920 x 1080 pixels",Windows 11 OS,1 Year Warranty,HP,8974.94,15.6,1920.0,1080.0,False
Acer Aspire 7 A715-79G UN.34NSI.002 Gaming Laptop (13th Gen Core i5/ 16GB/ 512GB SSD/ Win11/ 4GB Graph),4.45,13th Gen Intel Core i5 13420H,"Octa Core (4P + 4E), 12 Threads",16 GB DDR4 RAM,512 GB SSD,4 GB NVIDIA GeForce RTX 2050,"15.6 inches, 1920 x 1080 pixels",Windows 11 OS,1 Year Warranty,Acer,6546.14,15.6,1920.0,1080.0,False
Acer Nitro V ANV15-41 UN.QPFSI.002 Gaming Laptop (AMD Ryzen 5 7535HS/ 16GB/ 512GB SSD/ Win11/ 6GB RTX3050 Graph),4.7,7th Gen AMD Ryzen 5 7535HS,"Hexa Core, 12 Threads",16 GB DDR5 RAM,512 GB SSD,6 GB NVIDIA GeForce RTX 3050,"15.6 inches, 1920 x 1080 pixels",Windows 11 OS,1 Year Warranty,Acer,6651.74,15.6,1920.0,1080.0,False
Lenovo LOQ 2024 15IAX9 83GS00CKIN Gaming Laptop (12th Gen Core i5/ 24GB/ 512GB SSD/ Win11/ 4GB Graph),4.35,12th Gen Intel Core i5 12450HX,"Octa Core (4P + 4E), 12 Threads",24 GB DDR5 RAM,512 GB SSD,4 GB NVIDIA GeForce RTX 2050,"15.6 inches, 1920 x 1080 pixels",Windows 11 OS,1 Year Warranty,Lenovo,6672.86,15.6,1920.0,1080.0,False
Dell Vostro 3520 Laptop (12th Gen Core i3/ 8GB/ 512GB SSD/ Win11),4.05,12th Gen Intel Core i3 1215U,"Hexa Core (2P + 4E), 8 Threads",8 GB DDR4 RAM,512 GB SSD,Intel Graphics,"15.6 inches, 1920 x 1080 pixels",Windows 11 OS,1 Year Warranty,Dell,3694.94,15.6,1920.0,1080.0,False
Lenovo LOQ 15ARP9 83JC0046IN Gaming Laptop (AMD Ryzen 7 7435H/ 24GB/ 512GB SSD/ Win11/ 8GB RTX 4060 Graph),4.65,7th Gen AMD Ryzen 7 7435HS,"Octa Core, 16 Threads",24 GB DDR5 RAM,512 GB SSD,8 GB NVIDIA GeForce RTX 4060,"15.6 inches, 1920 x 1080 pixels",Windows 11 OS,1 Year Warranty,Lenovo,9629.66,15.6,1920.0,1080.0,False
HP 15-fd0316TU Laptop (13th Gen Core i5/ 16GB/ 512GB SSD/ Win11 Home),4.0,13th Gen Intel Core i5 1334U,"10 Cores (2P + 8E), 12 Threads",16 GB DDR4 RAM,512 GB SSD,Intel Iris Xe Graphics,"15.6 inches, 1920 x 1080 pixels",Windows 11 OS,1 Year Warranty,HP,5806.94,15.6,1920.0,1080.0,False
Lenovo LOQ 15ARP9 83JC0045IN Gaming Laptop (AMD Ryzen 7 7435H/ 24GB/ 512GB SSD/ Win11/ 6GB RTX 4050 Graph),4.15,7th Gen AMD Ryzen 7 7435HS,"Octa Core, 16 Threads",24 GB DDR5 RAM,512 GB SSD,6 GB NVIDIA GeForce RTX 4050,"15.6 inches, 1920 x 1080 pixels",Windows 11 OS,1 Year Warranty,Lenovo,8679.26,15.6,1920.0,1080.0,False
HP 15-fd0123TU Laptop (Intel Core i3 N305/ 8GB/ 512GB SSD/ Win11 Home),4.55,Intel Core i3 N305,"Octa Core, 8 Threads",8 GB DDR4 RAM,512 GB SSD,Intel Integrated UHD,"15.6 inches, 1920 x 1080 pixels",Windows 11 OS,1 Year Warranty,HP,3536.54,15.6,1920.0,1080.0,False
HP Victus 15-fa1276TX Gaming Laptop (13th Gen Core i7/ 16GB/ 512GB SSD/ Win11 Home/ 8GB Graph),4.65,13th Gen Intel Core i7 13620H,"10 Cores (6P + 4E), 16 Threads",16 GB DDR4 RAM,512 GB SSD,8 GB NVIDIA GeForce RTX 4060,"15.6 inches, 1920 x 1080 pixels",Windows 11 OS,1 Year Warranty,HP,9502.94,15.6,1920.0,1080.0,False
HP Chromebook 11MK G9 EE Touch Laptop (MediaTek MT8183/ 4GB/ 32GB eMMC/ Chrome OS),4.35,MediaTek Kompanio 500,Octa Core,4 GB LPDDR4X RAM,32 GB eMMC Storage,Arm Mali-G72 MP3,"11.6 inches, 1366 x 768 pixels, Touch Screen",Chrome OS,1 Year Warranty,HP,1160.54,11.6,1366.0,768.0,True
Acer Predator Helios Neo 16 PHN16-72 2024 Gaming Laptop (14th Gen Core i7/ 16GB/ 1TB SSD/ Win11/ 8GB Graph),4.0,14th Gen Intel Core i7 14700HX,"20 Cores (8P + 12E), 28 Threads",16 GB DDR5 RAM,1 TB SSD,8 GB NVIDIA GeForce RTX 4060,"16 inches, 2560 x 1600 pixels",Windows 11 OS,1 Year Warranty,Acer,14782.94,16.0,2560.0,1600.0,False
Dell Inspiron 3535 Laptop (AMD Ryzen R3-7320U/ 8GB/ 512GB SSD/ Win11),4.5,7th Gen AMD Ryzen 3 7320U,"Quad Core, 8 Threads",8 GB LPDDR5 RAM,512 GB SSD,AMD Radeon Graphics,"15.6 inches, 1920 x 1080 pixels",Windows 11 OS,1 Year Warranty,Dell,3166.94,15.6,1920.0,1080.0,False
HP Omen 16-xf0060AX Gaming Laptop (AMD Ryzen 7 7840HS/ 16GB/ 1TB SSD/ Win11/ 8GB Graph),4.7,7th Gen AMD Ryzen 7 7840HS,"Octa Core, 16 Threads",16 GB DDR5 RAM,1 TB SSD,8 GB NVIDIA GeForce RTX 4060,"16 inches, 1920 x 1080 pixels",Windows 11 OS,1 Year Warranty,HP,11773.34,16.0,1920.0,1080.0,False
Lenovo LOQ 15IRH8 82XV00F7IN 2023 Gaming Laptop (12th Gen Core i5/ 16GB/ 512GB SSD/ Win11/ 8GB Graph),4.0,12th Gen Intel Core i5 12450H,"Octa Core (4P + 4E), 12 Threads",16 GB DDR5 RAM,512 GB SSD,8 GB NVIDIA GeForce RTX 4060,"15.6 inches, 1920 x 1080 pixels",Windows 11 OS,1 Year Warranty,Lenovo,8784.86,15.6,1920.0,1080.0,False
Dell Inspiron 5630 Laptop (13th Gen Core i5/ 16GB/ 512GB SSD/ Win11),4.6,13th Gen Intel Core i5 1340P,"12 Cores (4P + 8E), 16 Threads",16 GB LPDDR5  RAM,512 GB SSD,Intel Iris Xe Graphics,"16 inches, 2560 x 1600 pixels",Windows 11 OS,1 Year Warranty,Dell,6704.54,16.0,2560.0,1600.0,False
Lenovo V14 G3 IAP Laptop (12th Gen Core i5/ 8GB/ 512GB SSD/ Win11),4.65,12th Gen Intel Core i5 1235U,"10 Cores (2P + 8E), 12 Threads",8 GB DDR4 RAM,512 GB SSD,Intel Integrated UHD,"14 inches, 1920 x 1080 pixels",Windows 11 OS,1 Year Warranty,Lenovo,3694.94,14.0,1920.0,1080.0,False
Acer One 14 Z8-415 Laptop (11th Gen Core i3 / 8GB/ 512GB SSD/ Win11 Home),4.05,11th Gen Intel Core i3 1115G4,"Dual Core, 4 Threads",8 GB DDR4 RAM,512 GB SSD,Intel Iris Xe Graphics,"14 inches, 1920 x 1080 pixels",Windows 11 OS,1 Year Warranty,Acer,3061.34,14.0,1920.0,1080.0,False
Acer Predator Helios Neo 16 PHN16-71 2023 Gaming Laptop (13th Gen Core i7/ 16GB/ 1TB SSD/ Win11/ 8GB Graph),4.25,13th Gen Intel Core i7 13700HX,"16 Cores (8P + 8E), 24 Threads",16 GB DDR5 RAM,1 TB SSD,8 GB NVIDIA GeForce RTX 4060,"16 inches, 2560 x 1600 pixels",Windows 11 OS,1 Year Warranty,Acer,16895.89,16.0,2560.0,1600.0,False
Asus Vivobook 15 2023 X1504VA-NJ324WS Laptop (13th Gen Core i3/ 8GB/ 512GB SSD/ Win11),4.25,13th Gen Intel Core i3 1315U,"Hexa Core (2P + 4E), 8 Threads",8 GB DDR4 RAM,512 GB SSD, Integrated Intel UHD Graphics,"15.6 inches, 1920 x 1080 pixels",Windows 11 OS,1 Year Warranty,Asus,4011.74,15.6,1920.0,1080.0,False
Apple MacBook Air 2022 Laptop (Apple M2/ 16GB/ 256GB SSD/ MacOS),4.15,Apple M2 Apple M2 Chip,Octa Core,16 GB Unified Memory RAM,256 GB SSD,10-Core GPU,"13.6 inches, 2560 x 1664 pixels",Mac OS,1 Year Warranty,Apple,9819.74,13.6,2560.0,1664.0,False
Dell Precision 5550 Laptop (10th Gen Core i7/ 16GB/ 512GB SSD/ Win10 Pro/ 4GB Graph),4.2,10th Gen Intel Core i7 10750H,"Hexa Core, 12 Threads",16 GB DDR4  RAM,512 GB SSD,4 GB NVIDIA ,"15.6 inches, 1920 x 1200 pixels",Windows 10 OS,Backlit Keyboard,Dell,19535.89,15.6,1920.0,1200.0,False
Asus Vivobook 16X K3605VC-RP413WS Laptop (13th Gen Core i5/ 16GB/ 512GB SSD/ Win11 Home/ 4GB Graph),4.55,13th Gen Intel Core i5 13420H,"Octa Core (4P + 4E), 12 Threads",16 GB DDR4 RAM,512 GB SSD,4 GB NVIDIA Geforce RTX 3050,"16 inches, 1920 x 1200 pixels",Windows 11 OS,1 Year Warranty,Asus,7918.94,16.0,1920.0,1200.0,False
Asus Vivobook Go 14 E1404FA-NK3321WS Laptop (AMD Ryzen 3 7320U/ 8GB/ 512GB SSD/ Win11 Home),4.35,7th Gen AMD Ryzen 3 7320U,"Quad Core, 8 Threads",8 GB LPDDR5 RAM,512 GB SSD,AMD Radeon AMD,"14 inches, 1920 x 1080 pixels",Windows 11 OS,1 Year Warranty,Asus,3589.34,14.0,1920.0,1080.0,False
Asus Vivobook 15 X1504VA-NJ2325WS Laptop (13th Gen Core i3/ 16GB/ 512GB SSD/ Win11),4.3,13th Gen Intel Core i3 1315U,"Hexa Core (2P + 4E), 8 Threads",16 GB  RAM,512 GB SSD,Integrated Intel UHD Graphics,"15.6 inches, 1920 x 1080 pixels",Windows 11 OS,1 Year Warranty,Asus,4434.14,15.6,1920.0,1080.0,False
Asus Vivobook 16 X1605VA-MB5555WS Laptop (13th Gen Core i5/ 16GB/ 512GB SSD/ Win11 Home),4.05,13th Gen Intel Core i5 13500H,"12 Cores (4P + 8E), 16 Threads",16 GB  RAM,512 GB SSD,Integrated Intel Iris Xe Graphics,"16 inches, 1920 x 1200 pixels",Windows 11 OS,1 Year Warranty,Asus,6651.74,16.0,1920.0,1200.0,False
HP Victus 15-fb3003AX Gaming Laptop (AMD Ryzen 5 8645HS/ 16GB/ 512GB SSD/ Win11/ 4GB Graph),4.1,8th Gen AMD Ryzen 5 8645HS,"Hexa Core, 12 Threads",16 GB DDR5 RAM,512 GB SSD,4 GB NVIDIA GeForce RTX 2050,"15.6 inches, 1920 x 1080 pixels",Windows 11 OS,1 Year Warranty,HP,6862.94,15.6,1920.0,1080.0,False
MSI Titan 18 HX AI A2XWIG Gaming Laptop (Intel Core Ultra 9-285HX/ 96GB/ 4TB SSD/ Win11 Pro/ 16GB Graphics RTX 5080),4.55,Intel Core Ultra 9 285HX,"24 Cores (8P + 16E), 24 Threads",96 GB DDR5 RAM,4 TB SSD,16 GB NVIDIA GeForce RTX 5080,"18 inches, 3840 x 2400 pixels",Windows 11 OS,3 Year Warranty,MSI,52799.89,18.0,3840.0,2400.0,False
Asus Vivobook 15 X1504VA-NJ2325WS Laptop (13th Gen Core i3/ 16GB/ 512GB SSD/ Win11),4.3,13th Gen Intel Core i3 1315U,"Hexa Core (2P + 4E), 8 Threads",16 GB  RAM,512 GB SSD,Integrated Intel UHD Graphics,"15.6 inches, 1920 x 1080 pixels",Windows 11 OS,1 Year Warranty,Asus,4434.14,15.6,1920.0,1080.0,False
Asus Vivobook 16 X1605VA-MB5555WS Laptop (13th Gen Core i5/ 16GB/ 512GB SSD/ Win11 Home),4.05,13th Gen Intel Core i5 13500H,"12 Cores (4P + 8E), 16 Threads",16 GB  RAM,512 GB SSD,Integrated Intel Iris Xe Graphics,"16 inches, 1920 x 1200 pixels",Windows 11 OS,1 Year Warranty,Asus,6651.74,16.0,1920.0,1200.0,False
HP Victus 15-fb3003AX Gaming Laptop (AMD Ryzen 5 8645HS/ 16GB/ 512GB SSD/ Win11/ 4GB Graph),4.1,8th Gen AMD Ryzen 5 8645HS,"Hexa Core, 12 Threads",16 GB DDR5 RAM,512 GB SSD,4 GB NVIDIA GeForce RTX 2050,"15.6 inches, 1920 x 1080 pixels",Windows 11 OS,1 Year Warranty,HP,6862.94,15.6,1920.0,1080.0,False
HP Victus 15-FA1414TX Gaming Laptop (12th Gen Core i7/ 16GB/ 1TB SSD/ Win11 Home/ RTX 3050A),4.65,12th Gen Intel Core i7 12650H,"10 Cores (6P + 4E), 16 Threads",16 GB DDR4 RAM,1 TB SSD,4 GB NVIDIA GeForce RTX 3050A,"15.6 inches, 1920 x 1080 pixels",Windows 11 OS,1 Year Warranty,HP,8658.14,15.6,1920.0,1080.0,False
Dell 3530 15 Inspiron  Laptop (13th Gen Core i7/ 16GB/ 512GB SSD/ Win11 Home),4.3,13th Gen Intel Core i7 1355U,"10 Cores (2P + 8E), 12 Threads",16 GB DDR4 RAM,512 GB SSD,Intel UHD Graphics,"15.6 inches, 1920 x 1080 pixels",Windows 11 OS,1 Year Warranty,Dell,7443.74,15.6,1920.0,1080.0,False
Lenovo IdeaPad Slim 5 13ARP10 83J2000HIN Laptop (AMD Ryzen 7 7735HS/ 16GB/ 512GB SSD/ Win11),4.4,7th Gen AMD Ryzen 7 7735HS,"Octa Core, 16 Threads",16 GB LPDDR5X RAM,512 GB SSD,AMD Radeon 680M,"13.3 inches, 1920 x 1200 pixels",Windows 11 OS,1 Year Warranty,Lenovo,6567.26,13.3,1920.0,1200.0,False
HP Victus 15-FA1415TX  Gaming Laptop (12th Gen Core i7/ 16GB/ 512GB SSD/ Win11 Home/ RTX 3050A),4.3,12th Gen Intel Core i7 12650H,"10 Cores (6P + 4E), 16 Threads",16 GB DDR4 RAM,512 GB SSD,4 GB NVIDIA GeForce RTX 3050A,"15.6 inches, 1920 x 1080 pixels",Windows 11 OS,1 Year Warranty,HP,8077.34,15.6,1920.0,1080.0,False
Lenovo ThinkPad E14 21JRS0JH00 Laptop (AMD Ryzen 5 7530U/ 8GB/ 512GB SSD/ Win11 Home),4.55,7th Gen AMD Ryzen 5 7530U,"Hexa Core, 12 Threads",8 GB DDR4 RAM,512 GB SSD,AMD Radeon Graphics,"14 inches, 1920 x 1200 pixels",Windows 11 OS,1 Year Warranty,Lenovo,5173.34,14.0,1920.0,1200.0,False
Asus Gaming V16 2025 V3607VU-RP550WS Laptop (Intel Core 5 210H/ 16GB/ 512GB SSD/ Win11/ 6GB Graph),4.25,5th Gen Intel Core 5 210H,"Octa Core (4P + 4E), 12 Threads",16 GB DDR5 RAM,512 GB SSD,6 GB NVIDIA GeForce RTX 4050,"16 inches, 1920 x 1200 pixels",Windows 11 OS,1 Year Warranty,Asus,8869.34,16.0,1920.0,1200.0,False
Asus Gaming V16 V3607VU-RP275WS Laptop ( Intel Core 7 240H/ 16GB/ 512GB SSD/ Win11 / 6GB Graph),4.45,7th Gen Intel Core 7 240H,"10 Cores (6P + 4E), 16 Threads",16 GB DDR5 RAM,512 GB SSD,6 GB NVIDIA GeForce RTX 4050,"16 inches, 1920 x 1200 pixels",Windows 11 OS,1 Year Warranty,Asus,9925.34,16.0,1920.0,1200.0,False
Asus Zenbook 14 OLED 2025 UX3405CA-PZ163WS Laptop (Intel Core Ultra 7 255H/ 32GB/ 1TB SSD/ Win11 Home),4.75,Intel Core Ultra 7 255H,"16 Cores (6P + 8E + 2LP-E), 16 Threads",32 GB LPDDR5X RAM,1 TB SSD,Intel Integrated Arc,"14 inches, 2880 x 1800 pixels, Touch Screen",Windows 11 OS,1 Year Warranty,Asus,13515.74,14.0,2880.0,1800.0,True
HP Victus 15-fb3009AX Gaming Laptop (AMD Ryzen 5 8645HS/ 16GB/ 512GB SSD/ Win11/ 6GB Graph),4.35,8th Gen AMD Ryzen 5 8645HS,"Hexa Core, 12 Threads",16 GB DDR5 RAM,512 GB SSD,6 GB NVIDIA GeForce RTX 3050,"15.6 inches, 1920 x 1080 pixels",Windows 11 OS,1 Year Warranty,HP,7918.94,15.6,1920.0,1080.0,False
Asus Vivobook 15 X1502VA-BQ836WS Laptop (13th Gen Core i5/ 16GB/ 512GB SSD/ Win11),4.35,13th Gen Intel Core i5 13420H,"Octa Core (4P + 4E), 12 Threads",16 GB  RAM,512 GB SSD,Integrated Intel iris Xe Graphics,"15.6 inches, 1920 x 1080 pixels",Windows 11 OS,1 Year Warranty,Asus,6018.14,15.6,1920.0,1080.0,False
Asus Vivobook 16X K3605ZF-RP458WS Laptop (12th Gen Core i5/ 16GB/ 512GB SSD/ Win11/ 4GB RTX2050),4.4,12th Gen Intel Core i5 12500H,"12 Cores (4P + 8E), 16 Threads",16 GB DDR4 RAM,512 GB SSD,4 GB NVIDIA GeForce RTX 2050,"16 inches, 1920 x 1200 pixels",Windows 11 OS,1 Year Warranty,Asus,6383.63,16.0,1920.0,1200.0,False
MSI Modern 14 C12MO-1248IN Laptop (12th Gen Core i3/ 16GB/ 512GB SSD/ Win11 Home),4.45,12th Gen Intel Core i3 1215U,"Hexa Core (2P + 4E), 8 Threads",16 GB DDR4 RAM,512 GB SSD,Intel Graphics,"14 inches, 1920 x 1080 pixels",Windows 11 OS,1 Year Warranty,MSI,3800.54,14.0,1920.0,1080.0,False
HP 255 G9 9H237PT Laptop (AMD Ryzen 3 3250U/ 8 GB RAM/ 512 GB SSD/ FreeDOS),4.35,3rd Gen AMD Ryzen 3 3250U,"Dual Core, 4 Threads",8 GB DDR4 RAM,512 GB SSD,AMD Radeon Graphics,"15.6 inches, 1366 x 768 pixels",DOS OS,1 Year Warranty,HP,2533.34,15.6,1366.0,768.0,False
Acer Aspire 3 A325-42 UN.34QSI.00F Laptop (AMD Ryzen 3 7330U/ 16GB/ 512GB SSD/ Win11),4.2,7th Gen AMD Ryzen 3 7330U,"Quad Core, 8 Threads",16 GB LPDDR4X RAM,512 GB SSD,Intel UHD,"15.8 inches, 1920 x 1080 pixels",Windows 11 OS,1 Year Warranty,Acer,3378.14,15.8,1920.0,1080.0,False
Asus ROG Strix SCAR 16 (2025) G635 Gaming Laptop (Intel Core Ultra 9 Processor 275HX/ 32GB/ 2TB SSD/ Win11 Home/ RTX5070 Graph),4.5,Intel Core Ultra 9 275HX,N/A,32 GB DDR5 RAM,2 TB SSD,12 GB NVIDIA GeForce RTX 5070 Ti,Windows 11 OS,1 Year Warranty,Backlit Keyboard,Asus,42239.89,16.0,,,False
HP 250R G9 B10MTAT Laptop (13th Gen Core i3/ 8GB/ 512GB SSD/ Dos),4.2,13th Gen Intel Core i3 1315U,"Hexa Core (2P + 4E), 8 Threads",8 GB DDR4 RAM,512 GB SSD,Intel Integrated UHD Graphics,"15.6 inches, 1366 x 768 pixels",DOS OS,1 Year Warranty,HP,3378.14,15.6,1366.0,768.0,False
MSI Crosshair 16 HX D14VFKG-452IN Gaming Laptop (14th Gen Core i7/ 16GB/ 1TB SSD/ Win11/ 8GB RTX4060),4.6,14th Gen Intel Core i7 14650HX,"16 Cores (8P + 8E), 24 Threads",16 GB DDR5 RAM,1 TB SSD,8 GB NVIDIA GeForce RTX 4060,"16 inches, 2560 x 1440 pixels",Windows 11 OS,2 Year Warranty,MSI,13726.94,16.0,2560.0,1440.0,False
Asus Vivobook 15 X1504ZA-NJ527WS Laptop (12th Gen Core i5/ 8GB/ 512GB SSD/ Win11),4.25,12th Gen Intel Core i5 1235U,"10 Cores (2P + 8E), 12 Threads",8 GB DDR4 RAM,512 GB SSD,Intel Integrated Iris Xe,"15.6 inches, 1920 x 1080 pixels",Windows 11 OS,1 Year Warranty,Asus,4645.34,15.6,1920.0,1080.0,False
HP 15-fd0063TU Laptop (12th Gen Core i3/ 8 GB/ 512GB SSD/ Win11 Home),4.4,12th Gen Intel Core i3 1215U,"Hexa Core (2P + 4E), 8 Threads",8 GB  RAM,512 GB SSD,Intel Integrated Graphics,"15.6 inches, 1920 x 1080 pixels",Windows 11 OS,1 Year Warranty,HP,3779.42,15.6,1920.0,1080.0,False
Asus Vivobook 16X K3605ZC-RP587WS Laptop (12th Gen Core i5/ 16GB/ 512GB SSD/ Win11/ 4GB Graph),4.5,12th Gen Intel Core i5 12500H,"12 Cores (4P + 8E), 16 Threads",16 GB DDR4 RAM,512 GB SSD,4 GB NVIDIA GeForce RTX 3050,"16 inches, 1920 x 1200 pixels",Windows 11 OS,1 Year Warranty,Asus,7390.94,16.0,1920.0,1200.0,False
Asus Vivobook 16X K3605ZF-RP258WS Laptop (12th Gen Core i5/ 16GB/ 512GB SSD/ Win11/ 4GB Graph),4.05,12th Gen Intel Core i5 12500H,"12 Cores (4P + 8E), 16 Threads",16 GB DDR4 RAM,512 GB SSD,4 GB NVIDIA GeForce RTX 2050,"16 inches, 1920 x 1200 pixels",Windows 11 OS,1 Year Warranty,Asus,6387.74,16.0,1920.0,1200.0,False
MSI Creator M16 HX C14VFG-618IN Laptop (14th Gen Core i7/ 32GB/ 1TB SSD/ Win11/ 8GB RTX4060),4.25,14th Gen Intel Core i7 14700HX,"20 Cores (8P + 12E), 28 Threads",32 GB DDR5 RAM,1 TB SSD,8 GB NVIDIA GeForce RTX 4060,"16 inches, 2560 x 1600 pixels",Windows 11 OS,2 Year Warranty,MSI,15838.94,16.0,2560.0,1600.0,False
Asus TUF Gaming FA401WV-RG037WS Laptop (AMD Ryzen 9 AI HX 370/ 32GB/ 2TB SSD/ Win11/ 8GB Graph),4.0,AMD Ryzen AI 9 HX 370,"12 Cores (4P + 8E), 24 Threads",32 GB LPDDR5X RAM,2 TB SSD,8 GB NVIDIA GeForce RTX 4060,"14 inches, 2560 x 1600 pixels",Windows 11 OS,1 Year Warranty,Asus,15258.25,14.0,2560.0,1600.0,False
HP 15-fd0070TU Laptop (12th Gen Core i5/ 8GB/ 512GB SSD/ Win11 Home),4.3,12th Gen Intel Core i5 1235U,"10 Cores (2P + 8E), 12 Threads",8 GB  RAM,512 GB SSD,Intel Integrated Graphics,"15.6 inches, 1920 x 1080 pixels",Windows 11 OS,1 Year Warranty,HP,4803.74,15.6,1920.0,1080.0,False
HP Victus 15-FA1400TX Gaming Laptop (12th Gen Core i5/ 16GB/ 512GB SSD/ Win11 Home/ RTX 3050A),4.7,12th Gen Intel Core i5 12450H,"Octa Core (4P + 4E), 12 Threads",16 GB DDR4 RAM,512 GB SSD,4 GB NVIDIA GeForce RTX 3050A,"15.6 inches, 1920 x 1080 pixels",Windows 11 OS,1 Year Warranty,HP,6757.34,15.6,1920.0,1080.0,False
HP Victus 16-R0327TX Gaming Laptop (13th Gen Core i5/ 16GB/ 512GB SSD/ Win11 Home/ 6GB Graph),4.7,13th Gen Intel Core i5 13500HX,"14 Cores (6P + 8E), 20 Threads",16 GB DDR5 RAM,512 GB SSD,6 GB NVIDIA GeForce RTX 3050,"16.1 inches, 1920 x 1080 pixels",Windows 11 OS,1 Year Warranty,HP,7707.74,16.1,1920.0,1080.0,False
HP Victus 15-FA1313TX Gaming Laptop (12th Gen Core i5/ 16GB/ 512GB SSD/ Win11 Home/ RTX 2050),4.0,12th Gen Intel Core i5 12450H,"Octa Core (4P + 4E), 12 Threads",16 GB DDR4 RAM,512 GB SSD,4 GB NVIDIA GeForce RTX 2050,"15.6 inches, 1920 x 1080 pixels",Windows 11 OS,1 Year Warranty,HP,6440.54,15.6,1920.0,1080.0,False
HP 15-fd0111TU Laptop (12th Gen Core i5/ 16GB/ 512GB SSD/ Win11 Home),4.2,12th Gen Intel Core i5 1235U,"10 Cores (2P + 8E), 12 Threads",16 GB DDR4 RAM,512 GB SSD,Intel Integrated Iris Xe,"15.6 inches, 1920 x 1080 pixels",Windows 11 OS,1 Year Warranty,HP,5174.29,15.6,1920.0,1080.0,False
Lenovo LOQ 2024 15IAX9 83GS00CKIN Gaming Laptop (12th Gen Core i5/ 24GB/ 512GB SSD/ Win11/ 4GB Graph),4.35,12th Gen Intel Core i5 12450HX,"Octa Core (4P + 4E), 12 Threads",24 GB DDR5 RAM,512 GB SSD,4 GB NVIDIA GeForce RTX 2050,"15.6 inches, 1920 x 1080 pixels",Windows 11 OS,1 Year Warranty,Lenovo,6651.74,15.6,1920.0,1080.0,False
Asus TUF Gaming A15 FA566NCR-HN075W Laptop (AMD Ryzen 7 7435HS/ 16GB / 512GB SSD/ Win11 Home / 4GB Graph),4.15,7th Gen AMD Ryzen 7 7435HS,"Octa Core, 16 Threads",16 GB DDR5 RAM,512 GB SSD,4 GB NVIDIA GeForce RTX 3050,"15.6 inches, 1920 x 1080 pixels",Windows 11 OS,1 Year Warranty,Asus,6862.94,15.6,1920.0,1080.0,False
Asus TUF Gaming A15 FA566NFR-HN260W Laptop (AMD Ryzen 7 7435HS/ 8GB / 512GB SSD/ Win11 Home / 4GB Graph),4.1,7th Gen AMD Ryzen 7 7435HS,"Octa Core, 16 Threads",8 GB DDR5 RAM,512 GB SSD,4 GB NVIDIA GeForce RTX 2050,"15.6 inches, 1920 x 1080 pixels",Windows 11 OS,1 Year Warranty,Asus,7496.54,15.6,1920.0,1080.0,False
HP Victus 15-fa0333TX Gaming Laptop (12th Gen Core i5/ 16GB/ 512GB SSD/ Win11/ 4GB RTX 3050),4.2,12th Gen Intel Core i5 12450H,"Octa Core (4P + 4E), 12 Threads",16 GB DDR4 RAM,512 GB SSD,4 GB NVIDIA GeForce RTX 3050,"15.6 inches, 1920 x 1080 pixels",Windows 11 OS,1 Year Warranty,HP,7159.68,15.6,1920.0,1080.0,False
Asus TUF Gaming A15 FA566NC-HN083WS Laptop (AMD Ryzen 5 7535HS/ 16GB / 512GB SSD/ Win11 Home / 4GB Graph),4.4,7th Gen AMD Ryzen 5 7535HS,"Hexa Core, 12 Threads",16 GB DDR5 RAM,512 GB SSD,4 GB NVIDIA GeForce RTX 3050,"15.6 inches, 1920 x 1080 pixels",Windows 11 OS,1 Year Warranty,Asus,6546.14,15.6,1920.0,1080.0,False
MSI Katana A17 AI B8VE-884IN Gaming Laptop (AMD Ryzen 9 8945HS/ 16GB/ 1TB SSD/ Win11 Home/ 6GB Graph),4.65,8th Gen AMD Ryzen 9 8945HS,"Octa Core, 16 Threads",16 GB DDR5 RAM,1 TB SSD,6 GB NVIDIA GeForce RTX 4050,"17.3 inches, 1920 x 1080 pixels",Windows 11 OS,2 Year Warranty,MSI,10780.7,17.3,1920.0,1080.0,False
Acer Swift Go 14 SFG14-71 NX.KF1SI.007 Laptop (13th Gen Core i7/ 16GB/ 1TB SSD/ Win11 Home),4.0,13th Gen Intel Core i7 13700H,"14 Cores (6P + 8E), 20 Threads",16 GB LPDDR5 RAM,1 TB SSD,Intel Integrated Iris Xe,"14 inches, 2880 x 1800 pixels",Windows 11 OS,1 Year Warranty,Acer,7390.94,14.0,2880.0,1800.0,False
HP 15-fd0123TU Laptop (Intel Core i3 N305/ 8GB/ 512GB SSD/ Win11 Home),4.55,Intel Core i3 N305,"Octa Core, 8 Threads",8 GB DDR4 RAM,512 GB SSD,Intel Integrated UHD,"15.6 inches, 1920 x 1080 pixels",Windows 11 OS,1 Year Warranty,HP,3536.54,15.6,1920.0,1080.0,False
Asus Vivobook 15 X1504VA-NJ540WS Laptop (13th Gen Core i5/ 16GB/ 512GB SSD/ Win11),4.6,13th Gen Intel Core i5 1335U,"10 Cores (2P + 8E), 12 Threads",16 GB DDR4 RAM,512 GB SSD,Integrated Intel Iris Xe Graphics,"15.6 inches, 1920 x 1080 pixels",Windows 11 OS,1 Year Warranty,Asus,5384.54,15.6,1920.0,1080.0,False
HP Victus 15-fa1333TX Gaming Laptop (13th Gen Core i7/ 16GB/ 1TB SSD/ Win11 Home/ 8GB Graphics RTX 4060),4.05,13th Gen Intel Core i7 13620H,"10 Cores (6P + 4E), 16 Threads",16 GB DDR4 RAM,1 TB SSD,8 GB NVIDIA GeForce RTX 4060,"15.6 inches, 1920 x 1080 pixels",Windows 11 OS,1 Year Warranty,HP,10030.94,15.6,1920.0,1080.0,False
Acer Aspire 3 A324-51 UN.343SI.00A Laptop (12th Gen Core i7/ 16GB/ 1TB SSD/ Win11),4.2,12th Gen Intel Core i7 1255U,"10 Cores (2P + 8E), 12 Threads",16 GB  RAM,1 TB SSD,Intel Integrated Iris Xe,"14 inches, 1920 x 1080 pixels",Windows 11 OS,1 Year Warranty,Acer,5912.54,14.0,1920.0,1080.0,False
MSI Modern 15 H AI C1MG-049IN Laptop (Intel Core Ultra 5 125H/ 16GB/ 512GB SSD/ Win11 Home),4.65,Intel Core Ultra 5 Series 1 125H,"14 Cores (4P + 8E + 2LP-E), 18 Threads",16 GB DDR5 RAM,512 GB SSD,Intel Arc Graphics,"15.6 inches, 1920 x 1080 pixels",Windows 11 OS,1 Year Warranty,MSI,5533.44,15.6,1920.0,1080.0,False
Lenovo Legion 7 16IRX9 83FD000XIN Gaming Laptop (14th Gen Core i9/ 32GB/ 1TB SSD/ Win11/ 8GB RTX 4070 Graph),4.7,14th Gen Intel Core i9 14900HX,"24 Cores (8P + 16E), 32 Threads",32 GB DDR5 RAM,1 TB SSD,8 GB NVIDIA GeForce RTX 4070,"16 inches, 3200 x 2000 pixels",Windows 11 OS,1 Year Warranty,Lenovo,22143.26,16.0,3200.0,2000.0,False
MSI Modern 14 C12MO-1203IN Laptop (12th Gen Core i5/ 16GB/ 512GB SSD/ Win11 Home),4.65,12th Gen Intel Core i5 1235U,"10 Cores (2P + 8E), 12 Threads",16 GB DDR4 RAM,512 GB SSD,Intel Integrated UHD,"14 inches, 1920 x 1080 pixels",Windows 11 OS,1 Year Warranty,MSI,4539.74,14.0,1920.0,1080.0,False
HP 15s-fy5009TU Laptop (12th Gen Core i5/ 16GB/ 512GB SSD/ Win11 Home),4.0,12th Gen Intel Core i5 1235U,"10 Cores (2P + 8E), 12 Threads",16 GB DDR4 RAM,512 GB SSD,Intel Integrated UHD,"15.6 inches, 1920 x 1080 pixels",Windows 11 OS,1 Year Warranty,HP,5227.2,15.6,1920.0,1080.0,False
Acer Chromebook Plus 515 CB515-2H NX.KNUSI.002 Laptop (13th Gen Core i3 1315U/ 8GB/ 256GB SSD/ Chrome OS),4.05,13th Gen Intel Core i3 1315U,"Hexa Core (2P + 4E), 8 Threads",8 GB  RAM,256 GB SSD,Intel Integarted Graphics,"15.6 inches, 1920 x 1080 pixels",Chrome OS,1 Year Warranty,Acer,2427.74,15.6,1920.0,1080.0,False
Acer Chromebook Plus 514 CB514-4H NX.KUTSI.002 Laptop (Intel Core i3-N305/ 8GB/ 256GB SSD/ Chrome OS),4.0,Intel Core i3 N305,"Octa Core, 8 Threads",8 GB  RAM,256 GB SSD,Intel Integarted Graphics,"14 inches, 1920 x 1080 pixels",Chrome OS,1 Year Warranty,Acer,2005.34,14.0,1920.0,1080.0,False
Asus ROG Strix G16 G614JI-BG711WS Gaming Laptop (13th Gen Core i7/ 16GB/ 1TB SSD/ Win11/ 8GB Graph),4.55,13th Gen Intel Core i7 13650HX,14 Cores (6P + 8E),16 GB DDR5 RAM,1 TB SSD,8 GB NVIDIA GeForce RTX 4070,"16 inches, 1920 x 1200 pixels",Windows 11 OS,1 Year Warranty,Asus,15838.94,16.0,1920.0,1200.0,False
Lenovo LOQ 83DV007GIN Gaming Laptop (13th Gen Core i5/ 16GB/ 512GB SSD/ Win11/ 6GB RTX 4050 Graph),4.15,13th Gen Intel Core i5 13450HX,"10 Cores (6P + 4E), 16 Threads",16 GB DDR5 RAM,512 GB SSD,6 GB NVIDIA GeForce RTX 4050,"15.6 inches, 1920 x 1080 pixels",Windows 11 OS,1 Year Warranty,Lenovo,9207.26,15.6,1920.0,1080.0,False
HP Victus 15-fa1312TX Gaming Laptop (12th Gen Core i5/ 8GB/ 512GB SSD/ Win11/ 4GB RTX 2050),4.05,12th Gen Intel Core i5 12450H,"Octa Core (4P + 4E), 12 Threads",8 GB DDR4 RAM,512 GB SSD,4 GB NVIDIA GeForce RTX 2050,"15.6 inches, 1920 x 1080 pixels",Windows 11 OS,1 Year Warranty,HP,6810.14,15.6,1920.0,1080.0,False
Asus TUF Gaming F15 FX507VV-LP287W Gaming Laptop (13th Gen Core i7/ 16GB/512GB SSD/ Win11 Home/ 8GB Graph),4.05,13th Gen Intel Core i7 13620H,"10 Cores (6P + 4E), 16 Threads",16 GB DDR5 RAM,512 GB SSD,8 GB NVIDIA GeForce RTX 4060,"15.6 inches, 1920 x 1080 pixels",Windows 11 OS,1 Year Warranty,Asus,11086.94,15.6,1920.0,1080.0,False
Lenovo LOQ 15IRX9 83DV00BHIN Gaming Laptop (13th Gen Core i5/ 16GB/ 512GB SSD/ Win11/ 6GB RTX3050),4.05,13th Gen Intel Core i5 13450HX,"10 Cores (6P + 4E), 16 Threads",16 GB DDR5 RAM,512 GB SSD,6 GB NVIDIA GeForce RTX 3050,"15.6 inches, 1920 x 1080 pixels",Windows 11 OS,1 Year Warranty,Lenovo,7707.74,15.6,1920.0,1080.0,False
Dell Inspiron 3530 OIN353034071RINS1M Laptop (13th Gen Core i5/ 16GB/ 512GB SSD/ Win11 Home),4.05,13th Gen Intel Core i5 1334U,"10 Cores (2P + 8E), 12 Threads",16 GB DDR4 RAM,512 GB SSD,Intel Integrated Integrated,"15.6 inches, 1920 x 1080 pixels",Windows 11 OS,1 Year Warranty,Dell,5163.73,15.6,1920.0,1080.0,False
HP Victus 15-fa1226TX Gaming Laptop (12th Gen Core i5/ 8GB/ 512GB SSD/ Win11/ 4GB RTX 2050),4.15,12th Gen Intel Core i5 12450H,"Octa Core (4P + 4E), 12 Threads",8 GB DDR4 RAM,512 GB SSD,4 GB NVIDIA GeForce RTX 2050,"15.6 inches, 1920 x 1080 pixels",Windows 11 OS,1 Year Warranty,HP,5965.34,15.6,1920.0,1080.0,False
HP 15-fd0186TU Laptop (13th Gen Core i3/ 8GB/ 512GB SSD/ Win11 Home),4.1,13th Gen Intel Core i3 1315U,"Hexa Core (2P + 4E), 8 Threads",8 GB DDR4 RAM,512 GB SSD,Intel Integrated UHD,"15.6 inches, 1920 x 1080 pixels",Windows 11 OS,1 Year Warranty,HP,4117.87,15.6,1920.0,1080.0,False
Dell G15 5530 Gaming Laptop (13th Gen Core i7/ 16GB/ 1TB SSD/ Win11/ RTX 4060 8GB Graph),4.55,13th Gen Intel Core i7 13650HX,14 Cores (6P + 8E),16 GB DDR5 RAM,1 TB SSD,8 GB NVIDIA GeForce RTX 4060,"15.6 inches, 1920 x 1080 pixels",Windows 11 OS,1 Year Warranty,Dell,12565.34,15.6,1920.0,1080.0,False
MSI Pulse 16 AI C1VFKG-030IN Gaming Laptop (Intel Core Ultra 7 155H/ 16GB/ 1TB SSD/ Win11/ 8GB Graph),4.55,Intel Core Ultra 7 155H,"16 Cores (6P + 8E + 2LP-E), 22 Threads",16 GB DDR5 RAM,1 TB SSD,8 GB NVIDIA GeForce RTX 4060,"16 inches, 2560 x 1600 pixels",Windows 11 OS,2 Year Warranty,MSI,14994.14,16.0,2560.0,1600.0,False
Acer Nitro V ANV15-41 NH.QPFSI.003 Gaming Laptop (AMD Ryzen 7 7735HS/ 16GB/ 512GB SSD/ Win11/ 6GB RTX3050 Graph),4.25,7th Gen AMD Ryzen 7 7735HS,"Octa Core, 16 Threads",16 GB DDR5 RAM,512 GB SSD,6 GB NVIDIA GeForce RTX 3050,"15.6 inches, 1920 x 1080 pixels",Windows 11 OS,1 Year Warranty,Acer,7602.14,15.6,1920.0,1080.0,False
Samsung Galaxy Book 4 NP750XGJ-KG3IN Laptop (Intel Core i7 1355U/ 16GB/ 512GB SSD/ Win11),4.6,13th Gen Intel Core i7 1355U,"10 Cores (2P + 8E), 12 Threads",16 GB LPDDR4x RAM,512 GB SSD,Intel Iris Xe Graphics,"15.6 inches, 1920 x 1080 pixels",Windows 11 OS,1 Year Warranty,Samsung,7160.74,15.6,1920.0,1080.0,False
MSI Raider GE68HX 14VIG-469IN Gaming Laptop (14th Gen Core i9/ 32GB/ 1TB SSD/ Win11/ 16GB Graph),4.3,14th Gen Intel Core i9 14900HX,"24 Cores (8P + 16E), 32 Threads",32 GB DDR5 RAM,1 TB SSD,16 GB NVIDIA GeForce RTX 4090,"16 inches, 2560 x 1600 pixels",Windows 11 OS,2 Year Warranty,MSI,30622.94,16.0,2560.0,1600.0,False
Lenovo IdeaPad Pro 5 83D2001GIN Gaming Laptop (Intel Core Ultra 9 185H/ 32GB/ 1TB SSD/ Win11),4.0,Intel Core Ultra 9 Series 1 185H,"16 Cores (6P + 8E + 2LP-E), 22 Threads",32 GB LPDDR5X RAM,1 TB SSD,Integrated Intel Arc Graphics,"14 inches, 2880 x 1800 pixels",Windows 11 OS,1 Year Warranty,Lenovo,11086.94,14.0,2880.0,1800.0,False
MSI Crosshair 16 HX D14VGKG-205IN Gaming Laptop (14th Gen Core i7/ 32GB/ 1TB SSD/ Win11 Home/ 8GB RTX4070),4.5,14th Gen Intel Core i7 14700HX,"20 Cores (8P + 12E), 28 Threads",32 GB DDR5 RAM,1 TB SSD,8 GB NVIDIA GeForce RTX 4070,"16 inches, 2560 x 1440 pixels",Windows 11 OS,2 Year Warranty,MSI,17950.94,16.0,2560.0,1440.0,False
Dell G15-5530 15.6 Gaming Laptop (13th Gen Core i5/ 8GB/ 512GB SSD/ Win11/ 6GB Graph),4.7,13th Gen Intel Core i5 13450HX,"10 Cores (6P + 4E), 16 Threads",8 GB DDR5 RAM,512 GB SSD,6 GB NVIDIA GeForce RTX 3050,"15.6 inches, 1920 x 1080 pixels",Windows 11 OS,1 Year Warranty,Dell,7338.14,15.6,1920.0,1080.0,False
Acer Predator Helios 16 PH16-72 NH.QNZSI.002 Gaming Laptop (14th Gen Core i9/ 32GB/ 1TB SSD/ Win11/ 12GB Graph),4.6,14th Gen Intel Core i9 14900HX,"24 Cores (8P + 16E), 32 Threads",32 GB DDR5 RAM,1 TB SSD,12 GB NVIDIA GeForce RTX 4080,"16 inches, 2560 x 1600 pixels",Windows 11 OS,1 Year Warranty,Acer,25870.94,16.0,2560.0,1600.0,False
Acer Predator Helios Neo 16 PHN16-72 Gaming Laptop (14th Gen Core i9/ 16GB/ 1TB SSD/ Win11/ 8GB Graph),4.05,14th Gen Intel Core i9 14900HX,"24 Cores (8P + 16E), 32 Threads",16 GB DDR5 RAM,1 TB SSD,8 GB NVIDIA GeForce RTX 4070,"16 inches, 2560 x 1600 pixels",Windows 11 OS,1 Year Warranty,Acer,18152.64,16.0,2560.0,1600.0,False
Acer Predator Helios Neo 16 PHN16-72 2024 Gaming Laptop (14th Gen Core i7/ 16GB/ 1TB SSD/ Win11/ 8GB Graph),4.0,14th Gen Intel Core i7 14700HX,"20 Cores (8P + 12E), 28 Threads",16 GB DDR5 RAM,1 TB SSD,8 GB NVIDIA GeForce RTX 4060,"16 inches, 2560 x 1600 pixels",Windows 11 OS,1 Year Warranty,Acer,14782.94,16.0,2560.0,1600.0,False
Acer Aspire Lite AL15-41 Laptop (AMD Ryzen 3 5300U/ 16GB/ 512GB SSD/ Win11),4.25,5th Gen AMD Ryzen 3 5300U,"Quad Core, 8 Threads",16 GB DDR4 RAM,512 GB SSD,AMD Graphics,"15.6 inches, 1920 x 1080 pixels",Windows 11 OS,1 Year Warranty,Acer,3166.94,15.6,1920.0,1080.0,False
Acer Aspire Lite AL15-41 Laptop (AMD Ryzen 3 5300U/ 8GB/ 512GB SSD/ Win11),4.05,5th Gen AMD Ryzen 3 5300U,"Quad Core, 8 Threads",8 GB DDR4 RAM,512 GB SSD,AMD Graphics,"15.6 inches, 1920 x 1080 pixels",Windows 11 OS,1 Year Warranty,Acer,2744.54,15.6,1920.0,1080.0,False
HP Omen 14-fb0089TX Gaming Laptop (Intel Core Ultra 7 155H/ 16GB/ 1TB SSD/ Win11 Home/ 8GB Graph),4.5,Intel Core Ultra 7 Series 1 155H,"16 Cores (6P + 8E + 2LP-E), 22 Threads",16 GB LPDDR5x RAM,1 TB SSD,8 GB NVIDIA GeForce RTX 4060,"14 inches, 2880 x 1800 pixels",Windows 11 OS,1 Year Warranty,HP,13304.54,14.0,2880.0,1800.0,False
Samsung Galaxy Book 4 NP750XGK-KS2IN Laptop (Intel Core 5 Processor 120U/ 16GB/ 512GB SSD/ Win11),4.45,Intel Core 5 Processor Series 1 120U,"10 Cores (2P + 8E), 12 Threads",16 GB LPDDR4x RAM,512 GB SSD,Intel Graphics,"15.6 inches, 1920 x 1080 pixels",Windows 11 OS,1 Year Warranty,Samsung,5764.7,15.6,1920.0,1080.0,False
HP Omen Transcend 14-fb0007TX Gaming Laptop (Intel Core Ultra 7 155H/ 16GB/ 1TB SSD/ Win11 Home/ 8GB Graph),4.65,Intel Core Ultra 7 Series 1 155H,"16 Cores (6P + 8E + 2LP-E), 22 Threads",16 GB LPDDR5x RAM,1 TB SSD,8 GB NVIDIA GeForce RTX 4060,"14 inches, 2880 x 1800 pixels",Windows 11 OS,1 Year Warranty,HP,13410.14,14.0,2880.0,1800.0,False
MSI Cyborg 15 AI A1VFK-049IN Gaming Laptop (Intel Core Ultra 7 155H/ 16GB/ 1TB SSD/ Win11/ 8GB Graph),4.3,Intel Core Ultra 7 Series 1 155H,"16 Cores (6P + 8E + 2LP-E), 22 Threads",16 GB DDR5 RAM,1 TB SSD,8 GB NVIDIA GeForce RTX 4060,"15.6 inches, 1920 x 1080 pixels",Windows 11 OS,2 Year Warranty,MSI,10770.14,15.6,1920.0,1080.0,False
Apple MacBook Air 2024 MRXW3HN/A Laptop (Apple M3/ 8GB/ 512GB SSD/ MacOS),4.3,Apple M3,Octa Core (4P + 4E),8 GB  RAM,512 GB SSD,Apple 10 Core GPU,"13.6 inches, 2560 x 1664 pixels",Mac OS,1 Year Warranty,Apple,12027.84,13.6,2560.0,1664.0,False
MSI Vector 16 HX A14VGG-279IN Gaming Laptop (14th Gen Core i7/ 32GB/ 1TB SSD/ Win11 Home/ 8GB Graph),4.45,14th Gen Intel Core i7 14700HX,"20 Cores (8P + 12E), 28 Threads",32 GB DDR5 RAM,1 TB SSD,8 GB NVIDIA GeForce RTX 4070,"16 inches, 2560 x 1600 pixels",Windows 11 OS,2 Year Warranty,MSI,20062.94,16.0,2560.0,1600.0,False
MSI Thin A15 AI B7VE-066IN Gaming Laptop (AMD Ryzen 5 7535H/ 16GB/ 512GB SSD/ Win11/ 6GB Graph),4.5,7th Gen AMD Ryzen 5 7535HS,"Hexa Core, 12 Threads",16 GB DDR4 RAM,512 GB SSD,6 GB NVIDIA GeForce RTX 4050,"15.6 inches, 1920 x 1080 pixels",Windows 11 OS,2 Year Warranty,MSI,7760.54,15.6,1920.0,1080.0,False
HP Victus 15-fa1099TX Laptop (12th Gen Core i5/ 16GB/ 512GB SSD/ Win11 Home/ 4GB Graph),4.25,12th Gen Intel Core i5 12450H,"Octa Core (4P + 4E), 12 Threads",16 GB DDR4 RAM,512 GB SSD,4 GB NVIDIA GeForce RTX 2050,"16.1 inches, 1920 x 1080 pixels",Windows 11 OS,1 Year Warranty,HP,6219.84,16.1,1920.0,1080.0,False
Dell 15 G15-5530 Gaming Laptop (13th Gen Core i5/ 16GB/ 1TB SSD/ Win11/ 6GB Graph),4.05,13th Gen Intel Core i5 13450HX,"10 Cores (6P + 4E), 16 Threads",16 GB DDR5 RAM,1 TB SSD,6 GB NVIDIA GeForce RTX 3050,"15.6 inches, 1920 x 1080 pixels",Windows 11 OS,1 Year Warranty,Dell,8235.74,15.6,1920.0,1080.0,False
Lenovo LOQ 15IRX9 83DV007FIN Gaming Laptop (14th Gen Core i7/ 16GB/ 1TB SSD/ Win11/ 8GB Graph),4.7,14th Gen Intel Core i7 14700HX,"20 Cores (8P + 12E), 28 Threads",16 GB DDR5 RAM,1 TB SSD,8 GB NVIDIA GeForce RTX 4060,"15.6 inches, 1920 x 1080 pixels",Windows 11 OS,1 Year Warranty,Lenovo,12142.94,15.6,1920.0,1080.0,False
HP Omen 16-xf0081AX Gaming Laptop (AMD Ryzen 7 7840HS/ 32GB/ 1TB SSD/ Win11/ 8GB Graph),4.35,7th Gen AMD Ryzen 7 7840HS,"Octa Core, 16 Threads",32 GB DDR5 RAM,1 TB SSD,8 GB NVIDIA GeForce RTX 4060,"16 inches, 1440 x 2560 pixels",Windows 11 OS,1 Year Warranty,HP,14361.49,16.0,1440.0,2560.0,False
Lenovo Ideapad Slim 3 Chrome 14M868 82XJ002LHA Laptop (MediaTek Kompanio 520/ 4GB/ 128GB eMMC/ Chrome OS),4.65,MediaTek Kompanio 520 Kompanio 520,Octa Core,4 GB LPDDR4X RAM,128 GB eMMC Storage,Arm Mali G52 MC2 2EE Graphics,"14 inches, 1366 x 768 pixels",Chrome OS,1 Year Warranty,Lenovo,1371.74,14.0,1366.0,768.0,False
Asus Chromebook CX1500CKA-EJ0247 Laptop (Celeron N4500/ 8GB/ 128GB eMMC/ Chrome OS),4.4,Intel Celeron N4500,"Dual Core, 2 Threads",8 GB LPDDR4X RAM,128 GB Hard Disk,Intel Integrated UHD,"15.6 inches, 1920 x 1080 pixels",Chrome OS,1 Year Warranty,Asus,1688.54,15.6,1920.0,1080.0,False
HP Victus 15-fb0157AX Gaming Laptop (AMD Ryzen 5 5600H/ 8GB/ 512GB SSD/ Win11/ 4GB Graph),4.3,5th Gen AMD Ryzen 5 5600H,"Hexa Core, 12 Threads",8 GB DDR4 RAM,512 GB SSD,4 GB AMD Radeon RX 6500M,"15.6 inches, 1920 x 1080 pixels",Windows 11 OS,1 Year Warranty,HP,5491.09,15.6,1920.0,1080.0,False
Acer Aspire 7 A715-76G UN.QMYSI.002 Gaming Laptop (12th Gen Core i5/ 16GB/ 512GB SSD/ Win11 Home/ 4GB Graph),4.55,12th Gen Intel Core i5 12450H,"Octa Core (4P + 4E), 12 Threads",16 GB DDR4 RAM,512 GB SSD,4 GB NVIDIA GeForce RTX 2050,"15.6 inches, 1920 x 1080 pixels",Windows 11 OS,1 Year Warranty,Acer,5701.34,15.6,1920.0,1080.0,False
HP Victus 15-fb0150AX Gaming Laptop (AMD Ryzen 5 5600H/ 16GB/ 512GB SSD/ Win11/ 4GB Graph),4.15,5th Gen AMD Ryzen 5 5600H,"Hexa Core, 12 Threads",16 GB DDR4 RAM,512 GB SSD,4 GB AMD Radeon RX 6500M Graphics,"15.6 inches, 1920 x 1080 pixels",Windows 11 OS,1 Year Warranty,HP,5586.24,15.6,1920.0,1080.0,False
HP Omen 16-xf0060AX Gaming Laptop (AMD Ryzen 7 7840HS/ 16GB/ 1TB SSD/ Win11/ 8GB Graph),4.7,7th Gen AMD Ryzen 7 7840HS,"Octa Core, 16 Threads",16 GB DDR5 RAM,1 TB SSD,8 GB NVIDIA GeForce RTX 4060,"16 inches, 1920 x 1080 pixels",Windows 11 OS,1 Year Warranty,HP,11773.34,16.0,1920.0,1080.0,False
Asus TUF Gaming F15 FX577ZC-HN192W Gaming Laptop (12th Gen Core i7/ 16GB/1TB SSD/ Win11 / 4GB Graph),4.4,12th Gen Intel Core i7 12700H ,"14 Cores, 20 Threads",16 GB DDR5 RAM,1 TB SSD,4 GB NVIDIA GeForce RTX 3050,"15.6 inches, 1920 x 1080 pixels",Windows 11 OS,1 Year Warranty,Asus,8446.94,15.6,1920.0,1080.0,False
HP Pavilion x360 14-ek1074TU Laptop (13th Gen Core i5/ 16GB/ 512GB SSD/ Win11),4.55,13th Gen Intel Core i5 1335U,"10 Cores (2P + 8E), 12 Threads",16 GB DDR4 RAM,512 GB SSD,Intel Integrated Iris Xe,"14 inches, 1920 x 1080 pixels, Touch Screen",Windows 11 OS,1 Year Warranty,HP,7496.54,14.0,1920.0,1080.0,True
MSI Katana 15 B13VFK-843IN Gaming Laptop (13th Gen Core i9/ 16GB/ 1TB SSD/ Win11 Home/ 8GB Graph),4.05,13th Gen Intel Core i9 13900H,"14 Cores (6P + 8E), 20 Threads",16 GB DDR5 RAM,1 TB SSD,8 GB NVIDIA GeForce RTX 4060,"15.6 inches, 1920 x 1080 pixels",Windows 11 OS,2 Year Warranty,MSI,12670.94,15.6,1920.0,1080.0,False
Lenovo LOQ 15IRH8 82XV00F7IN 2023 Gaming Laptop (12th Gen Core i5/ 16GB/ 512GB SSD/ Win11/ 8GB Graph),4.0,12th Gen Intel Core i5 12450H,"Octa Core (4P + 4E), 12 Threads",16 GB DDR5 RAM,512 GB SSD,8 GB NVIDIA GeForce RTX 4060,"15.6 inches, 1920 x 1080 pixels",Windows 11 OS,1 Year Warranty,Lenovo,8784.86,15.6,1920.0,1080.0,False
Asus Vivobook 15 X1502ZA-EJ541WS Laptop (12th Gen Core i5/ 16GB/ 512GB SSD/ Win11),4.7,12th Gen Intel Core i5 12500H,"12 Cores (4P + 8E), 16 Threads",16 GB DDR4 RAM,512 GB SSD,Intel Iris Xe,"15.6 inches, 1920 x 1080 pixels",Windows 11 OS,1 Year Warranty,Asus,5754.04,15.6,1920.0,1080.0,False
Dell Inspiron 5630 Laptop (13th Gen Core i5/ 16GB/ 512GB SSD/ Win11),4.6,13th Gen Intel Core i5 1340P,"12 Cores (4P + 8E), 16 Threads",16 GB LPDDR5  RAM,512 GB SSD,Intel Iris Xe Graphics,"16 inches, 2560 x 1600 pixels",Windows 11 OS,1 Year Warranty,Dell,6704.54,16.0,2560.0,1600.0,False
Asus ROG Strix G16 2023 G614JV-N4141WS Gaming Laptop (13th Gen Core i9/ 16GB/ 1TB SSD/ Win11/ 8GB Graph),4.35,13th Gen Intel Core i9 13980HX,"24 Cores (8P + 16E), 32 Threads",16 GB DDR5 RAM,1 TB SSD,8 GB NVIDIA GeForce RTX 4060,"16 inches, 2560 x 1600 pixels",Windows 11 OS,1 Year Warranty,Asus,16894.94,16.0,2560.0,1600.0,False
Asus Vivobook Pro 15 OLED K6502VU-MA541WS Laptop (13th Gen Core i5/ 16GB/ 512GB SSD/ Win11 Home/ 6GB Graph),4.5,13th Gen Intel Core i5 13500H,"12 Cores (4P + 8E), 16 Threads",16 GB DDR5 RAM,512 GB SSD,6 GB NVIDIA GeForce RTX 4050,"15.6 inches, 2880 x 1620 pixels",Windows 11 OS,1 Year Warranty,Asus,10030.94,15.6,2880.0,1620.0,False
HP 15s-fr5009TU Laptop (12th Gen Core i3/ 8GB/ 512GB SSD/ Win11 Home),4.05,12th Gen Intel Core i3 1215U,"Hexa Core (2P + 4E), 8 Threads",8 GB DDR4 RAM,512 GB SSD,Intel UHD Graphics,"15.6 inches, 1920 x 1080 pixels",Windows 11 OS,1 Year Warranty,HP,3853.34,15.6,1920.0,1080.0,False
Asus Vivobook 15 2023 X1504VA-NJ524WS Laptop (13th Gen Core i5/ 8GB/ 512GB SSD/ Win11),4.35,13th Gen Intel Core i5 1335U,"10 Cores (2P + 8E), 12 Threads",8 GB DDR4 RAM,512 GB SSD,Integrated Intel Iris Xe Graphics,"15.6 inches, 1920 x 1080 pixels",Windows 11 OS,1 Year Warranty,Asus,4856.54,15.6,1920.0,1080.0,False
HP 15-fc0026AU Laptop (AMD Ryzen 3 7320U/ 8GB/ 512GB SSD/ Win11 Home),4.05,7th Gen AMD Ryzen 3 7320U,"Quad Core, 8 Threads",8 GB LPDDR5 RAM,512 GB SSD,AMD Radeon AMD,"15.6 inches, 1920 x 1080 pixels",Windows 11 OS,1 Year Warranty,HP,3166.94,15.6,1920.0,1080.0,False
Asus Vivobook 15 2023 X1504VA-NJ324WS Laptop (13th Gen Core i3/ 8GB/ 512GB SSD/ Win11),4.25,13th Gen Intel Core i3 1315U,"Hexa Core (2P + 4E), 8 Threads",8 GB DDR4 RAM,512 GB SSD, Integrated Intel UHD Graphics,"15.6 inches, 1920 x 1080 pixels",Windows 11 OS,1 Year Warranty,Asus,4011.74,15.6,1920.0,1080.0,False
Asus Vivobook Go 15 OLED 2023 E1504FA-LK541WS Laptop (Ryzen 5 7520U / 16GB/ 512GB SSD/ Win11 Home),4.2,7th Gen AMD Ryzen 5 7520U,"Quad Core, 8 Threads",16 GB LPDDR5 RAM,512 GB SSD,AMD Radeon AMD,"15.6 inches, 1920 x 1080 pixels",Windows 11 OS,1 Year Warranty,Asus,5120.54,15.6,1920.0,1080.0,False
HP 15s-fq5007TU Laptop (12th Gen Core i3/ 8GB/ 512GB SSD/ Win11 Home),4.65,12th Gen Intel Core i3 1215U,"Hexa Core (2P + 4E), 8 Threads",8 GB DDR4 RAM,512 GB SSD,Intel UHD Graphics,"15.6 inches, 1920 x 1080 pixels",Windows 11 OS,1 Year Warranty,HP,3674.88,15.6,1920.0,1080.0,False
HP Victus 15-fb0082AX Gaming Laptop (AMD Ryzen 5 5600H/ 8GB/ 512GB SSD/ Win11/ 4GB Graph),4.4,5th Gen AMD Ryzen 5  5600H ,"Hexa Core, 12 Threads",8 GB DDR4 RAM,512 GB SSD,4 GB NVIDIA GeForce RTX 3050,"15.6 inches, 1920 x 1080 pixels",Windows 11 OS,1 Year Warranty,HP,5639.04,15.6,1920.0,1080.0,False
Asus ProArt StudioBook Pro 16 OLED H7600ZW-L911W Laptop (12th Gen Core i9/ 32GB/ 1TB SSD/ Win11/ 8GB Graph),4.6,12th Gen Intel Core i9 12900H,"14 Cores (6P + 8E), 20 Threads",32 GB DDR5 RAM,1 TB SSD,8 GB NVIDIA GeForce RTX 3070,"16 inches, 3840 x 2400 pixels",Windows 11 OS,1 Year Warranty,Asus,19006.94,16.0,3840.0,2400.0,False
Dell Precision 5550 Laptop (10th Gen Core i7/ 16GB/ 512GB SSD/ Win10 Pro/ 4GB Graph),4.2,10th Gen Intel Core i7 10750H,"Hexa Core, 12 Threads",16 GB DDR4  RAM,512 GB SSD,4 GB NVIDIA ,"15.6 inches, 1920 x 1200 pixels",Windows 10 OS,Backlit Keyboard,Dell,19535.89,15.6,1920.0,1200.0,False
Asus Zenbook A14 UX3407RA-QD054WS Laptop (Snapdragon X Elite X1E 78 100/ 16GB/ 512GB SSD/ Win11),4.0,Qualcomm Snapdragon X Elite X1E 78 100,"12 Cores, 12 Threads",16 GB LPDDR5X RAM,512 GB SSD,Qualcomm Adreno,"14 inches, 1920 x 1200 pixels",Windows 11 OS,1 Year Warranty,Asus,13726.94,14.0,1920.0,1200.0,False
Asus Zenbook A14 UX3407QA-QD259WS Laptop (Snapdragon X X1 26 100/ 16GB/ 512GB SSD/ Win11),4.45,Qualcomm Snapdragon X X1 26 100,"Octa Core, 8 Threads",16 GB LPDDR5X RAM,512 GB SSD,Qualcomm Adreno GPU,"14 inches, 1920 x 1200 pixels",Windows 11 OS,1 Year Warranty,Asus,10558.94,14.0,1920.0,1200.0,False
Dell Inspiron 5640 Laptop (13th Gen Core i5/ 16GB/ 512GB SSD/ Win11),4.65,13th Gen Intel Core i5 1334U,"10 Cores (2P + 8E), 12 Threads",16 GB DDR5 RAM,512 GB SSD,Intel Iris Xe Graphics,"16 inches, 1920 x 1200 pixels",Windows 11 OS,1 Year Warranty,Dell,6968.54,16.0,1920.0,1200.0,False
Asus Vivobook 16X K3605VC-RP413WS Laptop (13th Gen Core i5/ 16GB/ 512GB SSD/ Win11 Home/ 4GB Graph),4.55,13th Gen Intel Core i5 13420H,"Octa Core (4P + 4E), 12 Threads",16 GB DDR4 RAM,512 GB SSD,4 GB NVIDIA Geforce RTX 3050,"16 inches, 1920 x 1200 pixels",Windows 11 OS,1 Year Warranty,Asus,8024.54,16.0,1920.0,1200.0,False
Asus Vivobook 15 X1504VA-NJ2325WS Laptop (13th Gen Core i3/ 16GB/ 512GB SSD/ Win11),4.3,13th Gen Intel Core i3 1315U,"Hexa Core (2P + 4E), 8 Threads",16 GB  RAM,512 GB SSD,Integrated Intel UHD Graphics,"15.6 inches, 1920 x 1080 pixels",Windows 11 OS,1 Year Warranty,Asus,4434.14,15.6,1920.0,1080.0,False
Asus Vivobook 16 X1605VA-MB5555WS Laptop (13th Gen Core i5/ 16GB/ 512GB SSD/ Win11 Home),4.05,13th Gen Intel Core i5 13500H,"12 Cores (4P + 8E), 16 Threads",16 GB  RAM,512 GB SSD,Integrated Intel Iris Xe Graphics,"16 inches, 1920 x 1200 pixels",Windows 11 OS,1 Year Warranty,Asus,6651.74,16.0,1920.0,1200.0,False
Asus Vivobook 16 X1605VA-MB9999WS Laptop (13th Gen Core i9/ 16GB/ 1TB SSD/ Win11 Home),4.25,13th Gen Intel Core i9 13900H,"14 Cores (6P + 8E), 20 Threads",16 GB  RAM,1 TB SSD,Integrated Intel Iris Xe Graphics,"16 inches, 1920 x 1200 pixels",Windows 11 OS,1 Year Warranty,Asus,10558.94,16.0,1920.0,1200.0,False
Dell Inspiron 5440 Laptop (13th Gen Core i5/ 16GB/ 1TB SSD/ Win11),4.65,13th Gen Intel Core i5 1334U,"10 Cores (2P + 8E), 12 Threads",16 GB  RAM,1 TB SSD,Intel Graphics,"14 inches, 1920 x 1200 pixels",Windows 11 OS,1 Year Warranty,Dell,8065.41,14.0,1920.0,1200.0,False
Asus Vivobook Go 14 E1404FA-NK5542WS Laptop (Ryzen 5 7520U / 16GB/ 512GB SSD/ Win11),4.25,7th Gen AMD Ryzen 5 7520U,"Quad Core, 8 Threads",16 GB LPDDR5 RAM,512 GB SSD,AMD Radeon AMD,"14 inches, 1920 x 1080 pixels",Windows 11 OS,1 Year Warranty,Asus,4434.14,14.0,1920.0,1080.0,False
Asus Zenbook A14 Laptop (Snapdragon X X1 26 100/ 16GB/ 512GB SSD/ Win11 Home),4.15,Qualcomm Snapdragon X X1 X X1 26 100,N/A,16 GB RAM,512 GB SSD,Qualcomm Adreno GPU,Windows 11 OS,1 Year Warranty,Backlit Keyboard,Asus,10559.89,14.0,,,False
Dell 3530 15 Inspiron  Laptop (13th Gen Core i7/ 16GB/ 512GB SSD/ Win11 Home),4.3,13th Gen Intel Core i7 1355U,"10 Cores (2P + 8E), 12 Threads",16 GB DDR4 RAM,512 GB SSD,Intel UHD Graphics,"15.6 inches, 1920 x 1080 pixels",Windows 11 OS,1 Year Warranty,Dell,7443.74,15.6,1920.0,1080.0,False
Lenovo ThinkPad E14 21JRS0JH00 Laptop (AMD Ryzen 5 7530U/ 8GB/ 512GB SSD/ Win11 Home),4.55,7th Gen AMD Ryzen 5 7530U,"Hexa Core, 12 Threads",8 GB DDR4 RAM,512 GB SSD,AMD Radeon Graphics,"14 inches, 1920 x 1200 pixels",Windows 11 OS,1 Year Warranty,Lenovo,5173.34,14.0,1920.0,1200.0,False
HP Victus 15-fa2700TX  Gaming Laptop (13th Gen Core i5/ 16GB/ 512GB SSD/ Win11/ 6GB Graph),4.6,13th Gen Intel Core i5 13420H,"Octa Core (4P + 4E), 12 Threads",16 GB DDR4 RAM,512 GB SSD,6 GB NVIDIA GeForce RTX 3050,"15.6 inches, 1920 x 1080 pixels",Windows 11 OS,1 Year Warranty,HP,7918.94,15.6,1920.0,1080.0,False
HP Victus 15-fa2703TX Gaming Laptop (13th Gen Core i5/ 16GB/ 512GB SSD/ Win11/ 4GB Graph),4.65,13th Gen Intel Core i5 13420H,"Octa Core (4P + 4E), 12 Threads",16 GB DDR4 RAM,512 GB SSD,4 GB NVIDIA GeForce RTX 2050,"15.6 inches, 1920 x 1080 pixels",Windows 11 OS,1 Year Warranty,HP,6968.54,15.6,1920.0,1080.0,False
Asus Vivobook S 14 OLED 2025 S5406SA-QD094WS Laptop (Intel Core Ultra 7 256V/ 16GB/ 512GB SSD/ Win11 Home),4.25,Intel Core Ultra 7 256V,"Octa Core (4P + 4LP-E), 8 Threads",16 GB LPDDR5X RAM,512 GB SSD,Intel Integrated Arc,"14 inches, 1920 x 1200 pixels",Windows 11 OS,1 Year Warranty,Asus,12142.94,14.0,1920.0,1200.0,False
Asus Vivobook S 14 OLED 2025 S5406SA-QD098WS Laptop (Intel Core Ultra 5 226V/ 16GB/ 512GB SSD/ Win11 Home),4.0,5th Gen Intel Core Ultra 5 226V,"Octa Core (4P + 4LP-E), 8 Threads",16 GB LPDDR5X RAM,512 GB SSD,Intel Integrated Arc,"14 inches, 1920 x 1200 pixels",Windows 11 OS,1 Year Warranty,Asus,10558.94,14.0,1920.0,1200.0,False
Asus Vivobook 14 Flip TP3407SA-QL025WS Laptop (Intel Core Ultra 7 256V/ 16GB/ 512GB SSD/Win11),4.75,Intel Core Ultra 7 256V,"Octa Core (4P + 4LP-E), 8 Threads",16 GB LPDDR5X RAM,512 GB SSD,Intel Integrated Arc,"14 inches, 1920 x 1200 pixels, Touch Screen",Windows 11 OS,1 Year Warranty,Asus,11826.14,14.0,1920.0,1200.0,True
Asus Zenbook Duo OLED 2025 UX8406CA-PZ106WS Laptop (intel Core Ultra 9 285H/ 32GB/ 1TB SSD/ Win11),4.15,Intel Core Ultra 9 285H,"16 Cores (6P + 8E + 2LP-E), 16 Threads",32 GB LPDDR5X RAM,1 TB SSD,Intel Arc Graphics,"14 inches, 2880 x 1800 pixels, Touch Screen",Windows 11 OS,1 Year Warranty,Asus,25342.94,14.0,2880.0,1800.0,True
Asus Zenbook 14 OLED 2025 UX3405CA-PZ348WS Laptop (Intel Core Ultra 7 255H/ 32GB/ 1TB SSD/ Win11 Home),4.25,Intel Core Ultra 7 255H,"16 Cores (6P + 8E + 2LP-E), 16 Threads",32 GB LPDDR5X RAM,1 TB SSD,Intel Integrated Arc,"14 inches, 2880 x 1800 pixels, Touch Screen",Windows 11 OS,1 Year Warranty,Asus,13515.74,14.0,2880.0,1800.0,True
Asus Zenbook 14 OLED 2025 UX3405CA-PZ162WS Laptop ( Intel Core Ultra 5 225H/ 16GB/ 1TB SSD/ Win11 Home),4.7,Intel Core Ultra 5 225H,"14 Cores (4P + 8E + 2LP-E), 14 Threads",16 GB LPDDR5X RAM,1 TB SSD,Intel Integrated Arc,"14 inches, 2880 x 1800 pixels, Touch Screen",Windows 11 OS,1 Year Warranty,Asus,11931.74,14.0,2880.0,1800.0,True
Asus Zenbook 14 OLED 2025 UX3405CA-PZ163WS Laptop (Intel Core Ultra 7 255H/ 32GB/ 1TB SSD/ Win11 Home),4.75,Intel Core Ultra 7 255H,"16 Cores (6P + 8E + 2LP-E), 16 Threads",32 GB LPDDR5X RAM,1 TB SSD,Intel Integrated Arc,"14 inches, 2880 x 1800 pixels, Touch Screen",Windows 11 OS,1 Year Warranty,Asus,13515.74,14.0,2880.0,1800.0,True
HP 255 G10 Laptop (AMD Ryzen 5 7520U/ 8GB/ 512GB SSD/ Win11),4.4,7th Gen AMD Ryzen 5 7520U,"Quad Core, 8 Threads",8 GB DDR4 RAM,512 GB SSD,AMD Radeon Graphics,"15.6 inches, 1366 x 768 pixels",Windows 11 OS,1 Year Warranty,HP,3252.48,15.6,1366.0,768.0,False
Asus Vivobook 16 X1605VA-MB9946WS Laptop (13th Gen Core i9/ 16GB/ 512GB SSD/ Win11 Home),4.6,13th Gen Intel Core i9 13900H,"14 Cores (6P + 8E), 20 Threads",16 GB DDR4 RAM,512 GB SSD,Intergrated Intel Iris Xe Graphics,"16 inches, 1920 x 1200 pixels",Windows 11 OS,1 Year Warranty,Asus,10030.94,16.0,1920.0,1200.0,False
Dell Latitude 3440 Laptop (12th Gen Core i3/ 8GB/ 512GB SSD/ Win11 ),4.55,12th Gen Intel Core i3 1215U,"Hexa Core (2P + 4E), 8 Threads",8 GB DDR4 RAM,512 GB SSD,Intel Graphics,"14 inches, 1366 x 768 pixels",Windows 11 OS,1 Year Warranty,Dell,3166.94,14.0,1366.0,768.0,False
Acer Aspire 3 A324-53 UN.34RSI.002 Laptop (13th Gen Core i3/ 8GB/ 512GB SSD/ Win11),4.0,13th Gen Intel Core i3 1305U,"5 Cores (1P + 4E), 6 Threads",8 GB DDR4 RAM,512 GB SSD,Intel Integrated UHD,"14 inches, 1920 x 1080 pixels",Windows 11 OS,1 Year Warranty,Acer,3377.09,14.0,1920.0,1080.0,False
Lenovo Legion Pro 5 16ARX8 82WM00FFIN Gaming Laptop (AMD Ryzen 9 7945HX / 32GB/ 1TB SSD/ Win11 Home/ 8GB Graph),4.5,7th Gen AMD Ryzen 9 7945HX,"16 Cores, 32 Threads",32 GB DDR5 RAM,1 TB SSD,8 GB NVIDIA Geforce RTX 4070,"16 inches, 2560 x 1600 pixels",Windows 11 OS,1 Year Warranty,Lenovo,21245.66,16.0,2560.0,1600.0,False
Dell Inspiron 7440 2 in 1 Laptop (13th Gen Core i5-1334U/ 16GB/ 512GB SSD/ Win11),4.45,13th Gen Intel Core i5 1334U,"10 Cores (2P + 8E), 12 Threads",16 GB DDR5 RAM,512 GB SSD,Intel Graphic,"14 inches, 1920 x 1080 pixels, Touch Screen",Windows 11 OS,1 Year Warranty,Dell,7602.14,14.0,1920.0,1080.0,True
Lenovo IdeaPad 5 14IRH9 83KX0019IN Laptop (13th Gen Core i7/ 16GB/ 512GB SSD/ Win11 Home),4.1,13th Gen Intel Core i7 13620H,"10 Cores (6P + 4E), 16 Threads",16 GB LPDDR5X RAM,512 GB SSD,Intel Integrated UHD,"14 inches, 1920 x 1200 pixels, Touch Screen",Windows 11 OS,1 Year Warranty,Lenovo,8943.26,14.0,1920.0,1200.0,True
Lenovo Ideapad Slim 5x Gen 9 14Q8X9 83HL0035IN Laptop (Snapdragon X Plus/ 16GB/ 1TB SSD/ Win11),4.65,Qualcomm Snapdragon X Plus X1P-42-100,N/A,16 GB LPDDR5X RAM,1 TB SSD,"14 inches, 1920 x 1200 pixels",Windows 11 OS,1 Year Warranty,2 USB 3.0 Ports,Lenovo,6862.94,14.0,,,False
Samsung Galaxy Book4 Pro 360 5G Laptop (Intel Core Ultra 7/ 16GB/ 1TB SSD/ Win11),4.45,Intel Core Ultra 7 Series 1 155H,"16 Cores (6P + 8E + 2LP-E), 22 Threads",16 GB LPDDR5X RAM,1 TB SSD,Intel Arc Graphics,"16 inches, 2880 x 1800 pixels, Touch Screen",Windows 11 OS,1 Year Warranty,Samsung,21118.94,16.0,2880.0,1800.0,True
HP Pavilion 16-af0056TU Laptop (Intel Core Ultra 5 125U/ 16GB/ 1TB SSD/ Win11),4.2,Intel Core Ultra 5 125U,"12 Cores (2P + 8E + 2LP-E), 14 Threads",16 GB LPDDR5 RAM,1 TB SSD,Intel Integrated Graphics,"16 inches, 1920 x 1200 pixels",Windows 11 OS,1 Year Warranty,HP,7496.54,16.0,1920.0,1200.0,False
Lenovo IdeaPad Slim 3 83EQ005TIN Laptop (12th Gen Core i5/ 8GB/ 512GB SSD/ Win11),4.4,12th Gen Intel Core i5 12450H,"Octa Core (4P + 4E), 12 Threads",8 GB LPDDR5 RAM,512 GB SSD,Intel Integrated UHD,"14.1 inches, 1920 x 1080 pixels",Windows 11 OS,1 Year Warranty,Lenovo,5131.1,14.1,1920.0,1080.0,False
Acer Aspire 3 A325-51 Laptop (12th Gen Core i3/ 8GB/ 512GB SSD/ Win11),4.0,12th Gen Intel Core i3 1215U,"Hexa Core (2P + 4E), 8 Threads",8 GB DDR4 RAM,512 GB SSD,Intel UHD Graphics,"15.6 inches, 1920 x 1080 pixels",Windows 11 OS,1 Year Warranty,Acer,3166.94,15.6,1920.0,1080.0,False
Asus Vivobook S15 K5504VAB-BN417WS Laptop (13th Gen Core i9/ 16GB/ 512GB SSD/ Win11),4.55,13th Gen Intel Core i9 13900H,"14 Cores (6P + 8E), 20 Threads",16 GB LPDDR5 RAM,512 GB SSD,Intel Iris Xe Graphics,"15.6 inches, 1920 x 1080 pixels",Windows 11 OS,1 Year Warranty,Asus,8446.94,15.6,1920.0,1080.0,False
Lenovo LOQ 15IRX9 83DV00KUIN Gaming Laptop (13th Gen Core i5/ 24GB/ 512GB SSD/ Win11/ 6GB RTX3050),4.0,13th Gen Intel Core i5 13450HX,"10 Cores (6P + 4E), 16 Threads",24 GB DDR5 RAM,512 GB SSD,6 GB NVIDIA GeForce RTX 3050,"15.6 inches, 1920 x 1080 pixels",Windows 11 OS,1 Year Warranty,Lenovo,8552.54,15.6,1920.0,1080.0,False
Acer Aspire 3 A325-42 UN.34QSI.004 Laptop (AMD Ryzen 7 7730U/ 16GB/ 1TB SSD/ Win11),4.45,7th Gen AMD Ryzen 7 7730U,"Octa Core, 16 Threads",16 GB LPDDR4X RAM,1 TB SSD,Intel UHD,"15.8 inches, 1920 x 1080 pixels",Windows 11 OS,1 Year Warranty,Acer,4360.22,15.8,1920.0,1080.0,False
Asus Vivobook 16X K3605ZC-RP628WS Laptop (12th Gen Core i7/ 16GB/ 512GB SSD/ Win11/ 4GB RTX3050),4.6,12th Gen Intel Core i7 12700H,"14 Cores (6P + 8E), 20 Threads",16 GB DDR4 RAM,512 GB SSD,4 GB NVIDIA GeForce RTX 3050,"16 inches, 1920 x 1200 pixels",Windows 11 OS,1 Year Warranty,Asus,7496.54,16.0,1920.0,1200.0,False
Asus TUF Gaming A15 FA566NFR-HN045WS Laptop (AMD Ryzen 7 7435HS/ 16GB / 512GB SSD/ Win11/ 4GB Graph),4.65,7th Gen AMD Ryzen 7 7435HS,"Octa Core, 16 Threads",16 GB DDR5 RAM,512 GB SSD,4 GB NVIDIA GeForce RTX 2050,"15.6 inches, 1920 x 1080 pixels",Windows 11 OS,1 Year Warranty,Asus,6187.1,15.6,1920.0,1080.0,False
Lenovo Thinkpad E14 G5 21JKS0LK00 Laptop (13th Gen Core i5/ 16GB/ 512GB SSD/ Win11),4.5,13th Gen Intel Core i5 1335U,"10 Cores (2P + 8E), 12 Threads",16 GB DDR4 RAM,512 GB SSD,Intel UHD Graphics,"14 inches, 1920 x 1200 pixels",Windows 11 OS,1 Year Warranty,Lenovo,7390.94,14.0,1920.0,1200.0,False
Acer ALG AL15G-53 Gaming Laptop (13th Gen Intel Core i7/ 16GB/ 512GB SSD/ Win11/ 6GB RTX 3050 Graphics),4.0,13th Gen Intel Core i7 13620H,"10 Cores (6P + 4E), 16 Threads",16 GB DDR4 RAM,512 GB SSD,6 GB NVIDIA GeForce RTX 3050,"15.6 inches, 1920 x 1080 pixels",Windows 11 OS,1 Year Warranty,Acer,7919.89,15.6,1920.0,1080.0,False
Asus Vivobook 16X K3605ZC-RP587WS Laptop (12th Gen Core i5/ 16GB/ 512GB SSD/ Win11/ 4GB Graph),4.5,12th Gen Intel Core i5 12500H,"12 Cores (4P + 8E), 16 Threads",16 GB DDR4 RAM,512 GB SSD,4 GB NVIDIA GeForce RTX 3050,"16 inches, 1920 x 1200 pixels",Windows 11 OS,1 Year Warranty,Asus,6862.94,16.0,1920.0,1200.0,False
Asus TUF Gaming A15 2024 FA507UV-LP137WS Gaming Laptop (AMD Ryzen 9 8945H/ 16GB/ 1TB SSD/ Win11/ 8GB Graph),4.75,8th Gen AMD Ryzen 9 8945H,"Octa Core, 16 Threads",16 GB DDR5 RAM,1 TB SSD,8 GB NVIDIA GeForce RTX 4060,"15.6 inches, 1920 x 1080 pixels",Windows 11 OS,1 Year Warranty,Asus,13198.94,15.6,1920.0,1080.0,False
Acer One 14 Z8-415 UN.31VSI.006 Laptop (11th Gen Core i3 / 16GB/ 512GB SSD/ Win11 Home),4.2,11th Gen Intel Core i3 1115G4,"Dual Core, 4 Threads",16 GB DDR4 RAM,512 GB SSD,Intel UHD,"14 inches, 1920 x 1080 pixels",Windows 11 OS,1 Year Warranty,Acer,3166.94,14.0,1920.0,1080.0,False
Asus TUF Gaming 14 FA401UU-RG033WS Gaming Laptop (AMD Ryzen 7 8845HS/ 16GB/ 1TB SSD/ Win11 Home/ 6GB Graph),4.25,8th Gen AMD Ryzen 7 8845HS,"Octa Core, 16 Threads",16 GB LPDDR5X RAM,1 TB SSD,6 GB NVIDIA GeForce RTX 4050,"14 inches, 2560 x 1600 pixels",Windows 11 OS,1 Year Warranty,Asus,12645.6,14.0,2560.0,1600.0,False
MSI Cyborg 14 A13UCX-205IN Gaming Laptop (13th Gen Core i5/ 16GB/ 512GB SSD/ Win11/ 4GB Graph),4.35,13th Gen Intel Core i5 13420H,"Octa Core (4P + 4E), 12 Threads",16 GB DDR5 RAM,512 GB SSD,4 GB NVIDIA GeForce RTX 2050,"14 inches, 1920 x 1200 pixels",Windows 11 OS,2 Year Warranty,MSI,6334.94,14.0,1920.0,1200.0,False
Asus Vivobook S 14 OLED M5406WA-PP961WS Laptop (AMD Ryzen 9 HX 370/ 24GB/ 512GB SSD/ Win11),4.3,AMD Ryzen AI 9 HX 370,"12 Cores (4P + 8E), 24 Threads",24 GB LPDDR5X RAM,512 GB SSD,AMD Radeon AMD,"14 inches, 2880 x 1800 pixels",Windows 11 OS,1 Year Warranty,Asus,11509.34,14.0,2880.0,1800.0,False
MSI Modern 14 C12MO-1213IN Laptop (12th Gen Core i3/ 16GB/ 512GB SSD/ Win11 Home),4.05,12th Gen Intel Core i3 1215U,"Hexa Core (2P + 4E), 8 Threads",16 GB  RAM,512 GB SSD,Intel Iris Xe Graphics,"14 inches, 1920 x 1080 pixels",Windows 11 OS,1 Year Warranty,MSI,3261.98,14.0,1920.0,1080.0,False
Lenovo Yoga Slim 7x 14Q8X9 83ED003BIN Laptop (Snapdragon X Elite/ 32GB/ 1TB SSD/ Windows 11 Home),4.0,Qualcomm Snapdragon X Elite X1E-78-100,12 Cores,32 GB LPDDR5X RAM,1 TB SSD,Qualcomm Adreno,"14.5 inches, 2944 x 1840 pixels, Touch Screen",Windows 11 OS,1 Year Warranty,Lenovo,14782.94,14.5,2944.0,1840.0,True
HP Victus 15-fa1278TX Gaming Laptop (13th Gen Core i5/ 16GB/ 512GB SSD/ Win11/ 6GB RTX4050),4.3,13th Gen Intel Core i5 13420H,"Octa Core (4P + 4E), 12 Threads",16 GB DDR4 RAM,512 GB SSD,6 GB NVIDIA GeForce RTX 4050,"15.6 inches, 1920 x 1080 pixels",Windows 11 OS,1 Year Warranty,HP,8404.7,15.6,1920.0,1080.0,False
Lenovo ThinkBook 16 G6 21KHA081IN Laptop (13th Gen Core i5/ 16GB/ 512GB SSD/ Win11 Home),4.45,13th Gen Intel Core i5 1335U,"10 Cores (2P + 8E), 12 Threads",16 GB DDR5 RAM,512 GB SSD,Iris Xe Graphics,"16 inches, 1920 x 1080 pixels",Windows 11 OS,1 Year Warranty,Lenovo,6122.69,16.0,1920.0,1080.0,False
MSI Modern 14 C12MO-1249IN Laptop (12th Gen Core i5/ 8GB/ 512GB SSD/ Win11 Home),4.65,12th Gen Intel Core i5 1235U,"10 Cores (2P + 8E), 12 Threads",8 GB DDR4 RAM,512 GB SSD,Intel Iris Xe Graphics,"14 inches, 1920 x 1080 pixels",Windows 11 OS,1 Year Warranty,MSI,3906.14,14.0,1920.0,1080.0,False
HP 15-fd0129TU Laptop (13th Gen Core i3/ 8GB/ 512GB SSD/ Win11 Home),4.55,13th Gen Intel Core i3 1315U,"Hexa Core (2P + 4E), 8 Threads",8 GB DDR4 RAM,512 GB SSD,Intel Integrated UHD,"15.6 inches, 1920 x 1080 pixels",Windows 11 OS,1 Year Warranty,HP,4117.34,15.6,1920.0,1080.0,False
Asus Vivobook S15 OLED S5504VA-MA943WS Laptop (13th Gen Core i9/ 16GB/ 512GB SSD/ Win11),4.75,13th Gen Intel Core i9 13900H,"14 Cores (6P + 8E), 20 Threads",16 GB LPDDR5 RAM,512 GB SSD,Intel Iris Xe Graphics,"15.6 inches, 2880 x 1620 pixels",Windows 11 OS,1 Year Warranty,Asus,9672.85,15.6,2880.0,1620.0,False
Lenovo ThinkPad E14 21JKS0X900 Laptop (13th Gen Core i5/ 16GB/ 1TB SSD/ Win11 Home),4.3,13th Gen Intel Core i5 1335U,"10 Cores (2P + 8E), 12 Threads",16 GB DDR4 RAM,1 TB SSD,Intel Iris Xe Graphics comes,"14 inches, 1920 x 1200 pixels",Windows 11 OS,1 Year Warranty,Lenovo,7918.94,14.0,1920.0,1200.0,False
Asus TUF Gaming A15 FA506NCR-HN075WS Laptop (AMD Ryzen 7 7435HS/ 16GB / 512GB SSD/ Win11 Home / 4GB Graph),4.7,7th Gen AMD Ryzen 7 7435HS,"Octa Core, 16 Threads",16 GB DDR5 RAM,512 GB SSD,4 GB NVIDIA GeForce RTX 3050,"15.6 inches, 1920 x 1080 pixels",Windows 11 OS,1 Year Warranty,Asus,6968.44,15.6,1920.0,1080.0,False
Asus TUF Gaming A15 FA506NFR-HN045W Laptop (AMD Ryzen 7 7435HS/ 16GB / 512GB SSD/ Win11/ 4GB Graph),4.35,7th Gen AMD Ryzen 7 7435HS,"Octa Core, 16 Threads",16 GB DDR5 RAM,512 GB SSD,4 GB NVIDIA GeForce RTX 2050,"15.6 inches, 1920 x 1080 pixels",Windows 11 OS,1 Year Warranty,Asus,6229.34,15.6,1920.0,1080.0,False
HP 15-fc0155AU Laptop (AMD Ryzen 5 7520U/ 8GB/ 512GB SSD/ Win11 Home),4.25,7th Gen AMD Ryzen 5 7520U,"Quad Core, 8 Threads",8 GB LPDDR5 RAM,512 GB SSD,AMD Radeon AMD,"15.6 inches, 1920 x 1080 pixels",Windows 11 OS,1 Year Warranty,HP,4202.88,15.6,1920.0,1080.0,False
HP 14-gr1022TU Laptop (Intel Core Ultra 5 125H/ 16GB/ 512GB SSD/ Win11 Home),4.3,Intel Core Ultra 5 Series 1 125H,"14 Cores (4P + 8E + 2LP-E), 18 Threads",16 GB DDR5 RAM,512 GB SSD,Intel Arc Graphics,"14 inches, 1920 x 1080 pixels",Windows 11 OS,1 Year Warranty,HP,7126.94,14.0,1920.0,1080.0,False
HP 15s-fy5010TU Laptop (12th Gen Core i3/ 8GB/ 256GB SSD/ Win11 Home),4.4,12th Gen Intel Core i3 1215U,"Hexa Core (2P + 4E), 8 Threads",8 GB DDR4 RAM,256 GB SSD,Intel Integrated UHD,"15.6 inches, 1920 x 1080 pixels",Windows 11 OS,1 Year Warranty,HP,3325.34,15.6,1920.0,1080.0,False
MSI Modern 15 H AI C1MG-045IN Laptop (Intel Core Ultra 7 155H/ 16GB/ 1TB SSD/ Win11 Home),4.7,Intel Core Ultra 7 Series 1 155H,"16 Cores (6P + 8E + 2LP-E), 22 Threads",16 GB DDR5 RAM,1 TB SSD,Intel Arc Graphics,"15.6 inches, 1920 x 1080 pixels",Windows 11 OS,1 Year Warranty,MSI,6968.54,15.6,1920.0,1080.0,False
Asus Vivobook S15 K5504VAB-BN417WS Laptop (13th Gen Core i9/ 16GB/ 512GB SSD/ Win11),4.55,13th Gen Intel Core i9 13900H,"14 Cores (6P + 8E), 20 Threads",16 GB LPDDR5 RAM,512 GB SSD,Intel Iris Xe Graphics,"15.6 inches, 1920 x 1080 pixels",Windows 11 OS,1 Year Warranty,Asus,8446.94,15.6,1920.0,1080.0,False
Lenovo Yoga Slim 7 14IMH9 83CV0047IN Laptop ( Intel Core Ultra 7 155H/ 16GB/ 1TB SSD/ Win11 Home),4.05,Intel Core Ultra 7 Series 1 155H,"16 Cores (6P + 8E + 2LP-E), 22 Threads",16 GB LPDDR5x RAM,1 TB SSD,Integrated Intel Arc Graphics,"14 inches, 1920 x 1200 pixels",Windows 11 OS,1 Year Warranty,Lenovo,9925.34,14.0,1920.0,1200.0,False
Asus ExpertBook B1 B1402CBA-NK2417WS Laptop (12th Gen Core i7/ 16 GB/ 512 GB SSD/ Win11 Home),4.7,12th Gen Intel Core i7 1255U,"10 Cores (2P + 8E), 12 Threads",16 GB DDR4 RAM,512 GB SSD,Intel Integrated UHD,"14 inches, 1920 x 1080 pixels",Windows 11 OS,1 Year Warranty,Asus,6746.78,14.0,1920.0,1080.0,False
Acer Nitro V 16 ANV16-71 NH.QTNSI.003 Gaming Laptop (14th Gen Core i5 / 16GB/ 512GB SSD/ Win11/ 6GB RTX 4050 Graph),4.15,14th Gen Intel Core i5 14450HX,"10 Cores (6P + 4E), 16 Threads",16 GB DDR5 RAM,512 GB SSD,6 GB NVIDIA GeForce RTX 4050,"16 inches, 1920 x 1200 pixels",Windows 11 OS,1 Year Warranty,Acer,10875.74,16.0,1920.0,1200.0,False
Acer Nitro V 16 ANV16-71 NH.QTNSI.002 Gaming Laptop (14th Gen Core i7/ 16GB/ 512GB SSD/ Win11/ 6GB RTX 4050 Graph),4.45,14th Gen Intel Core i7 14650HX,"16 Cores (8P + 8E), 24 Threads",16 GB DDR5 RAM,512 GB SSD,6 GB NVIDIA GeForce RTX 4050,"16 inches, 1920 x 1200 pixels",Windows 11 OS,1 Year Warranty,Acer,11614.94,16.0,1920.0,1200.0,False
Lenovo LOQ 15IRX9 83DV00KUIN Gaming Laptop (13th Gen Core i5/ 24GB/ 512GB SSD/ Win11/ 6GB RTX3050),4.0,13th Gen Intel Core i5 13450HX,"10 Cores (6P + 4E), 16 Threads",24 GB DDR5 RAM,512 GB SSD,6 GB NVIDIA GeForce RTX 3050,"15.6 inches, 1920 x 1080 pixels",Windows 11 OS,1 Year Warranty,Lenovo,8552.54,15.6,1920.0,1080.0,False
Acer Aspire 3 A325-42 UN.34QSI.004 Laptop (AMD Ryzen 7 7730U/ 16GB/ 1TB SSD/ Win11),4.45,7th Gen AMD Ryzen 7 7730U,"Octa Core, 16 Threads",16 GB LPDDR4X RAM,1 TB SSD,Intel UHD,"15.8 inches, 1920 x 1080 pixels",Windows 11 OS,1 Year Warranty,Acer,4750.94,15.8,1920.0,1080.0,False
MSI Sword 16 HX B13VFKG-652IN Gaming Laptop (13th Gen Core i9/ 32GB/ 1TB SSD/ Win11/ 8GB RTX4060),4.6,13th Gen Intel Core i9 13980HX,"24 Cores (8P + 16E), 32 Threads",32 GB DDR5 RAM,1 TB SSD,8 GB NVIDIA GeForce RTX 4060,"16 inches, 1920 x 1200 pixels",Windows 11 OS,2 Year Warranty,MSI,14782.94,16.0,1920.0,1200.0,False
Acer Aspire 3 15 A325-42 Laptop (AMD Ryzen 5 7430U/ 16GB/ 512GB SSD/ Win11),4.05,7th Gen AMD Ryzen 5 7430U,"Hexa Core, 12 Threads",16 GB DDR4 RAM,512 GB SSD,AMD Graphics,"15.8 inches, 1920 x 1080 pixels",Windows 11 OS,1 Year Warranty,Acer,4011.74,15.8,1920.0,1080.0,False
Asus Vivobook 16X K3605ZC-RP628WS Laptop (12th Gen Core i7/ 16GB/ 512GB SSD/ Win11/ 4GB RTX3050),4.6,12th Gen Intel Core i7 12700H,"14 Cores (6P + 8E), 20 Threads",16 GB DDR4 RAM,512 GB SSD,4 GB NVIDIA GeForce RTX 3050,"16 inches, 1920 x 1200 pixels",Windows 11 OS,1 Year Warranty,Asus,7496.54,16.0,1920.0,1200.0,False
Lenovo Yoga 7 14IRL8 82YL00AYIN Laptop (13th Gen Core i5/ 16GB/ 512GB SSD/ Win11 Home),4.35,13th Gen Intel Core i5 1340P,"12 Cores (4P + 8E), 16 Threads",16 GB LPDDR5 RAM,512 GB SSD,Integrated Intel Iris Xe Graphics,"14 inches, 1920 x 1200 pixels, Touch Screen",Windows 11 OS,1 Year Warranty,Lenovo,9101.66,14.0,1920.0,1200.0,True
Lenovo V15 82TTA073IN Laptop (12th Gen Core i7 / 16GB/ 512GB SSD/ Win11 Home),4.05,12th Gen Intel,N/A,16 GB DDR4 RAM,512 GB SSD,Integrated Intel Iris Graphics,Windows 11 OS,1 Year Warranty,2 USB 3.0 Ports,Lenovo,4750.94,16.0,,,False
Asus TUF Gaming A15 FA566NFR-HN045WS Laptop (AMD Ryzen 7 7435HS/ 16GB / 512GB SSD/ Win11/ 4GB Graph),4.65,7th Gen AMD Ryzen 7 7435HS,"Octa Core, 16 Threads",16 GB DDR5 RAM,512 GB SSD,4 GB NVIDIA GeForce RTX 2050,"15.6 inches, 1920 x 1080 pixels",Windows 11 OS,1 Year Warranty,Asus,6187.1,15.6,1920.0,1080.0,False
Acer Aspire 3 A325-42 Laptop (AMD Ryzen 5 7430U/ 8GB/ 512GB SSD/ Win11),4.15,7th Gen AMD Ryzen 5 7430U,"Hexa Core, 12 Threads",8 GB DDR4 RAM,512 GB SSD,AMD Graphics,"15.8 inches, 1920 x 1080 pixels",Windows 11 OS,1 Year Warranty,Acer,3906.14,15.8,1920.0,1080.0,False
Lenovo IdeaPad Slim 3 15IRU8 82X700C8IN Laptop (13th Gen Core i3/ 8GB/ 512GB SSD/ Win11 Home),4.15,13th Gen Intel Core i3 1305U,"5 Cores (1P + 4E), 6 Threads",8 GB  RAM,512 GB SSD,Intel UHD Graphics,"15.6 inches, 1920 x 1080 pixels",Windows 11 OS,1 Year Warranty,Lenovo,3917.76,15.6,1920.0,1080.0,False
Lenovo Thinkpad E14 G5 21JKS0LK00 Laptop (13th Gen Core i5/ 16GB/ 512GB SSD/ Win11),4.5,13th Gen Intel Core i5 1335U,"10 Cores (2P + 8E), 12 Threads",16 GB DDR4 RAM,512 GB SSD,Intel UHD Graphics,"14 inches, 1920 x 1200 pixels",Windows 11 OS,1 Year Warranty,Lenovo,7390.94,14.0,1920.0,1200.0,False
Acer ALG AL15G-53 Gaming Laptop (13th Gen Intel Core i7/ 16GB/ 512GB SSD/ Win11/ 6GB RTX 3050 Graphics),4.0,13th Gen Intel Core i7 13620H,"10 Cores (6P + 4E), 16 Threads",16 GB DDR4 RAM,512 GB SSD,6 GB NVIDIA GeForce RTX 3050,"15.6 inches, 1920 x 1080 pixels",Windows 11 OS,1 Year Warranty,Acer,7919.89,15.6,1920.0,1080.0,False
Asus Vivobook 15 X1504ZA-NJ527WS Laptop (12th Gen Core i5/ 8GB/ 512GB SSD/ Win11),4.25,12th Gen Intel Core i5 1235U,"10 Cores (2P + 8E), 12 Threads",8 GB DDR4 RAM,512 GB SSD,Intel Integrated Iris Xe,"15.6 inches, 1920 x 1080 pixels",Windows 11 OS,1 Year Warranty,Asus,4645.34,15.6,1920.0,1080.0,False
Acer Aspire 3 A324-51 UN.343SI.00Q Laptop (12th Gen Core i5/ 16GB/ 1TB SSD/ Win11),4.5,12th Gen Intel Core i5 1235U,"10 Cores (2P + 8E), 12 Threads",16 GB  RAM,1 TB SSD,Intel Integrated,"14 inches, 1920 x 1080 pixels",Windows 11 OS,1 Year Warranty,Acer,4750.94,14.0,1920.0,1080.0,False
Acer Swift Go 14 AI Laptop (Snapdragon X Plus X1P-42-100/ 16GB/ 1TB SSD/ Win11 Home),4.65,Intel Snapdragon X Plus X1P-42-100,Octa Core,16 GB LPDDR5X RAM,1 TB SSD,Qualcomm Adreno GPU,"14 inches, 1920 x 1200 pixels, Touch Screen",Windows 11 OS,1 Year Warranty,Acer,9502.94,14.0,1920.0,1200.0,True
Acer Aspire 3 14 A324-31 Laptop (Intel Core i3 N305/ 16GB/ 512GB SSD/ Win11),4.25,Intel Core i3 N305,"Octa Core, 8 Threads",16 GB DDR4 RAM,512 GB SSD,Intel Integrated UHD,"14 inches, 1920 x 1080 pixels",Windows 11 OS,1 Year Warranty,Acer,3166.94,14.0,1920.0,1080.0,False
Asus TUF Gaming A15 2024 FA507UV-LP137WS Gaming Laptop (AMD Ryzen 9 8945H/ 16GB/ 1TB SSD/ Win11/ 8GB Graph),4.75,8th Gen AMD Ryzen 9 8945H,"Octa Core, 16 Threads",16 GB DDR5 RAM,1 TB SSD,8 GB NVIDIA GeForce RTX 4060,"15.6 inches, 1920 x 1080 pixels",Windows 11 OS,1 Year Warranty,Asus,13198.94,15.6,1920.0,1080.0,False
Acer Swift Go 14 SFG14-41 NX.KG3SI.008 Laptop (AMD Ryzen 7 7730U/ 16GB/ 1TB SSD/ Win11),4.3,7th Gen AMD Ryzen 7 7730U,"Octa Core, 16 Threads",16 GB  RAM,1 TB SSD,AMD Radeon Graphics,"14 inches, 1920 x 1080 pixels",Windows 11 OS,1 Year Warranty,Acer,5701.34,14.0,1920.0,1080.0,False
HP 15-fd0063TU Laptop (12th Gen Core i3/ 8 GB/ 512GB SSD/ Win11 Home),4.4,12th Gen Intel Core i3 1215U,"Hexa Core (2P + 4E), 8 Threads",8 GB  RAM,512 GB SSD,Intel Integrated Graphics,"15.6 inches, 1920 x 1080 pixels",Windows 11 OS,1 Year Warranty,HP,3747.74,15.6,1920.0,1080.0,False
Acer Aspire Lite 15 AL15-52H Laptop (12th Gen Core i5/ 12GB/ 512GB SSD/ Win11),4.4,12th Gen Intel Core i5 12450H,"Octa Core (4P + 4E), 12 Threads",12 GB DDR4 RAM,512 GB SSD,Intel UHD Graphics,"15.6 inches, 1920 x 1080 pixels",Windows 11 OS,1 Year Warranty,Acer,4750.94,15.6,1920.0,1080.0,False
Asus Vivobook S 15 OLED S5507QA-MA551WS Laptop (Snapdragon X Plus X1P 42 100/ 16GB/ 1TB SSD/ Win11),4.5,Qualcomm Snapdragon X Plus X1P 42,N/A,16 GB LPDDR5X RAM,1 TB SSD,Qualcomm Adreno GPU,Windows 11 OS,1 Year Warranty,Backlit Keyboard,Asus,9502.94,16.0,,,False
Acer Aspire 3 A324-51 UN.343SI.00D Laptop (12th Gen Core i3/ 16GB/ 512GB SSD/ Win11),4.65,12th Gen Intel Core i3 1215U,"Hexa Core (2P + 4E), 8 Threads",16 GB DDR4 RAM,512 GB SSD,Intel Integrated UHD,"14 inches, 1920 x 1080 pixels",Windows 11 OS,1 Year Warranty,Acer,3378.14,14.0,1920.0,1080.0,False
Acer One 14 Z8-415 UN.31VSI.006 Laptop (11th Gen Core i3 / 16GB/ 512GB SSD/ Win11 Home),4.2,11th Gen Intel Core i3 1115G4,"Dual Core, 4 Threads",16 GB DDR4 RAM,512 GB SSD,Intel UHD,"14 inches, 1920 x 1080 pixels",Windows 11 OS,1 Year Warranty,Acer,3166.94,14.0,1920.0,1080.0,False
Asus ROG Zephyrus G16 OLED GA605WV-QP078WS Gaming Laptop (AMD Ryzen AI 9 HX 370/ 16GB/ 1TB SSD/ Win11/ 8GB Graph),4.25,AMD Ryzen AI 9 HX 370,"12 Cores (4P + 8E), 24 Threads",16 GB LPDDR5X RAM,1 TB SSD,8 GB NVIDIA GeForce RTX 4060,"16 inches, 2560 x 1600 pixels",Windows 11 OS,1 Year Warranty,Asus,19534.94,16.0,2560.0,1600.0,False
Asus TUF Gaming 14 FA401UU-RG033WS Gaming Laptop (AMD Ryzen 7 8845HS/ 16GB/ 1TB SSD/ Win11 Home/ 6GB Graph),4.25,8th Gen AMD Ryzen 7 8845HS,"Octa Core, 16 Threads",16 GB LPDDR5X RAM,1 TB SSD,6 GB NVIDIA GeForce RTX 4050,"14 inches, 2560 x 1600 pixels",Windows 11 OS,1 Year Warranty,Asus,12650.88,14.0,2560.0,1600.0,False
Asus ProArt PX13 OLED HN7306WU-LX001WS Creator Laptop (AMD Ryzen AI 9 365/ 24GB/1TB SSD/ 6GB RTX 4050 Graphics),4.7,AMD Ryzen AI 9 365,"10 Cores (4P + 6E), 20 Threads",24 GB LPDDR5X RAM,1 TB SSD,6 GB NVIDIA GeForce RTX 4050,"13.3 inches, 2880 x 1800 pixels, Touch Screen",Windows 11 OS,1 Year Warranty,Asus,17941.33,13.3,2880.0,1800.0,True
Asus Vivobook S 14 OLED M5406WA-PP961WS Laptop (AMD Ryzen 9 HX 370/ 24GB/ 512GB SSD/ Win11),4.3,AMD Ryzen AI 9 HX 370,"12 Cores (4P + 8E), 24 Threads",24 GB LPDDR5X RAM,512 GB SSD,AMD Radeon AMD,"14 inches, 2880 x 1800 pixels",Windows 11 OS,1 Year Warranty,Asus,11614.94,14.0,2880.0,1800.0,False
MSI Cyborg 14 A13UCX-205IN Gaming Laptop (13th Gen Core i5/ 16GB/ 512GB SSD/ Win11/ 4GB Graph),4.35,13th Gen Intel Core i5 13420H,"Octa Core (4P + 4E), 12 Threads",16 GB DDR5 RAM,512 GB SSD,4 GB NVIDIA GeForce RTX 2050,"14 inches, 1920 x 1200 pixels",Windows 11 OS,2 Year Warranty,MSI,6334.94,14.0,1920.0,1200.0,False
MSI Creator Z17 HX Studio A14VGT-405IN Creator Laptop (14th Gen Core i7/ 32GB/ 2TB SSD/ Win11/ 8GB Graph),4.2,14th Gen Intel Core i7 14700HX,"20 Cores (8P + 12E), 28 Threads",32 GB DDR5 RAM,2 TB SSD,8 GB NVIDIA GeForce RTX 4070,"17 inches, 2560 x 1600 pixels, Touch Screen",Windows 11 OS,2 Year Warranty,MSI,29566.94,17.0,2560.0,1600.0,True
MSI Cyborg 14 A13UCX-206IN Gaming Laptop (13th Gen Core i5/ 8GB/ 512GB SSD/ Win11/ 4GB Graph),4.5,13th Gen Intel Core i5 13420H,"Octa Core (4P + 4E), 12 Threads",8 GB DDR5 RAM,512 GB SSD,4 GB NVIDIA GeForce RTX 2050,"14 inches, 1920 x 1200 pixels",Windows 11 OS,2 Year Warranty,MSI,6018.14,14.0,1920.0,1200.0,False
Asus Vivobook Go 15 E1504FA-NJ549WS Laptop (Ryzen 5 7520U / 16GB/ 512GB SSD/ Win11 Home),4.4,7th Gen AMD Ryzen 5 7520U,"Quad Core, 8 Threads",16 GB LPDDR5 RAM,512 GB SSD,AMD Radeon AMD,"15.6 inches, 1920 x 1080 pixels",Windows 11 OS,1 Year Warranty,Asus,4318.93,15.6,1920.0,1080.0,False
MSI Cyborg 14 A13UCX-204IN Gaming Laptop (13th Gen Core i7/ 16GB/ 512GB SSD/ Win11/ 4GB Graph),4.05,13th Gen Intel Core i7 13620H,"10 Cores (6P + 4E), 16 Threads",16 GB DDR5 RAM,512 GB SSD,4 GB NVIDIA GeForce RTX 2050,"14 inches, 1920 x 1200 pixels",Windows 11 OS,2 Year Warranty,MSI,7179.74,14.0,1920.0,1200.0,False
MSI Cyborg 14 A13UDX-207IN Gaming Laptop (13th Gen Core i5/ 8GB/ 512GB SSD/ Win11/ 6GB Graph),4.15,13th Gen Intel Core i5 13420H,"Octa Core (4P + 4E), 12 Threads",8 GB DDR5 RAM,512 GB SSD,6 GB NVIDIA GeForce RTX 3050,"14 inches, 1920 x 1200 pixels",Windows 11 OS,2 Year Warranty,MSI,6546.14,14.0,1920.0,1200.0,False
Asus Vivobook Go 15 OLED E1504FAB-LK549WS Laptop (Ryzen 5 7520U / 16GB/ 512GB SSD/ Win11 Home),4.7,7th Gen AMD Ryzen 5 7520U,"Quad Core, 8 Threads",16 GB LPDDR5 RAM,512 GB SSD,AMD Radeon AMD,"15.6 inches, 1920 x 1080 pixels",Windows 11 OS,1 Year Warranty,Asus,4962.14,15.6,1920.0,1080.0,False
MSI Modern 14 C12MO-1213IN Laptop (12th Gen Core i3/ 16GB/ 512GB SSD/ Win11 Home),4.05,12th Gen Intel Core i3 1215U,"Hexa Core (2P + 4E), 8 Threads",16 GB  RAM,512 GB SSD,Intel Iris Xe Graphics,"14 inches, 1920 x 1080 pixels",Windows 11 OS,1 Year Warranty,MSI,3261.98,14.0,1920.0,1080.0,False
Lenovo Yoga Slim 7x 14Q8X9 83ED003BIN Laptop (Snapdragon X Elite/ 32GB/ 1TB SSD/ Windows 11 Home),4.0,Qualcomm Snapdragon X Elite X1E-78-100,12 Cores,32 GB LPDDR5X RAM,1 TB SSD,Qualcomm Adreno,"14.5 inches, 2944 x 1840 pixels, Touch Screen",Windows 11 OS,1 Year Warranty,Lenovo,14782.94,14.5,2944.0,1840.0,True
Asus TUF Gaming A15 FA506NF-HN578W Gaming Laptop (AMD Ryzen 5 7535HS/ 8GB/ 512GB SSD/ Win11 Pro/ 4GB Graph),4.25,7th Gen AMD Ryzen 5 7535HS,"Hexa Core, 12 Threads",8 GB DDR4 RAM,512 GB SSD,4 GB NVIDIA GeForce RTX 2050,"15.6 inches, 1920 x 1080 pixels",Windows 11 OS,1 Year Warranty,Asus,5701.34,15.6,1920.0,1080.0,False
HP Victus 15-fa1278TX Gaming Laptop (13th Gen Core i5/ 16GB/ 512GB SSD/ Win11/ 6GB RTX4050),4.3,13th Gen Intel Core i5 13420H,"Octa Core (4P + 4E), 12 Threads",16 GB DDR4 RAM,512 GB SSD,6 GB NVIDIA GeForce RTX 4050,"15.6 inches, 1920 x 1080 pixels",Windows 11 OS,1 Year Warranty,HP,8394.14,15.6,1920.0,1080.0,False
HP Victus 15-FA1313TX Gaming Laptop (12th Gen Core i5/ 16GB/ 512GB SSD/ Win11 Home/ RTX 2050),4.0,12th Gen Intel Core i5 12450H,"Octa Core (4P + 4E), 12 Threads",16 GB DDR4 RAM,512 GB SSD,4 GB NVIDIA GeForce RTX 2050,"15.6 inches, 1920 x 1080 pixels",Windows 11 OS,1 Year Warranty,HP,6440.54,15.6,1920.0,1080.0,False
Lenovo ThinkBook 16 G6 21KHA081IN Laptop (13th Gen Core i5/ 16GB/ 512GB SSD/ Win11 Home),4.45,13th Gen Intel Core i5 1335U,"10 Cores (2P + 8E), 12 Threads",16 GB DDR5 RAM,512 GB SSD,Iris Xe Graphics,"16 inches, 1920 x 1080 pixels",Windows 11 OS,1 Year Warranty,Lenovo,6123.74,16.0,1920.0,1080.0,False
Lenovo ThinkPad E14 21JKS13J00 Laptop (13th Gen Core i7/ 16GB/ 1TB SSD/ Win11 Home),4.1,13th Gen Intel Core i7 1355U,"10 Cores (2P + 8E), 12 Threads",16 GB DDR4 RAM,1 TB SSD,Intel Iris Xe Graphics comes,"14 inches, 1920 x 1200 pixels",Windows 11 OS,1 Year Warranty,Lenovo,9714.14,14.0,1920.0,1200.0,False
Acer Aspire 7 A715-79G UN.34NSI.001 Gaming Laptop (13th Gen Core i5/ 8GB/ 512GB SSD/ Win11/ 4GB Graph),4.6,13th Gen Intel Core i5 13420H,"Octa Core (4P + 4E), 12 Threads",8 GB DDR4 RAM,512 GB SSD,4 GB NVIDIA GeForce RTX 2050,"15.6 inches, 1920 x 1080 pixels",Windows 11 OS,1 Year Warranty,Acer,5806.94,15.6,1920.0,1080.0,False
Acer Aspire 3 Spin 14 NX.KENSI.004 Laptop (Intel Core i3 N305/ 8GB/ 512GB SSD/ Win11 Pro),4.2,Intel Core i3 N305,"Octa Core, 8 Threads",8 GB DDR4 RAM,512 GB SSD,Intel UHD Graphics,"14 inches, 1920 x 1200 pixels",Windows 11 OS,1 Year Warranty,Acer,4434.14,14.0,1920.0,1200.0,False
Acer Aspire 5 NX.KHFSI.007 Laptop (13th Gen Core i5/ 16GB/ 512GB SSD/ Win11 Home),4.5,13th Gen Intel Core i5 1335U,"10 Cores (2P + 8E), 12 Threads",16 GB LPDDR5 RAM,512 GB SSD,Intel Iris Xe Graphics,"15.6 inches, 1920 x 1080 pixels",Windows 11 OS,1 Year Warranty,Acer,4750.94,15.6,1920.0,1080.0,False
Dell XPS 13 9340 Laptop (Intel Core Ultra 7 155H/ 32GB/ 1TB SSD/ Win11),4.45,Intel Core Ultra 7 Series 1 155H,"16 Cores (6P + 8E + 2LP-E), 22 Threads",32 GB LPDDR5X RAM,1 TB SSD,Intel Arc graphics,"13.4 inches, 2880 x 1800 pixels, Touch Screen",Windows 11 OS,1 Year Warranty,Dell,21646.94,13.4,2880.0,1800.0,True
Dell 3530 Inspiron 15 Laptop (13th Gen Core i5/ 16GB/ 1TB SSD/ Win11 Home),4.15,13th Gen Intel Core i5 1334U,"10 Cores (2P + 8E), 12 Threads",16 GB DDR4 RAM,1 TB SSD,Intel Integrated Integrated,"15.6 inches, 1920 x 1080 pixels",Windows 11 OS,1 Year Warranty,Dell,6208.22,15.6,1920.0,1080.0,False
Asus Vivobook S15 OLED S5504VA-MA943WS Laptop (13th Gen Core i9/ 16GB/ 512GB SSD/ Win11),4.75,13th Gen Intel Core i9 13900H,"14 Cores (6P + 8E), 20 Threads",16 GB LPDDR5 RAM,512 GB SSD,Intel Iris Xe Graphics,"15.6 inches, 2880 x 1620 pixels",Windows 11 OS,1 Year Warranty,Asus,9672.85,15.6,2880.0,1620.0,False
MSI Modern 15 B12MO-1006IN Laptop (12th Gen Core i7/ 16GB/ 512GB SSD/ Win11 Home),4.1,12th Gen Intel Core i7 1255U,"10 Cores (2P + 8E), 12 Threads",16 GB DDR4 RAM,512 GB SSD,Intel Integrated Iris Xe,"15.6 inches, 1920 x 1080 pixels",Windows 11 OS,1 Year Warranty,MSI,5806.94,15.6,1920.0,1080.0,False
HP 15-fd0129TU Laptop (13th Gen Core i3/ 8GB/ 512GB SSD/ Win11 Home),4.55,13th Gen Intel Core i3 1315U,"Hexa Core (2P + 4E), 8 Threads",8 GB DDR4 RAM,512 GB SSD,Intel Integrated UHD,"15.6 inches, 1920 x 1080 pixels",Windows 11 OS,1 Year Warranty,HP,4539.74,15.6,1920.0,1080.0,False
MSI Modern 14 C12MO-1212IN Laptop (12th Gen Core i5/ 16GB/ 512GB SSD/ Win11 Home),4.2,12th Gen Intel Core i5 1235U,"10 Cores (2P + 8E), 12 Threads",16 GB  RAM,512 GB SSD,Intel Iris Xe Graphics,"14 inches, 1920 x 1080 pixels",Windows 11 OS,1 Year Warranty,MSI,4222.94,14.0,1920.0,1080.0,False
Lenovo ThinkPad E14 21JKS0X900 Laptop (13th Gen Core i5/ 16GB/ 1TB SSD/ Win11 Home),4.3,13th Gen Intel Core i5 1335U,"10 Cores (2P + 8E), 12 Threads",16 GB DDR4 RAM,1 TB SSD,Intel Iris Xe Graphics comes,"14 inches, 1920 x 1200 pixels",Windows 11 OS,1 Year Warranty,Lenovo,7918.94,14.0,1920.0,1200.0,False
Lenovo LOQ 2024 83GS0098IN Gaming Laptop (12th Gen Core i5/ 24GB/ 512GB SSD/ Win11/ 6GB RTX 3050 Graph),4.1,12th Gen Intel Core i5 12450HX,"Octa Core (4P + 4E), 12 Threads",24 GB DDR5 RAM,512 GB SSD,6 GB NVIDIA GeForce RTX 3050,"15.6 inches, 1920 x 1080 pixels",Windows 11 OS,1 Year Warranty,Lenovo,7654.94,15.6,1920.0,1080.0,False
Lenovo IdeaPad Slim 3 15IAH8 83ER00KPIN Laptop (12th Gen Core i5/ 16GB/ 512GB SSD/ Win11),4.7,12th Gen Intel Core i5 12450H,"Octa Core (4P + 4E), 12 Threads",16 GB DDR4 RAM,512 GB SSD,Intel Integrated Iris Xe,"15.6 inches, 1920 x 1080 pixels",Windows 11 OS,1 Year Warranty,Lenovo,5331.74,15.6,1920.0,1080.0,False
MSI Prestige 13 AI Plus Evo A2VMG-023IN Laptop (Intel Core Ultra 7 258V/ 32GB/ 1TB SSD/ Win11 Home),4.4,Intel Core Ultra 7 258V,"Octa Core (4P + 4E), 8 Threads",32 GB LPDDR5X RAM,1 TB SSD,Intel Integrated Arc 140V,"13.3 inches, 2880 x 1800 pixels",Windows 11 OS,2 Year Warranty,MSI,13410.14,13.3,2880.0,1800.0,False
MSI Thin 15 B12UC-2240IN Gaming Laptop (12th Gen Core i7/ 16GB/ 512GB SSD/ Win11 Home/ 4GB RTX3050 Graph),4.0,12th Gen Intel Core i7 12650H,"10 Cores (6P + 4E), 16 Threads",16 GB DDR4 RAM,512 GB SSD,4 GB NVIDIA GeForce RTX 3050,"15.6 inches, 1920 x 1080 pixels",Windows 11 OS,2 Year Warranty,MSI,7339.2,15.6,1920.0,1080.0,False
Lenovo IdeaPad Slim 3 14IAH8 83EQ0073IN Laptop (12th Gen Core i5/ 16GB/ 512GB SSD/ Win11 Home),4.65,12th Gen Intel Core i5 12450H,"Octa Core (4P + 4E), 12 Threads",16 GB LPDDR5 RAM,512 GB SSD,Intel Integrated UHD Graphics,"14 inches, 1920 x 1080 pixels",Windows 11 OS,1 Year Warranty,Lenovo,5509.15,14.0,1920.0,1080.0,False
Dell Latitude 14 3440 Laptop (12th Gen Core i5/ 8GB/ 512GB SSD/ Win11),4.45,12th Gen Intel Core i5 1235U,"10 Cores (2P + 8E), 12 Threads",8 GB DDR4 RAM,512 GB SSD,Intel Graphics,"14 inches, 1366 x 768 pixels",Windows 11 OS,1 Year Warranty,Dell,5912.54,14.0,1366.0,768.0,False
Asus E510KA-EJ001WS Laptop (Intel Celeron N4500/ 4GB/ 256GB SSD/ Win11 Home),4.75,Intel Celeron N4500,"Dual Core, 2 Threads",4 GB DDR4 RAM,256 GB SSD,Intel Integrated HD,"15.6 inches, 1920 x 1080 pixels",Windows 11 OS,1 Year Warranty,Asus,2638.94,15.6,1920.0,1080.0,False
Acer Aspire Lite AL15-53 Laptop (13th Gen Core i5/ 16GB/ 512GB SSD/ Win11),4.35,13th Gen Intel Core i5 1334U,"10 Cores (2P + 8E), 12 Threads",16 GB DDR4 RAM,512 GB SSD,Intel UHD Graphics,"15.6 inches, 1920 x 1080 pixels",Windows 11 OS,1 Year Warranty,Acer,5174.29,15.6,1920.0,1080.0,False
MSI Thin 15 B12UC-2239IN Gaming Laptop (12th Gen Core i7/ 16GB/ 1TB SSD/ Win11 Home/ 4GB Graph),4.35,12th Gen Intel Core i7 12650H,"10 Cores (6P + 4E), 16 Threads",16 GB  RAM,1 TB SSD,4 GB NVIDIA GeForce RTX 3050,"15.6 inches, 1920 x 1080 pixels",Windows 11 OS,2 Year Warranty,MSI,7697.18,15.6,1920.0,1080.0,False
HP 255 G10 B15J0PT Laptop (AMD Ryzen 5 7520U/ 8GB/ 512GB SSD/ Dos),4.65,7th Gen AMD Ryzen 5 7520U,"Quad Core, 8 Threads",8 GB DDR4 RAM,512 GB SSD,AMD Radeon Graphics,"15.6 inches, 1366 x 768 pixels",DOS OS,1 Year Warranty,HP,3431.89,15.6,1366.0,768.0,False
Asus V16 V3607 Laptop (13th Gen Core i5/ 16GB/ 512GB SSD/ Win11 / 6GB Graph),4.2,13th Gen Intel Core i5 13420H,"Octa Core (4P + 4E), 12 Threads",16 GB DDR5 RAM,512 GB SSD,6 GB NVIDIA GeForce RTX 4050,"16 inches, 1920 x 1200 pixels",Windows 11 OS,1 Year Warranty,Asus,11605.44,16.0,1920.0,1200.0,False
HP ZBook Firefly 16 G11 A1VX4PT Laptop (Intel Core Ultra 7/ 32GB/ 1TB SSD/ Win11/ 4GB Graphics),4.0,Intel Core Ultra 7 Series 1 155H,"16 Cores (6P + 8E + 2LP-E), 22 Threads",32 GB DDR5 RAM,1 TB SSD,4 GB NVIDIA RTX A500,"16 inches, 1920 x 1200 pixels",Windows 11 OS,1 Year Warranty,HP,16051.09,16.0,1920.0,1200.0,False
Dell Latitude 3440 Laptop (13th Gen Core i7/ 8GB/ 512GB SSD/ Win11),4.0,13th Gen Intel Core i7 1355U,"10 Cores (2P + 8E), 12 Threads",8 GB  RAM,512 GB SSD,Intel Graphics,"14 inches, 1920 x 1080 pixels",Windows 11 OS,1 Year Warranty,Dell,9768.0,14.0,1920.0,1080.0,False
Dell 14 Latitude 3420 Laptop (11th Gen Core i3/ 8GB/ 512GB SSD/ DOS),4.2,11th Gen Intel Core i3 1115G4,"Dual Core, 4 Threads",8 GB DDR4 RAM,512 GB SSD,Intel UHD Graphics,"14 inches, 1920 x 1080 pixels",DOS OS,1 Year Warranty,Dell,3357.02,14.0,1920.0,1080.0,False
Asus ExpertBook B5 B5404 Laptop (Intel Core Ultra 7 Processor/ 16 GB/ 1TB SSD/ Win11),4.1,Intel Core Ultra 7 Series 1 155H,"16 Cores (6P + 8E + 2LP-E), 22 Threads",16 GB DDR4 RAM,1 TB SSD,Intel Graphics,"14 inches, 1920 x 1080 pixels",Windows 11 OS,1 Year Warranty,Asus,10558.94,14.0,1920.0,1080.0,False
Acer AL15-41 Aspire Lite 15 Laptop (AMD Ryzen 5 5625U/ 8GB/ 512GB SSD/ Win11),4.75,5th Gen AMD Ryzen 5 5625U,"Hexa Core, 12 Threads",8 GB DDR4 RAM,512 GB SSD,AMD Graphics,"15.6 inches, 1920 x 1080 pixels",Windows 11 OS,1 Year Warranty,Acer,3325.34,15.6,1920.0,1080.0,False
Dell XPS 13 9350 Laptop (Intel Ultra 7 Series 2 258V/ 32GB/ 1TB SSD/ Win11),4.15,Intel Core Ultra 7 Series 2 258V,"Octa Core (4P + 4E), 8 Threads",32 GB LPDDR5 RAM,1 TB SSD,Intel Arc Graphics,"13.4 inches, 2880 x 1800 pixels, Touch Screen",Windows 11 OS,1 Year Warranty,Dell,21995.42,13.4,2880.0,1800.0,True
HP 240R G9 Laptop (13th Gen Core i3/ 16GB/ 512GB SSD/ Win11),4.45,12th Gen Intel Core i3 1315U,"Hexa Core (2P + 4E), 8 Threads",16 GB  RAM,512 GB SSD,Intel Integrated Graphics,"14 inches, 1366 x 720 pixels",Windows 11 OS,1 Year Warranty,HP,3401.27,14.0,1366.0,720.0,False
HP 245 G10 Laptop (AMD Ryzen 5 7530U/ 8 GB RAM/ 512 GB SSD/ Win11),4.3,7th Gen AMD Ryzen 5 7530U,"Hexa Core, 12 Threads",8 GB DDR4 RAM,512 GB SSD,AMD Radeon Graphics,"14 inches, 1366 x 768 pixels",Windows OS,1 Year Warranty,HP,3906.14,14.0,1366.0,768.0,False
HP 247 G8 Laptop (AMD Ryzen 5 3500U/ 16GB/ 512GB SSD/Win11),4.25,3rd Gen AMD Ryzen 5 3500U,"Quad Core, 8 Threads",16 GB  RAM,512 GB SSD,AMD Radeon Graphics,"14 inches, 1366 x 768 pixels",Windows 11 OS,1 Year Warranty,HP,3468.85,14.0,1366.0,768.0,False
Dell 14 Inspiron 5440 Laptop (13th Gen Core i5/ 16GB/ 1TB SSD/ Win11),4.1,13th Gen Intel Core i5 1334U,"10 Cores (2P + 8E), 12 Threads",16 GB  RAM,1 TB SSD,Intel Graphics,"14 inches, 1920 x 1200 pixels",Windows 11 OS,1 Year Warranty,Dell,7179.22,14.0,1920.0,1200.0,False
Acer Aspire 3 A325-42 UN.34QSI.003 Laptop (AMD Ryzen 7 7730U/ 16GB/ 512GB SSD/ Win11),4.55,7th Gen AMD Ryzen 7 7730U,"Octa Core, 16 Threads",16 GB LPDDR4X RAM,512 GB SSD,Intel UHD,"15.8 inches, 1920 x 1080 pixels",Windows 11 OS,1 Year Warranty,Acer,4435.09,15.8,1920.0,1080.0,False
MSI Sword 16 HX B13VFKG-652IN Gaming Laptop (13th Gen Core i9/ 32GB/ 1TB SSD/ Win11/ 8GB RTX4060),4.6,13th Gen Intel Core i9 13980HX,"24 Cores (8P + 16E), 32 Threads",32 GB DDR5 RAM,1 TB SSD,8 GB NVIDIA GeForce RTX 4060,"16 inches, 1920 x 1200 pixels",Windows 11 OS,2 Year Warranty,MSI,14782.94,16.0,1920.0,1200.0,False
Acer Aspire 3 A325-42 UN.34QSI.004 Laptop (AMD Ryzen 7 7730U/ 16GB/ 1TB SSD/ Win11),4.45,7th Gen AMD Ryzen 7 7730U,"Octa Core, 16 Threads",16 GB LPDDR4X RAM,1 TB SSD,Intel UHD,"15.8 inches, 1920 x 1080 pixels",Windows 11 OS,1 Year Warranty,Acer,5014.94,15.8,1920.0,1080.0,False
Lenovo IdeaPad 5 14IRH9 83KX0018IN Laptop (13th Gen Core i5/ 16GB/ 512GB SSD/ Win11 Home),4.05,13th Gen Intel Core i5 13420H,"Octa Core (4P + 4E), 12 Threads",16 GB LPDDR5X RAM,512 GB SSD,Intel Integrated UHD,"14 inches, 1920 x 1200 pixels, Touch Screen",Windows 11 OS,1 Year Warranty,Lenovo,7623.26,14.0,1920.0,1200.0,True
Asus Vivobook 16X K3605ZC-RP628WS Laptop (12th Gen Core i7/ 16GB/ 512GB SSD/ Win11/ 4GB RTX3050),4.6,12th Gen Intel Core i7 12700H,"14 Cores (6P + 8E), 20 Threads",16 GB DDR4 RAM,512 GB SSD,4 GB NVIDIA GeForce RTX 3050,"16 inches, 1920 x 1200 pixels",Windows 11 OS,1 Year Warranty,Asus,8024.54,16.0,1920.0,1200.0,False
HP ZBook Firefly 14 G11 A1VR2PT Laptop (Intel Core Ultra 7/16 GB/1TB SSD/Win11),4.15,Intel Core Ultra 7 Series 1 155H,"16 Cores (6P + 8E + 2LP-E), 22 Threads",16 GB DDR5 RAM,1 TB SSD,Intel Arc Graphics,"14 inches, 1920 x 1200 pixels",Windows 11 OS,1 Year Warranty,HP,13157.65,14.0,1920.0,1200.0,False
Acer Aspire 3 15 A325-42 Laptop (AMD Ryzen 5 7430U/ 16GB/ 512GB SSD/ Win11),4.05,7th Gen AMD Ryzen 5 7430U,"Hexa Core, 12 Threads",16 GB DDR4 RAM,512 GB SSD,AMD Graphics,"15.8 inches, 1920 x 1080 pixels",Windows 11 OS,1 Year Warranty,Acer,4117.34,15.8,1920.0,1080.0,False
Lenovo Yoga 7 14IRL8 82YL00AYIN Laptop (13th Gen Core i5/ 16GB/ 512GB SSD/ Win11 Home),4.35,13th Gen Intel Core i5 1340P,"12 Cores (4P + 8E), 16 Threads",16 GB LPDDR5 RAM,512 GB SSD,Integrated Intel Iris Xe Graphics,"14 inches, 1920 x 1200 pixels, Touch Screen",Windows 11 OS,1 Year Warranty,Lenovo,9101.66,14.0,1920.0,1200.0,True
Acer Aspire 3 A325-42 Laptop (AMD Ryzen 5 7430U/ 8GB/ 512GB SSD/ Win11),4.15,7th Gen AMD Ryzen 5 7430U,"Hexa Core, 12 Threads",8 GB DDR4 RAM,512 GB SSD,AMD Graphics,"15.8 inches, 1920 x 1080 pixels",Windows 11 OS,1 Year Warranty,Acer,3853.34,15.8,1920.0,1080.0,False
Asus TUF Gaming A15 FA566NFR-HN045WS Laptop (AMD Ryzen 7 7435HS/ 16GB / 512GB SSD/ Win11/ 4GB Graph),4.65,7th Gen AMD Ryzen 7 7435HS,"Octa Core, 16 Threads",16 GB DDR5 RAM,512 GB SSD,4 GB NVIDIA GeForce RTX 2050,"15.6 inches, 1920 x 1080 pixels",Windows 11 OS,1 Year Warranty,Asus,6440.54,15.6,1920.0,1080.0,False
Lenovo Thinkpad E14 G5 21JKS0LK00 Laptop (13th Gen Core i5/ 16GB/ 512GB SSD/ Win11),4.5,13th Gen Intel Core i5 1335U,"10 Cores (2P + 8E), 12 Threads",16 GB DDR4 RAM,512 GB SSD,Intel UHD Graphics,"14 inches, 1920 x 1200 pixels",Windows 11 OS,1 Year Warranty,Lenovo,7390.94,14.0,1920.0,1200.0,False
Lenovo IdeaPad Slim 3 15IRU8 82X700C8IN Laptop (13th Gen Core i3/ 8GB/ 512GB SSD/ Win11 Home),4.15,13th Gen Intel Core i3 1305U,"5 Cores (1P + 4E), 6 Threads",8 GB  RAM,512 GB SSD,Intel UHD Graphics,"15.6 inches, 1920 x 1080 pixels",Windows 11 OS,1 Year Warranty,Lenovo,4096.22,15.6,1920.0,1080.0,False
Acer ALG AL15G-53 Gaming Laptop (13th Gen Intel Core i7/ 16GB/ 512GB SSD/ Win11/ 6GB RTX 3050 Graphics),4.0,13th Gen Intel Core i7 13620H,"10 Cores (6P + 4E), 16 Threads",16 GB DDR4 RAM,512 GB SSD,6 GB NVIDIA GeForce RTX 3050,"15.6 inches, 1920 x 1080 pixels",Windows 11 OS,1 Year Warranty,Acer,7000.33,15.6,1920.0,1080.0,False
Lenovo Legion Slim 5 16AHP9 83DH0053IN Gaming Laptop (AMD Ryzen 7 8845HS/ 16GB/ 1TB SSD/ Win11/ 8GB Graph),4.05,8th Gen AMD Ryzen 7 8845HS,"Octa Core, 16 Threads",16 GB DDR5 RAM,1 TB SSD,8 GB NVIDIA GeForce RTX 4060,"16 inches, 2560 x 1600 pixels",Windows 11 OS,1 Year Warranty,Lenovo,15015.26,16.0,2560.0,1600.0,False
Lenovo IdeaPad Slim 3 15IAH8 83ER00H3IN Laptop (12th Gen Core i5/ 8GB/ 512GB SSD/ Win11 Home),4.35,12th Gen Intel Core i5 12450H,"Octa Core (4P + 4E), 12 Threads",8 GB LPDDR5 RAM,512 GB SSD,Intel Integrated UHD Graphics,"15.6 inches, 1920 x 1080 pixels",Windows 11 OS,1 Year Warranty,Lenovo,5289.5,15.6,1920.0,1080.0,False
Asus ProArt PZ13 HT5306QA-LX002W OLED Laptop (Snapdragon X Plus X1P 42 100/ 16GB/1TB SSD/ Win11),4.6,Qualcomm Snapdragon X Plus X1P 42 100,N/A,16 GB LPDDR5X RAM,1 TB SSD,Qualcomm Adreno GPU,Windows 11 OS,1 Year Warranty,,Asus,14782.94,16.0,,,False
HP 15-fd0112TU Laptop (12th Gen Core i5/ 8GB/ 1TB SSD/ Win11 Home),4.2,12th Gen Intel Core i5 1235U,"10 Cores (2P + 8E), 12 Threads",8 GB DDR4 RAM,1 TB SSD,Intel Integrated Iris Xe,"15.6 inches, 1920 x 1080 pixels",Windows 11 OS,1 Year Warranty,HP,5480.64,15.6,1920.0,1080.0,False
Lenovo IdeaPad 3 82RK017PIN Laptop (12th Gen Core i3/ 8GB/ 512GB SSD/ Win11),4.65,12th Gen Intel Core i3 1215U,"Hexa Core (2P + 4E), 8 Threads",8 GB DDR4 RAM,512 GB SSD,Intel UHD Graphics,"15.6 inches, 1920 x 1080 pixels",Windows 11 OS,1 Year Warranty,Lenovo,3589.34,15.6,1920.0,1080.0,False
Acer Swift Go 14 AI Laptop (Snapdragon X Plus X1P-42-100/ 16GB/ 1TB SSD/ Win11 Home),4.65,Intel Snapdragon X Plus X1P-42-100,Octa Core,16 GB LPDDR5X RAM,1 TB SSD,Qualcomm Adreno GPU,"14 inches, 1920 x 1200 pixels, Touch Screen",Windows 11 OS,1 Year Warranty,Acer,9502.94,14.0,1920.0,1200.0,True
Asus Vivobook 16X K3605ZC-RP587WS Laptop (12th Gen Core i5/ 16GB/ 512GB SSD/ Win11/ 4GB Graph),4.5,12th Gen Intel Core i5 12500H,"12 Cores (4P + 8E), 16 Threads",16 GB DDR4 RAM,512 GB SSD,4 GB NVIDIA GeForce RTX 3050,"16 inches, 1920 x 1200 pixels",Windows 11 OS,1 Year Warranty,Asus,7390.94,16.0,1920.0,1200.0,False
Asus Vivobook 16X K3605ZF-RP258WS Laptop (12th Gen Core i5/ 16GB/ 512GB SSD/ Win11/ 4GB Graph),4.05,12th Gen Intel Core i5 12500H,"12 Cores (4P + 8E), 16 Threads",16 GB DDR4 RAM,512 GB SSD,4 GB NVIDIA GeForce RTX 2050,"16 inches, 1920 x 1200 pixels",Windows 11 OS,1 Year Warranty,Asus,6862.94,16.0,1920.0,1200.0,False
Asus TUF Gaming A15 2024 FA507UV-LP137WS Gaming Laptop (AMD Ryzen 9 8945H/ 16GB/ 1TB SSD/ Win11/ 8GB Graph),4.75,8th Gen AMD Ryzen 9 8945H,"Octa Core, 16 Threads",16 GB DDR5 RAM,1 TB SSD,8 GB NVIDIA GeForce RTX 4060,"15.6 inches, 1920 x 1080 pixels",Windows 11 OS,1 Year Warranty,Asus,13198.94,15.6,1920.0,1080.0,False
Acer Swift Go 14 SFG14-41 NX.KG3SI.008 Laptop (AMD Ryzen 7 7730U/ 16GB/ 1TB SSD/ Win11),4.3,7th Gen AMD Ryzen 7 7730U,"Octa Core, 16 Threads",16 GB  RAM,1 TB SSD,AMD Radeon Graphics,"14 inches, 1920 x 1080 pixels",Windows 11 OS,1 Year Warranty,Acer,5595.74,14.0,1920.0,1080.0,False
MSI Raider A18 HX A7VHG-017IN Gaming Laptop (AMD Ryzen 9 7945HX/ 32GB/ 1TB SSD/ Win11/ 12GB RTX 4080 Graphics ),4.1,7th Gen AMD Ryzen 9 7945HX,"16 Cores, 32 Threads",32 GB DDR5 RAM,1 TB SSD,12 GB NVIDIA GeForce RTX 4080,"18 inches, 2560 x 1600 pixels",Windows 11 OS,2 Year Warranty,MSI,28510.94,18.0,2560.0,1600.0,False
Acer Aspire Lite 15 AL15-52H Laptop (12th Gen Core i5/ 12GB/ 512GB SSD/ Win11),4.4,12th Gen Intel Core i5 12450H,"Octa Core (4P + 4E), 12 Threads",12 GB DDR4 RAM,512 GB SSD,Intel UHD Graphics,"15.6 inches, 1920 x 1080 pixels",Windows 11 OS,1 Year Warranty,Acer,4856.54,15.6,1920.0,1080.0,False
Lenovo Yoga Slim 7 14IMH9 83CV003MIN Laptop (Intel Core Ultra 5 125H/ 16GB/ 512GB SSD/ Win11),4.2,Intel Core Ultra 5 Series 1 125H,"14 Cores (4P + 8E + 2LP-E), 18 Threads",16 GB LPDDR5x RAM,512 GB SSD,Integrated Intel Arc Graphics,"14 inches, 1920 x 1200 pixels",Windows 11 OS,1 Year Warranty,Lenovo,8996.06,14.0,1920.0,1200.0,False
Asus Vivobook S 15 OLED S5507QA-MA551WS Laptop (Snapdragon X Plus X1P 42 100/ 16GB/ 1TB SSD/ Win11),4.5,Qualcomm Snapdragon X Plus X1P 42,N/A,16 GB LPDDR5X RAM,1 TB SSD,Qualcomm Adreno GPU,Windows 11 OS,1 Year Warranty,Backlit Keyboard,Asus,9608.54,16.0,,,False
MSI Creator M16 HX C14VFG-618IN Laptop (14th Gen Core i7/ 32GB/ 1TB SSD/ Win11/ 8GB RTX4060),4.25,14th Gen Intel Core i7 14700HX,"20 Cores (8P + 12E), 28 Threads",32 GB DDR5 RAM,1 TB SSD,8 GB NVIDIA GeForce RTX 4060,"16 inches, 2560 x 1600 pixels",Windows 11 OS,2 Year Warranty,MSI,15838.94,16.0,2560.0,1600.0,False
Acer Aspire 3 A324-51 UN.343SI.00D Laptop (12th Gen Core i3/ 16GB/ 512GB SSD/ Win11),4.65,12th Gen Intel Core i3 1215U,"Hexa Core (2P + 4E), 8 Threads",16 GB DDR4 RAM,512 GB SSD,Intel Integrated UHD,"14 inches, 1920 x 1080 pixels",Windows 11 OS,1 Year Warranty,Acer,3589.34,14.0,1920.0,1080.0,False
Asus TUF Gaming 14 FA401UU-RG033WS Gaming Laptop (AMD Ryzen 7 8845HS/ 16GB/ 1TB SSD/ Win11 Home/ 6GB Graph),4.25,8th Gen AMD Ryzen 7 8845HS,"Octa Core, 16 Threads",16 GB LPDDR5X RAM,1 TB SSD,6 GB NVIDIA GeForce RTX 4050,"14 inches, 2560 x 1600 pixels",Windows 11 OS,1 Year Warranty,Asus,12661.44,14.0,2560.0,1600.0,False
MSI Creator M16 HX C14VEG-619IN Laptop (14th Gen Core i7/ 32GB/ 1TB SSD/ Win11/ 6GB RTX4050),4.2,14th Gen Intel Core i7 14700HX,"20 Cores (8P + 12E), 28 Threads",32 GB DDR5 RAM,1 TB SSD,6 GB NVIDIA GeForce RTX 4050,"16 inches, 2560 x 1600 pixels",Windows 11 OS,2 Year Warranty,MSI,14782.94,16.0,2560.0,1600.0,False
Asus ProArt PX13 OLED HN7306WU-LX001WS Creator Laptop (AMD Ryzen AI 9 365/ 24GB/1TB SSD/ 6GB RTX 4050 Graphics),4.7,AMD Ryzen AI 9 365,"10 Cores (4P + 6E), 20 Threads",24 GB LPDDR5X RAM,1 TB SSD,6 GB NVIDIA GeForce RTX 4050,"13.3 inches, 2880 x 1800 pixels, Touch Screen",Windows 11 OS,1 Year Warranty,Asus,19006.94,13.3,2880.0,1800.0,True
Asus TUF Gaming FA401WV-RG037WS Laptop (AMD Ryzen 9 AI HX 370/ 32GB/ 2TB SSD/ Win11/ 8GB Graph),4.0,AMD Ryzen AI 9 HX 370,"12 Cores (4P + 8E), 24 Threads",32 GB LPDDR5X RAM,2 TB SSD,8 GB NVIDIA GeForce RTX 4060,"14 inches, 2560 x 1600 pixels",Windows 11 OS,1 Year Warranty,Asus,15258.25,14.0,2560.0,1600.0,False
MSI Cyborg 14 A13VE-201IN Gaming Laptop (13th Gen Core i7/ 16GB/ 512GB SSD/ Win11/ 6GB Graph),4.2,13th Gen Intel Core i7 13620H,"10 Cores (6P + 4E), 16 Threads",16 GB DDR5 RAM,512 GB SSD,6 GB Nvidia GeForce RTX 4050,"14 inches, 1920 x 1200 pixels",Windows 11 OS,2 Year Warranty,MSI,9502.94,14.0,1920.0,1200.0,False
Asus Vivobook S 14 OLED M5406WA-PP961WS Laptop (AMD Ryzen 9 HX 370/ 24GB/ 512GB SSD/ Win11),4.3,AMD Ryzen AI 9 HX 370,"12 Cores (4P + 8E), 24 Threads",24 GB LPDDR5X RAM,512 GB SSD,AMD Radeon AMD,"14 inches, 2880 x 1800 pixels",Windows 11 OS,1 Year Warranty,Asus,11076.38,14.0,2880.0,1800.0,False
MSI Cyborg 14 A13UCX-206IN Gaming Laptop (13th Gen Core i5/ 8GB/ 512GB SSD/ Win11/ 4GB Graph),4.5,13th Gen Intel Core i5 13420H,"Octa Core (4P + 4E), 12 Threads",8 GB DDR5 RAM,512 GB SSD,4 GB NVIDIA GeForce RTX 2050,"14 inches, 1920 x 1200 pixels",Windows 11 OS,2 Year Warranty,MSI,6018.14,14.0,1920.0,1200.0,False
MSI Cyborg 14 A13UCX-204IN Gaming Laptop (13th Gen Core i7/ 16GB/ 512GB SSD/ Win11/ 4GB Graph),4.05,13th Gen Intel Core i7 13620H,"10 Cores (6P + 4E), 16 Threads",16 GB DDR5 RAM,512 GB SSD,4 GB NVIDIA GeForce RTX 2050,"14 inches, 1920 x 1200 pixels",Windows 11 OS,2 Year Warranty,MSI,7179.74,14.0,1920.0,1200.0,False
MSI Cyborg 14 A13UDX-207IN Gaming Laptop (13th Gen Core i5/ 8GB/ 512GB SSD/ Win11/ 6GB Graph),4.15,13th Gen Intel Core i5 13420H,"Octa Core (4P + 4E), 12 Threads",8 GB DDR5 RAM,512 GB SSD,6 GB NVIDIA GeForce RTX 3050,"14 inches, 1920 x 1200 pixels",Windows 11 OS,2 Year Warranty,MSI,6546.14,14.0,1920.0,1200.0,False
Asus Vivobook Go 15 OLED E1504FAB-LK549WS Laptop (Ryzen 5 7520U / 16GB/ 512GB SSD/ Win11 Home),4.7,7th Gen AMD Ryzen 5 7520U,"Quad Core, 8 Threads",16 GB LPDDR5 RAM,512 GB SSD,AMD Radeon AMD,"15.6 inches, 1920 x 1080 pixels",Windows 11 OS,1 Year Warranty,Asus,5350.75,15.6,1920.0,1080.0,False
MSI Modern 14 C12MO-1213IN Laptop (12th Gen Core i3/ 16GB/ 512GB SSD/ Win11 Home),4.05,12th Gen Intel Core i3 1215U,"Hexa Core (2P + 4E), 8 Threads",16 GB  RAM,512 GB SSD,Intel Iris Xe Graphics,"14 inches, 1920 x 1080 pixels",Windows 11 OS,1 Year Warranty,MSI,3326.4,14.0,1920.0,1080.0,False
HP ZBook Power G11 A8WN1PT Laptop (Intel Core Ultra 7/16 GB/1TB SSD/Win11/6GB Graphics),4.45,Intel Core Ultra 7 Series 1 155H,"16 Cores (6P + 8E + 2LP-E), 22 Threads",16 GB DDR5 RAM,1 TB SSD,6 GB NVIDIA RTX A1000,"16 inches, 1920 x 1200 pixels",Windows 11 OS,1 Year Warranty,HP,20803.09,16.0,1920.0,1200.0,False
Lenovo Yoga Slim 7x 14Q8X9 83ED003BIN Laptop (Snapdragon X Elite/ 32GB/ 1TB SSD/ Windows 11 Home),4.0,Qualcomm Snapdragon X Elite X1E-78-100,12 Cores,32 GB LPDDR5X RAM,1 TB SSD,Qualcomm Adreno,"14.5 inches, 2944 x 1840 pixels, Touch Screen",Windows 11 OS,1 Year Warranty,Lenovo,14804.06,14.5,2944.0,1840.0,True
Asus VivoBook 15 X1504ZA-NJ341W Laptop (12th Gen Core i3/ 16GB/ 512GB SSD/ Win11),4.5,12th Gen Intel Core i3 1215U,"Hexa Core (2P + 4E), 8 Threads",16 GB DDR4 RAM,512 GB SSD,Integrated Intel UHD Graphics,"15.6 inches, 1920 x 1080 pixels",Windows 11 OS,1 Year Warranty,Asus,3991.68,15.6,1920.0,1080.0,False
Asus TUF Gaming A15 FA506NF-HN578W Gaming Laptop (AMD Ryzen 5 7535HS/ 8GB/ 512GB SSD/ Win11 Pro/ 4GB Graph),4.25,7th Gen AMD Ryzen 5 7535HS,"Hexa Core, 12 Threads",8 GB DDR4 RAM,512 GB SSD,4 GB NVIDIA GeForce RTX 2050,"15.6 inches, 1920 x 1080 pixels",Windows 11 OS,1 Year Warranty,Asus,5806.94,15.6,1920.0,1080.0,False
HP Victus 15-FA1313TX Gaming Laptop (12th Gen Core i5/ 16GB/ 512GB SSD/ Win11 Home/ RTX 2050),4.0,12th Gen Intel Core i5 12450H,"Octa Core (4P + 4E), 12 Threads",16 GB DDR4 RAM,512 GB SSD,4 GB NVIDIA GeForce RTX 2050,"15.6 inches, 1920 x 1080 pixels",Windows 11 OS,1 Year Warranty,HP,6440.54,15.6,1920.0,1080.0,False
Lenovo ThinkBook 16 G6 21KHA081IN Laptop (13th Gen Core i5/ 16GB/ 512GB SSD/ Win11 Home),4.45,13th Gen Intel Core i5 1335U,"10 Cores (2P + 8E), 12 Threads",16 GB DDR5 RAM,512 GB SSD,Iris Xe Graphics,"16 inches, 1920 x 1080 pixels",Windows 11 OS,1 Year Warranty,Lenovo,6122.69,16.0,1920.0,1080.0,False
HP 15-fd0111TU Laptop (12th Gen Core i5/ 16GB/ 512GB SSD/ Win11 Home),4.2,12th Gen Intel Core i5 1235U,"10 Cores (2P + 8E), 12 Threads",16 GB DDR4 RAM,512 GB SSD,Intel Integrated Iris Xe,"15.6 inches, 1920 x 1080 pixels",Windows 11 OS,1 Year Warranty,HP,5206.08,15.6,1920.0,1080.0,False
Lenovo ThinkPad E14 21JKS13J00 Laptop (13th Gen Core i7/ 16GB/ 1TB SSD/ Win11 Home),4.1,13th Gen Intel Core i7 1355U,"10 Cores (2P + 8E), 12 Threads",16 GB DDR4 RAM,1 TB SSD,Intel Iris Xe Graphics comes,"14 inches, 1920 x 1200 pixels",Windows 11 OS,1 Year Warranty,Lenovo,9440.53,14.0,1920.0,1200.0,False
Acer Aspire 7 A715-79G UN.34NSI.001 Gaming Laptop (13th Gen Core i5/ 8GB/ 512GB SSD/ Win11/ 4GB Graph),4.6,13th Gen Intel Core i5 13420H,"Octa Core (4P + 4E), 12 Threads",8 GB DDR4 RAM,512 GB SSD,4 GB NVIDIA GeForce RTX 2050,"15.6 inches, 1920 x 1080 pixels",Windows 11 OS,1 Year Warranty,Acer,6334.94,15.6,1920.0,1080.0,False
Dell Inspiron 5445 Laptop (AMD Ryzen 5 8540U/ 16GB/ 512GB SSD/ Windows 11 Home),4.6,8th Gen AMD Ryzen 5 8540U,"Hexa Core, 12 Threads",16 GB DDR5 RAM,512 GB SSD,AMD Radeon Graphics,"14 inches, 1920 x 1200 pixels",Windows 11 OS,1 Year Warranty,Dell,6377.18,14.0,1920.0,1200.0,False
MSI Modern 14 C12MO-1249IN Laptop (12th Gen Core i5/ 8GB/ 512GB SSD/ Win11 Home),4.65,12th Gen Intel Core i5 1235U,"10 Cores (2P + 8E), 12 Threads",8 GB DDR4 RAM,512 GB SSD,Intel Iris Xe Graphics,"14 inches, 1920 x 1080 pixels",Windows 11 OS,1 Year Warranty,MSI,3906.14,14.0,1920.0,1080.0,False
Acer Aspire 3 Spin 14 NX.KENSI.004 Laptop (Intel Core i3 N305/ 8GB/ 512GB SSD/ Win11 Pro),4.2,Intel Core i3 N305,"Octa Core, 8 Threads",8 GB DDR4 RAM,512 GB SSD,Intel UHD Graphics,"14 inches, 1920 x 1200 pixels",Windows 11 OS,1 Year Warranty,Acer,4434.14,14.0,1920.0,1200.0,False
Acer Aspire 5 NX.KHFSI.007 Laptop (13th Gen Core i5/ 16GB/ 512GB SSD/ Win11 Home),4.5,13th Gen Intel Core i5 1335U,"10 Cores (2P + 8E), 12 Threads",16 GB LPDDR5 RAM,512 GB SSD,Intel Iris Xe Graphics,"15.6 inches, 1920 x 1080 pixels",Windows 11 OS,1 Year Warranty,Acer,5278.94,15.6,1920.0,1080.0,False
HP Pavilion 16 AI 16-ag0019AU Laptop (AMD Ryzen 5 8540U/ 16GB / 512GB SSD/ Win11),4.2,8th Gen AMD Ryzen 5 8540U,"Hexa Core, 12 Threads",16 GB LPDDR5 RAM,512 GB SSD,AMD Radeon AMD,"16 inches, 1920 x 1200 pixels",Windows 11 OS,1 Year Warranty,HP,6651.74,16.0,1920.0,1200.0,False
MSI Stealth 18 Mercedes AMG Motorsport Gaming Laptop (Intel Core Ultra 9/ 32GB/ 1TB SSD/ Win11 Home/ 12GB Graph),4.0,Intel Core Ultra 9 Series 1 185H,"16 Cores (6P + 8E + 2LP-E), 22 Threads",32 GB DDR5 RAM,1 TB SSD,12 GB NVIDIA GeForce RTX 4080,"18 inches, 3840 x 2400 pixels",Windows 11 OS,2 Year Warranty,MSI,33790.94,18.0,3840.0,2400.0,False
Apple MacBook Air 2024 MXCR3HN/A Laptop (Apple M3/ 16GB/ 1TB SSD/ MacOS),4.25,Apple M3,Octa Core (4P + 4E),16 GB  RAM,1 TB SSD,Apple 10 Core GPU,"13.6 inches, 2560 x 1664 pixels",Mac OS,1 Year Warranty,Apple,18469.44,13.6,2560.0,1664.0,False
HP 15-fd0129TU Laptop (13th Gen Core i3/ 8GB/ 512GB SSD/ Win11 Home),4.55,13th Gen Intel Core i3 1315U,"Hexa Core (2P + 4E), 8 Threads",8 GB DDR4 RAM,512 GB SSD,Intel Integrated UHD,"15.6 inches, 1920 x 1080 pixels",Windows 11 OS,1 Year Warranty,HP,4105.73,15.6,1920.0,1080.0,False
Asus Vivobook S15 OLED S5504VA-MA943WS Laptop (13th Gen Core i9/ 16GB/ 512GB SSD/ Win11),4.75,13th Gen Intel Core i9 13900H,"14 Cores (6P + 8E), 20 Threads",16 GB LPDDR5 RAM,512 GB SSD,Intel Iris Xe Graphics,"15.6 inches, 2880 x 1620 pixels",Windows 11 OS,1 Year Warranty,Asus,9714.14,15.6,2880.0,1620.0,False
MSI Modern 15 B12MO-1006IN Laptop (12th Gen Core i7/ 16GB/ 512GB SSD/ Win11 Home),4.1,12th Gen Intel Core i7 1255U,"10 Cores (2P + 8E), 12 Threads",16 GB DDR4 RAM,512 GB SSD,Intel Integrated Iris Xe,"15.6 inches, 1920 x 1080 pixels",Windows 11 OS,1 Year Warranty,MSI,5595.74,15.6,1920.0,1080.0,False
MSI Modern 15  B12MO-1007IN Laptop (12th Gen Core i5/ 16GB/ 512GB SSD/ Win11 Home),4.75,12th Gen Intel Core i5 1235U,"10 Cores (2P + 8E), 12 Threads",16 GB DDR4 RAM,512 GB SSD,Intel Integrated Iris Xe,"15.6 inches, 1920 x 1080 pixels",Windows 11 OS,1 Year Warranty,MSI,4698.14,15.6,1920.0,1080.0,False
Dell 3530 Inspiron 15 Laptop (13th Gen Core i5/ 16GB/ 1TB SSD/ Win11 Home),4.15,13th Gen Intel Core i5 1334U,"10 Cores (2P + 8E), 12 Threads",16 GB DDR4 RAM,1 TB SSD,Intel Integrated Integrated,"15.6 inches, 1920 x 1080 pixels",Windows 11 OS,1 Year Warranty,Dell,6070.94,15.6,1920.0,1080.0,False
Lenovo ThinkPad E14 21JKS0X900 Laptop (13th Gen Core i5/ 16GB/ 1TB SSD/ Win11 Home),4.3,13th Gen Intel Core i5 1335U,"10 Cores (2P + 8E), 12 Threads",16 GB DDR4 RAM,1 TB SSD,Intel Iris Xe Graphics comes,"14 inches, 1920 x 1200 pixels",Windows 11 OS,1 Year Warranty,Lenovo,7918.94,14.0,1920.0,1200.0,False
Lenovo LOQ 2024 83GS0098IN Gaming Laptop (12th Gen Core i5/ 24GB/ 512GB SSD/ Win11/ 6GB RTX 3050 Graph),4.1,12th Gen Intel Core i5 12450HX,"Octa Core (4P + 4E), 12 Threads",24 GB DDR5 RAM,512 GB SSD,6 GB NVIDIA GeForce RTX 3050,"15.6 inches, 1920 x 1080 pixels",Windows 11 OS,1 Year Warranty,Lenovo,7887.26,15.6,1920.0,1080.0,False
HP Victus 15-fa1321TX Gaming Laptop (13th Gen Core i7/ 16GB/ 512GB SSD/ Win11 Home/ 6GB RTX3050 Graph),4.45,13th Gen Intel Core i7 13620H,"10 Cores (6P + 4E), 16 Threads",16 GB DDR4 RAM,512 GB SSD,6 GB NVIDIA GeForce RTX 3050,"15.6 inches, 1920 x 1080 pixels",Windows 11 OS,1 Year Warranty,HP,8869.34,15.6,1920.0,1080.0,False
Asus TUF Gaming A15 FA506NCR-HN075WS Laptop (AMD Ryzen 7 7435HS/ 16GB / 512GB SSD/ Win11 Home / 4GB Graph),4.7,7th Gen AMD Ryzen 7 7435HS,"Octa Core, 16 Threads",16 GB DDR5 RAM,512 GB SSD,4 GB NVIDIA GeForce RTX 3050,"15.6 inches, 1920 x 1080 pixels",Windows 11 OS,1 Year Warranty,Asus,7074.14,15.6,1920.0,1080.0,False
Lenovo LOQ 15IRX9 83DV00PQIN Gaming Laptop (13th Gen Core i5/ 16GB/ 512GB SSD/ Win11/ 6GB RTX3050),4.0,13th Gen Intel Core i5 13450HX,"10 Cores (6P + 4E), 16 Threads",16 GB DDR5 RAM,512 GB SSD,6 GB NVIDIA GeForce RTX 3050,"15.6 inches, 1920 x 1080 pixels",Windows 11 OS,1 Year Warranty,Lenovo,8235.74,15.6,1920.0,1080.0,False
MSI Modern 14 C12MO-1211IN Laptop (12th Gen Core i7/ 16GB/ 512GB SSD/ Win11 Home),4.15,12th Gen Intel Core i7 1255U,"10 Cores (2P + 8E), 12 Threads",16 GB  RAM,512 GB SSD,Intel Iris Xe Graphics,"14 inches, 1920 x 1080 pixels",Windows 11 OS,1 Year Warranty,MSI,4856.54,14.0,1920.0,1080.0,False
Lenovo IdeaPad Slim 5 16IMH9 83DC003GIN Laptop (Intel Core Ultra 5/ 16GB RAM/ 512GB SSD/ Win 11),4.1,Intel Core Ultra 5 Series 1 125H,"14 Cores (4P + 8E + 2LP-E), 18 Threads",16 GB LPDDR5 RAM,512 GB SSD,Intel Arc Graphics,"16 inches, 1920 x 1200 pixels",Windows 11 OS,1 Year Warranty,Lenovo,7496.54,16.0,1920.0,1200.0,False
HP Victus Special Edition 15-fa1379TX Gaming Laptop (12th Gen Core i5/ 16GB/ 512GB SSD/ Win11 Home/ RTX 3050A),4.05,12th Gen Intel Core i5 12450H,"Octa Core (4P + 4E), 12 Threads",16 GB DDR4 RAM,512 GB SSD,4 GB NVIDIA GeForce RTX 3050A,"15.6 inches, 1920 x 1080 pixels",Windows 11 OS,1 Year Warranty,HP,6948.48,15.6,1920.0,1080.0,False
Asus Vivobook 15 X1504ZA-NJ549WS Laptop (12th Gen Core i5/ 16GB/ 512GB SSD/ Win11),4.7,12th Gen Intel Core i5 1235U,"10 Cores (2P + 8E), 12 Threads",16 GB DDR4 RAM,512 GB SSD,Intel Integrated Integrated,"15.6 inches, 1920 x 1080 pixels",Windows 11 OS,1 Year Warranty,Asus,4909.34,15.6,1920.0,1080.0,False
Acer Predator Helios 16 NH.QNXSI.004 Gaming Laptop (14th Gen Core i7/ 16GB/ 1TB SSD/ Win11/ 8GB RTX4070),4.5,14th Gen Intel Core i7 14700HX,"20 Cores (8P + 12E), 28 Threads",16 GB DDR5 RAM,1 TB SSD,8 GB NVIDIA GeForce RTX 4070,"16 inches, 2560 x 1600 pixels",Windows 11 OS,1 Year Warranty,Acer,20062.94,16.0,2560.0,1600.0,False
Lenovo Yoga Book 9 83FF0034IN Laptop (Intel Evo Core Ultra 7 155U/ 32GB/ 1TB SSD/ Win11),4.3,Intel Core Ultra 7 155U,"12 Cores (2P + 8E + 2LP-E), 14 Threads",32 GB LPDDR5x RAM,1 TB SSD,Intel Integrated Graphics,"13.3 inches, 2880 x 1800 pixels, Touch Screen",Windows 11 OS,3 Year Warranty,Lenovo,25342.94,13.3,2880.0,1800.0,True
Lenovo Yoga Pro 9 16IMH9 83DN004VIN Laptop (Intel Evo Core Ultra 9 185H/ 32GB/ 1TB SSD/ Win11 Home/ 6GB Graphics),4.15,Intel Core Ultra 9 Series 1 185H,"16 Cores (6P + 8E + 2LP-E), 22 Threads",32 GB LPDDR5x RAM,1 TB SSD,6 GB NVIDIA GeForce RTX 4050,"16 inches, 3200 x 2000 pixels",Windows 11 OS,1 Year Warranty,Lenovo,19239.26,16.0,3200.0,2000.0,False
Lenovo Yoga 9 83AC001LIN Laptop (Intel Evo Core Ultra 7 155H/ 32GB/ 1TB SSD/ Win11),4.55,Intel Core Ultra 7 Series 1 155H,"16 Cores (6P + 8E + 2LP-E), 22 Threads",32 GB LPDDR5x RAM,1 TB SSD,Intel Arc Graphics,"14 inches, 2880 x 1800 pixels, Touch Screen",Windows 11 OS,1 Year Warranty,Lenovo,19028.06,14.0,2880.0,1800.0,True
Asus TUF Gaming A15 FA506NFR-HN045W Laptop (AMD Ryzen 7 7435HS/ 16GB / 512GB SSD/ Win11/ 4GB Graph),4.35,7th Gen AMD Ryzen 7 7435HS,"Octa Core, 16 Threads",16 GB DDR5 RAM,512 GB SSD,4 GB NVIDIA GeForce RTX 2050,"15.6 inches, 1920 x 1080 pixels",Windows 11 OS,1 Year Warranty,Asus,6651.74,15.6,1920.0,1080.0,False
HP Victus Special Edition 15-fa1382TX Gaming Laptop (12th Gen Core i7/ 16GB/ 512GB SSD/ Win11 Home/ RTX 3050A),4.35,12th Gen Intel Core i7 12650H,"10 Cores (6P + 4E), 16 Threads",16 GB DDR4 RAM,512 GB SSD,4 GB NVIDIA GeForce RTX 3050A,"15.6 inches, 1920 x 1080 pixels",Windows 11 OS,1 Year Warranty,HP,7549.34,15.6,1920.0,1080.0,False
HP OmniBook X 14-fe0121QU AI Laptop (Snapdragon X Elite X1E-78-100/ 16GB/ 1TB SSD/ Win11),4.75,Qualcomm Snapdragon X Elite X1E-78-100,12 Cores,16 GB LPDDR5X RAM,1 TB SSD,Qualcomm Adreno GPU,"14 inches, 2240 x 1400 pixels, Touch Screen",Windows 11 OS,1 Year Warranty,HP,14435.52,14.0,2240.0,1400.0,True
Lenovo IdeaPad 1 15ALC7 82R400EFIN Laptop (AMD Ryzen 7 5700U/ 16GB/ 512GB SSD/ Win11 Home),4.05,5th Gen AMD Ryzen 7 5700U,"Octa Core, 16 Threads",16 GB DDR4 RAM,512 GB SSD,AMD Radeon,"15.6 inches, 1920 x 1080 pixels",Windows 11 OS,1 Year Warranty,Lenovo,4434.14,15.6,1920.0,1080.0,False
Asus TUF Gaming F15 FX577ZC-HN193W Gaming Laptop (12th Gen Core i7/ 16GB/512GB SSD/ Win11 / 4GB Graph),4.5,12th Gen Intel Core i7 12700H,"14 Cores (6P + 8E), 20 Threads",16 GB DDR5 RAM,512 GB SSD,4 GB NVIDIA GeForce RTX 3050,"15.6 inches, 1920 x 1080 pixels",Windows 11 OS,1 Year Warranty,Asus,8130.14,15.6,1920.0,1080.0,False
HP Victus Special Edition 15-fa1389TX Gaming Laptop (12th Gen Core i7/ 16GB/ 1TB SSD/ Win11 Home/ RTX 3050A),4.5,12th Gen Intel Core i7 12650H,"10 Cores (6P + 4E), 16 Threads",16 GB DDR4 RAM,1 TB SSD,4 GB NVIDIA GeForce RTX 3050A,"15.6 inches, 1920 x 1080 pixels",Windows 11 OS,1 Year Warranty,HP,8024.54,15.6,1920.0,1080.0,False
Asus TUF Gaming A15 FA566NFR-HN259W Laptop (AMD Ryzen 7 7435HS/ 16GB / 512GB SSD/ Win11 Home / 4GB Graph),4.15,7th Gen AMD Ryzen 7 7435HS,"Octa Core, 16 Threads",16 GB DDR5 RAM,512 GB SSD,4 GB NVIDIA GeForce RTX 2050,"15.6 inches, 1920 x 1080 pixels",Windows 11 OS,1 Year Warranty,Asus,6282.14,15.6,1920.0,1080.0,False
Acer Aspire Lite AL15-52 Laptop (Intel 12th Gen Core i7/ 16GB/ 1TB SSD/ Win11),4.5,12th Gen Intel Core i7 1255U,"10 Cores (2P + 8E), 12 Threads",16 GB DDR4 RAM,1 TB SSD,Intel Graphics,"15.6 inches, 1920 x 1080 pixels",Windows 11 OS,1 Year Warranty,Acer,5912.54,15.6,1920.0,1080.0,False
HP Victus 15-fa1388TX Gaming Laptop (12th Gen Core i5/ 16GB/ 1TB SSD/ Win11/ 4GB Graph),4.45,12th Gen Intel Core i5 12450H,"Octa Core (4P + 4E), 12 Threads",16 GB DDR4 RAM,1 TB SSD,4 GB NVIDIA GeForce RTX 3050A,"15.6 inches, 1920 x 1080 pixels",Windows 11 OS,1 Year Warranty,HP,7285.34,15.6,1920.0,1080.0,False
HP 15-fc0155AU Laptop (AMD Ryzen 5 7520U/ 8GB/ 512GB SSD/ Win11 Home),4.25,7th Gen AMD Ryzen 5 7520U,"Quad Core, 8 Threads",8 GB LPDDR5 RAM,512 GB SSD,AMD Radeon AMD,"15.6 inches, 1920 x 1080 pixels",Windows 11 OS,1 Year Warranty,HP,4200.77,15.6,1920.0,1080.0,False
HP Victus 15-fa0333TX Gaming Laptop (12th Gen Core i5/ 16GB/ 512GB SSD/ Win11/ 4GB RTX 3050),4.2,12th Gen Intel Core i5 12450H,"Octa Core (4P + 4E), 12 Threads",16 GB DDR4 RAM,512 GB SSD,4 GB NVIDIA GeForce RTX 3050,"15.6 inches, 1920 x 1080 pixels",Windows 11 OS,1 Year Warranty,HP,7159.68,15.6,1920.0,1080.0,False
HP 14-gr1022TU Laptop (Intel Core Ultra 5 125H/ 16GB/ 512GB SSD/ Win11 Home),4.3,Intel Core Ultra 5 Series 1 125H,"14 Cores (4P + 8E + 2LP-E), 18 Threads",16 GB DDR5 RAM,512 GB SSD,Intel Arc Graphics,"14 inches, 1920 x 1080 pixels",Windows 11 OS,1 Year Warranty,HP,7126.94,14.0,1920.0,1080.0,False
Acer Aspire 3 A324-45 Laptop (Intel Core Celeron N4500/ 8GB/ 512GB SSD/ Win11),4.35,Intel Celeron N4500,"Dual Core, 2 Threads",8 GB LPDDR4X RAM,512 GB SSD,Intel Integrated UHD,"14 inches, 1366 x 768 pixels",Windows 11 OS,1 Year Warranty,Acer,2427.74,14.0,1366.0,768.0,False
Acer Aspire 3 14 A324-45 Laptop (Intel Core Celeron N4500/ 8GB/ 256GB SSD/ Win11),4.25,Intel Celeron N4500,"Dual Core, 2 Threads",8 GB LPDDR4X RAM,256 GB SSD,Intel Integrated UHD,"14 inches, 1366 x 768 pixels",Windows 11 OS,1 Year Warranty,Acer,2269.34,14.0,1366.0,768.0,False
HP Chromebook 14a-nf0017tu Laptop (Intel Core i3-N305/ 8GB/ 256GB UFS/ Chrome OS),4.45,Intel Core i3 N305,"Octa Core, 8 Threads",8 GB LPDDR5 RAM,256 GB Hard Disk,Intel Integrated UHD,"14 inches, 1080 x 1920 pixels, Touch Screen",Chrome OS,1 Year Warranty,HP,4962.14,14.0,1080.0,1920.0,True
Dell XPS 13 9345 AI Laptops (Snapdragon X Elite X1E-80-100/ 16GB/ 512GB SSD/ Win11),4.25,Qualcomm Snapdragon X Elite X1E-80-100,12 Cores,16 GB LPDDR5X RAM,512 GB SSD,Qualcomm Adreno GPU,"13.4 inches, 1920 x 1200 pixels, Touch Screen",Windows 11 OS,1 Year Warranty,Dell,14951.16,13.4,1920.0,1200.0,True
HP Chromebook x360 14b-cd0012TU Laptop (Intel Processor N200/ 8GB/ 128GB UFS/ Chrome OS),4.05,Intel N200 N200,"Quad Core, 4 Threads",8 GB LPDDR5 RAM,128 GB Hard Disk,Intel Integrated UHD,"14 inches, 1366 x 768 pixels, Touch Screen",Chrome OS OS,1 Year Warranty,HP,4328.54,14.0,1366.0,768.0,True
Acer Aspire 3D 15 SpatialLabs Edition  A3D15-71GM 3D Laptop (13th Gen Core i7/ 16GB/ 1TB SSD/ Win11/ 6GB RTX 4050),4.4,13th Gen Intel Core i7 13620H,"10 Cores (6P + 4E), 16 Threads",16 GB DDR5 RAM,1 TB SSD,6 GB NVIDIA GeForce RTX 4050,"15.6 inches, 3840 x 2160 pixels",Windows 11 OS,2 Year Warranty,Acer,18478.94,15.6,3840.0,2160.0,False
Acer Aspire 3 A325-45 Laptop (Intel Core Celeron N4500/ 8GB/ 512GB SSD/ Win11),4.2,Intel Celeron N4500,"Dual Core, 2 Threads",8 GB LPDDR4X RAM,512 GB SSD,Intel UHD,"15.6 inches, 1366 x 768 pixels",Windows 11 OS,1 Year Warranty,Acer,2427.74,15.6,1366.0,768.0,False
Lenovo Ideapad 5 83DR003BIN 2-in-1 Laptop (AMD Ryzen 7 8845HS/ 16GB/ 512GB SSD/ Win11 Home),4.0,8th Gen AMD Ryzen 7 8845HS,"Octa Core, 16 Threads",16 GB LPDDR5X RAM,512 GB SSD,AMD Radeon,"14 inches, 1920 x 1200 pixels, Touch Screen",Windows 11 OS,1 Year Warranty,Lenovo,8204.06,14.0,1920.0,1200.0,True
Lenovo Ideapad 5 14AHP9 2-in-1 83DR003DIN Laptop (AMD Ryzen 5 8645HS/ 16GB/ 512GB SSD/ Win11 Home),4.5,8th Gen AMD Ryzen 5 8645HS,"Hexa Core, 12 Threads",16 GB LPDDR5X RAM,512 GB SSD,AMD Radeon,"14 inches, 1920 x 1200 pixels, Touch Screen",Windows 11 OS,1 Year Warranty,Lenovo,7676.06,14.0,1920.0,1200.0,True
HP Chromebook x360 14b-cd0014TU Laptop (Intel Core i3-N305/ 8GB/ 256GB UFS/ Chrome OS),4.15,Intel Core i3 N305,"Octa Core, 8 Threads",8 GB LPDDR5 RAM,256 GB Hard Disk,Intel Integrated UHD,"14 inches, 1366 x 768 pixels, Touch Screen",Chrome OS OS,1 Year Warranty,HP,4397.29,14.0,1366.0,768.0,True
Acer Aspire Lite UN.34ESI.005 Gaming Laptop ( Intel Core i3 1305U / 8GB/ 512GB SSD/ Win11),4.35,13th Gen Intel Core i3 1305U,"5 Cores (1P + 4E), 6 Threads",8 GB DDR4 RAM,512 GB SSD,Intel UHD Graphics,"15.6 inches, 1920 x 1080 pixels",Windows 11 OS,1 Year Warranty,Acer,3272.54,15.6,1920.0,1080.0,False
Lenovo Ideapad Gaming 3 15ARH7 82SB00QSIN Laptop (AMD Ryzen 7 7735HS / 16GB/ 512GB SSD/ Win11/ 6GB Graph RTX 3050),4.5,7th Gen AMD Ryzen 7 7735HS,"Octa Core, 16 Threads",16 GB DDR5 RAM,512 GB SSD,6 GB NVIDIA GeForce RTX 3050,"15.6 inches, 1920 x 1080 pixels",Windows 11 OS,1 Year Warranty,Lenovo,8052.0,15.6,1920.0,1080.0,False
HP Chromebook 14a-nf0014tu Laptop (Intel Processor N100/ 4GB/ 64GB UFS/ Chrome OS),4.35,Intel N100 N100,"Quad Core, 4 Threads",4 GB LPDDR5 RAM,64 GB Hard Disk,Intel Integrated UHD,"14 inches, 1366 x 768 pixels, Touch Screen",Chrome OS,1 Year Warranty,HP,3126.82,14.0,1366.0,768.0,True
HP Pavilion Aero 13-bg0016AU Laptop (AMD Ryzen 5 8640U/ 16GB / 512GB SSD/ Win11),4.75,8th Gen AMD Ryzen 5 8640U,"Hexa Core, 12 Threads",16 GB LPDDR5x RAM,512 GB SSD,AMD Radeon AMD,"13.3 inches, 1920 x 1200 pixels",Windows 11 OS,1 Year Warranty,HP,8288.54,13.3,1920.0,1200.0,False
Lenovo IdeaPad Slim 3 14IRU8 82X6004GIN Laptop (13th Gen Core i3/ 8GB/ 512GB SSD/ Win11),4.35,13th Gen Intel Core i3 1305U,"5 Cores (1P + 4E), 6 Threads",8 GB LPDDR5 RAM,512 GB SSD,Integrated Intel UHD Graphics,"15.6 inches, 1920 x 1080 pixels",Windows 11 OS,1 Year Warranty,Lenovo,3927.26,15.6,1920.0,1080.0,False
Lenovo IdeaPad Slim 5 15IRU9 83E6001JIN Laptop (Intel Core 5 120U/ 16 GB RAM/ 512GB SSD/ Win 11),4.5,Intel Core 5 Processor Series 1 120U,"10 Cores (2P + 8E), 12 Threads",16 GB LPDDR5x RAM,512 GB SSD,Intel Integrated,"15.6 inches, 1920 x 1080 pixels",Windows 11 OS,1 Year Warranty,Lenovo,6408.86,15.6,1920.0,1080.0,False
MSI Modern 15 H AI C1MG-045IN Laptop (Intel Core Ultra 7 155H/ 16GB/ 1TB SSD/ Win11 Home),4.7,Intel Core Ultra 7 Series 1 155H,"16 Cores (6P + 8E + 2LP-E), 22 Threads",16 GB DDR5 RAM,1 TB SSD,Intel Arc Graphics,"15.6 inches, 1920 x 1080 pixels",Windows 11 OS,1 Year Warranty,MSI,6968.54,15.6,1920.0,1080.0,False
MSI Katana A17 AI B8VE-884IN Gaming Laptop (AMD Ryzen 9 8945HS/ 16GB/ 1TB SSD/ Win11 Home/ 6GB Graph),4.65,8th Gen AMD Ryzen 9 8945HS,"Octa Core, 16 Threads",16 GB DDR5 RAM,1 TB SSD,6 GB NVIDIA GeForce RTX 4050,"17.3 inches, 1920 x 1080 pixels",Windows 11 OS,2 Year Warranty,MSI,10558.94,17.3,1920.0,1080.0,False
HP 15s-fy5011TU Laptop (12th Gen Core i3/ 8GB/ 512GB SSD/ Win11 Home),4.05,12th Gen Intel Core i3 1215U,"Hexa Core (2P + 4E), 8 Threads",8 GB DDR4 RAM,512 GB SSD,Intel UHD Graphics,"15.6 inches, 1920 x 1080 pixels",Windows 11 OS,1 Year Warranty,HP,3589.34,15.6,1920.0,1080.0,False
Dell 16 Inspiron 5630 Laptop (13th Gen Core i7/ 16GB/ 1TB SSD/ Win11),4.05,13th Gen Intel Core i7 1360P,"12 Cores (4P + 8E), 16 Threads",16 GB LPDDR5 RAM,1 TB SSD,Intel Iris Xe Graphics,"16 inches, 2560 x 1600 pixels",Windows 11 OS,1 Year Warranty,Dell,9502.94,16.0,2560.0,1600.0,False
Lenovo Ideapad Gaming 3 15ARH7 82SB00QKIN Laptop (AMD Ryzen 5 7535HS / 16GB/ 512GB SSD/ Win11 Home/ 6GB Graph),4.2,7th Gen AMD Ryzen 5 7535HS,"Hexa Core, 12 Threads",16 GB DDR5 RAM,512 GB SSD,6 GB NVIDIA GeForce RTX 3050,"15.6 inches, 1920 x 1080 pixels",Windows 11 OS,1 Year Warranty,Lenovo,7496.54,15.6,1920.0,1080.0,False
Asus TUF Gaming F15 FX507VU-LP210W Gaming Laptop (13th Gen Core i7/ 16GB/ 512GB SSD/ Win11 Home/ 6GB Graph),4.2,13th Gen Intel Core i7 13620H,"10 Cores (6P + 4E), 16 Threads",16 GB DDR4 RAM,512 GB SSD,6 GB NVIDIA GeForce RTX 4050,"15.6 inches, 1920 x 1080 pixels",Windows 11 OS,1 Year Warranty,Asus,10242.14,15.6,1920.0,1080.0,False
Asus Vivobook 16 X1605ZAC-MB542WS Laptop (12th Gen Core i5/ 16GB/ 512GB SSD/ Win11 Home),4.05,12th Gen Intel Core i5 12500H,"12 Cores (4P + 8E), 16 Threads",16 GB DDR4 RAM,512 GB SSD,Intel Iris Xe Graphics,"16 inches, 1920 x 1200 pixels",Windows 11 OS,1 Year Warranty,Asus,5806.94,16.0,1920.0,1200.0,False
Lenovo IdeaPad Slim 3 82RJ00FGIN Laptop (12th Gen Core i3/ 8GB/ 512GB SSD/ Win11),4.4,12th Gen Intel Core i3 1215U,"Hexa Core (2P + 4E), 8 Threads",8 GB DDR4 RAM,512 GB SSD,Intel UHD Graphics,"14 inches, 1920 x 1080 pixels",Windows 11 OS,1 Year Warranty,Lenovo,3230.41,14.0,1920.0,1080.0,False
Asus Vivobook S 15 OLED 2024 S5506MA-MA951WS Laptop (Intel Core Ultra 9 185H/ 16GB/ 1TB SSD/ Win11),4.05,Intel Core Ultra 9 Series 1 185H,"16 Cores (6P + 8E + 2LP-E), 22 Threads",16 GB LPDDR5X RAM,1 TB SSD,Intel Integrated Arc,"15.6 inches, 2880 x 1620 pixels",Windows 11 OS,1 Year Warranty,Asus,12670.94,15.6,2880.0,1620.0,False
MSI Crosshair 16 HX Monster Hunter Edition D14VFKG-408IN Gaming Laptop (14th Gen Core i7/ 16GB/ 1TB SSD/ Win11/ 8GB RTX4060),4.4,14th Gen Intel Core i7 14700HX,"20 Cores (8P + 12E), 28 Threads",16 GB DDR5 RAM,1 TB SSD,8 GB NVIDIA GeForce RTX 4060,"16 inches, 2560 x 1440 pixels",Windows 11 OS,2 Year Warranty,MSI,17739.74,16.0,2560.0,1440.0,False
Dell G15-5535 Gaming Laptop (AMD Ryzen 5 7640HS/ 16GB/ 1TB SSD/ Win11/ RTX 3050 6GB Graph),4.65,7th Gen AMD Ryzen 5 7640HS,"Hexa Core, 12 Threads",16 GB DDR5 RAM,1 TB SSD,6 GB NVIDIA GeForce RTX 3050,"15.6 inches, 1920 x 1080 pixels",Windows 11 OS,1 Year Warranty,Dell,8446.94,15.6,1920.0,1080.0,False
Lenovo LOQ 15IRX9 83DV00LWIN Gaming Laptop (13th Gen Core i5/ 24GB/ 512GB SSD/ Win11/ 6GB RTX4050),4.25,13th Gen Intel Core i5 13450HX,"10 Cores (6P + 4E), 16 Threads",24 GB DDR5 RAM,512 GB SSD,6 GB NVIDIA GeForce RTX 4050,"15.6 inches, 1920 x 1080 pixels",Windows 11 OS,1 Year Warranty,Lenovo,9291.74,15.6,1920.0,1080.0,False
Lenovo IdeaPad 5i 83DT004SIN Laptop (Intel Core 5 120U/ 16 GB RAM/ 512GB SSD/ Win 11),4.7,Intel Core 5 120U,"10 Cores (2P + 8E), 12 Threads",16 GB LPDDR5X RAM,512 GB SSD,Intel Integrated Intel,"14 inches, 1920 x 1200 pixels, Touch Screen",Windows 11 OS,1 Year Warranty,Lenovo,8520.86,14.0,1920.0,1200.0,True
Lenovo IdeaPad Slim 3 14IAH8 83EQ0063IN Laptop (12th Gen Core i5/ 8GB/ 512GB SSD/ Win11 Home),4.2,12th Gen Intel Core i5 12450H,"Octa Core (4P + 4E), 12 Threads",8 GB LPDDR5 RAM,512 GB SSD,Intel Integrated UHD Graphics,"14 inches, 1920 x 1080 pixels",Windows 11 OS,1 Year Warranty,Lenovo,5068.8,14.0,1920.0,1080.0,False
Asus TUF Gaming A15 FA506NC-HN083W Laptop (AMD Ryzen 5 7535HS/ 16GB / 512GB SSD/ Win11 Home / 4GB Graph),4.75,7th Gen AMD Ryzen 5 7535HS,"Hexa Core, 12 Threads",16 GB DDR5 RAM,512 GB SSD,4 GB NVIDIA GeForce RTX 3050,"15.6 inches, 1920 x 1080 pixels",Windows 11 OS,1 Year Warranty,Asus,6683.32,15.6,1920.0,1080.0,False
Lenovo IdeaPad Slim 5 14IMH9 83DA0002IN Laptop (Intel Core Ultra 5 125H/ 16 GB RAM/ 512GB SSD/ Win 11),4.0,Intel Core Ultra 5 125H,"14 Cores (4P + 8E + 2LP-E), 18 Threads",16 GB LPDDR5X RAM,512 GB SSD,Intel Integrated Intel Arc,"14 inches, 1920 x 1200 pixels",Windows 11 OS,1 Year Warranty,Lenovo,7728.86,14.0,1920.0,1200.0,False
Lenovo IdeaPad Slim 3 15IRH8 83EM009YIN Laptop (13th Gen Core i7/ 16GB/ 512GB SSD/ Win11),4.25,13th Gen Intel Core i7 13620H,"10 Cores (6P + 4E), 16 Threads",16 GB LPDDR5 RAM,512 GB SSD,Integrated Intel UHD Graphics,"15.6 inches, 1920 x 1080 pixels",Windows 11 OS,1 Year Warranty,Lenovo,6746.78,15.6,1920.0,1080.0,False
HP Victus 15-fb2117AX Gaming Laptop (AMD Ryzen 7 8845HS/ 16GB/ 1TB SSD/ Win11/ 6GB Graph),4.5,8th Gen AMD Ryzen 7 8845HS,"Octa Core, 16 Threads",16 GB DDR5 RAM,1 TB SSD,6 GB NVIDIA GeForce RTX 4050,"15.6 inches, 1920 x 1080 pixels",Windows 11 OS,1 Year Warranty,HP,9714.14,15.6,1920.0,1080.0,False
Asus Vivobook S 15 OLED 2024 S5507QAD-MA751WS Laptop (Qualcomm Snapdragon X Elite/ 16GB/ 1TB SSD/ Win11),4.6,Qualcomm Snapdragon X Elite X1E 78 100,"12 Cores, 12 Threads",16 GB LPDDR5X RAM,1 TB SSD,Qualcomm Adreno GPU,"15.6 inches, 2880 x 1620 pixels",Windows 11 OS,1 Year Warranty,Asus,10558.94,15.6,2880.0,1620.0,False
HP Victus 15-fb2114AX Gaming Laptop (AMD Ryzen 7 8845HS/ 16GB/ 512GB SSD/ Win11/ 6GB Graph),4.1,8th Gen AMD Ryzen 7 8845HS,"Octa Core, 16 Threads",16 GB DDR5 RAM,512 GB SSD,6 GB NVIDIA GeForce RTX 4050,"15.6 inches, 1920 x 1080 pixels",Windows 11 OS,1 Year Warranty,HP,9344.54,15.6,1920.0,1080.0,False
Lenovo IdeaPad 1 14IGL7 82V6009LIN Laptop (Celeron N4020/ 8GB/ 512GB SSD/ Win11 Home),4.55,4th Gen Intel Celeron N4020,"Dual Core, 2 Threads",8 GB DDR4 RAM,512 GB SSD,Intel Integrated UHD,"14 inches, 1366 x 768 pixels",Windows 11 OS,1 Year Warranty,Lenovo,2586.14,14.0,1366.0,768.0,False
HP Spectre x360 16-aa0015TU Laptop ( Intel Evo Core Ultra 7 155H/ 16GB/ 1TB SSD/ Win11),4.05,Intel Core Ultra 7 Series 1 155H,"16 Cores (6P + 8E + 2LP-E), 22 Threads",16 GB LPDDR5x RAM RAM,1 TB SSD,Intel Arc Graphics,"16 inches, 2560 x 1600 pixels, Touch Screen",Windows 11 OS,1 Year Warranty,HP,16653.12,16.0,2560.0,1600.0,True
Lenovo IdeaPad Slim 3 83EQ005VIN Laptop (12th Gen Core i5/ 16GB/ 512GB SSD/ Win11 Home),4.55,12th Gen Intel Core i5 12450H,"Octa Core (4P + 4E), 12 Threads",16 GB LPDDR5 RAM,512 GB SSD,Intel Integrated UHD Graphics,"14 inches, 1920 x 1080 pixels",Windows 11 OS,1 Year Warranty,Lenovo,5121.49,14.0,1920.0,1080.0,False
Acer Aspire 3 A324-51 UN.343SI.00A Laptop (12th Gen Core i7/ 16GB/ 1TB SSD/ Win11),4.2,12th Gen Intel Core i7 1255U,"10 Cores (2P + 8E), 12 Threads",16 GB  RAM,1 TB SSD,Intel Integrated Iris Xe,"14 inches, 1920 x 1080 pixels",Windows 11 OS,1 Year Warranty,Acer,4962.14,14.0,1920.0,1080.0,False
Dell 16 XPS 9640 OLED Laptop ( Intel Core Ultra 9 185H/ 32GB/ 1TB SSD/ Win11/ RTX 4060 8GB Graphics),4.0,Intel Core Ultra 9 Series 1 185H,"16 Cores (6P + 8E + 2LP-E), 22 Threads",32 GB LPDDR5x RAM,1 TB SSD,8 GB NVIDIA GeForce RTX 4060,"16.3 inches, 3840 x 2400 pixels, Touch Screen",Windows 11 OS,1 Year Warranty,Dell,38675.37,16.3,3840.0,2400.0,True
Dell XPS 16 9640 OLED Laptop (Intel Core Ultra 7 155H/ 32GB/ 1TB SSD/ Win11/ RTX 4060 8GB Graphics),4.75,Intel Core Ultra 7 Series 1 155H,"16 Cores (6P + 8E + 2LP-E), 22 Threads",32 GB LPDDR5x RAM,1 TB SSD,8 GB NVIDIA GeForce RTX 4060,"16.3 inches, 3840 x 2400 pixels, Touch Screen",Windows 11 OS,1 Year Warranty,Dell,32610.65,16.3,3840.0,2400.0,True
MSI Modern 15 H AI C1MG-046IN Laptop (Intel Core Ultra 7 155H/ 16GB/ 512GB SSD/ Win11 Home),4.35,Intel Core Ultra 7 Series 1 155H,"16 Cores (6P + 8E + 2LP-E), 22 Threads",16 GB DDR5 RAM,512 GB SSD,Intel Arc Graphics,"15.6 inches, 1920 x 1080 pixels",Windows 11 OS,1 Year Warranty,MSI,6546.14,15.6,1920.0,1080.0,False
MSI Katana A15 AI B8VF-447IN Gaming Laptop (AMD Ryzen 9 8945HS/ 16GB/ 512GB SSD/ Win11 /8GB Graph),4.25,8th Gen AMD Ryzen 9 8945HS,"Octa Core, 16 Threads",16 GB DDR5 RAM,512 GB SSD,8 GB NVIDIA GeForce RTX 4060,"15.6 inches, 1080 x 1920 pixels",Windows 11 OS,2 Year Warranty,MSI,12670.94,15.6,1080.0,1920.0,False
MSI Modern 15 H B13M-224IN Laptop (13th Gen Core i9/ 16GB/ 512GB SSD/ Win11 Home),4.6,13th Gen Intel Core i9 13900H,"14 Cores (6P + 8E), 20 Threads",16 GB DDR4 RAM,512 GB SSD,Intel Iris Xe Graphics,"15.6 inches, 1920 x 1080 pixels",Windows 11 OS,1 Year Warranty,MSI,7390.94,15.6,1920.0,1080.0,False
MSI Cyborg 15 A13VFK-1079IN Gaming Laptop (13th Gen Core i7/ 16GB/ 512GB SSD/ Win11/ 8GB Graph),4.45,13th Gen Intel Core i7 13620H,"10 Cores (6P + 4E), 16 Threads",16 GB DDR5 RAM,512 GB SSD,8 GB NVIDIA GeForce RTX 4060,"15.6 inches, 1920 x 1080 pixels",Windows 11 OS,2 Year Warranty,MSI,12142.94,15.6,1920.0,1080.0,False
MSI Katana A17 AI B8VG-868IN Gaming Laptop (AMD Ryzen 9 8945HS/ 16GB/ 1TB SSD/ Win11 Home/ 8GB Graph),4.2,8th Gen AMD Ryzen 9 8945HS,"Octa Core, 16 Threads",16 GB DDR5 RAM,1 TB SSD,8 GB NVIDIA GeForce RTX 4070,"17.3 inches, 1920 x 1080 pixels",Windows 11 OS,2 Year Warranty,MSI,14782.94,17.3,1920.0,1080.0,False
MSI Modern 14 C12MO-1204IN Laptop (12th Gen Core i5/ 8GB/ 512GB SSD/ Win11 Home),4.1,12th Gen Intel Core i5 1235U,"10 Cores (2P + 8E), 12 Threads",8 GB DDR4 RAM,512 GB SSD,Intel Integrated UHD,"14 inches, 1920 x 1080 pixels",Windows 11 OS,1 Year Warranty,MSI,3694.94,14.0,1920.0,1080.0,False
HP EliteBook Ultra AI PC Laptop (Snapdragon X Elite / 16GB/ 512GB SSD/ Win11),4.35,Qualcomm Snapdragon X Elite,N/A,16 GB LPDDR5X RAM,512 GB SSD,Qualcomm Adreno GPU,Windows 11 OS,1 Year Warranty,Backlit Keyboard,HP,17950.94,14.0,,,False
MSI Stealth 18 AI Studio A1VHG-023IN Gaming Laptop (Intel Core Ultra 9 185H/ 32GB/ 2TB SSD/ Win11 Home/ 12GB RTX 4080 Graph),4.45,Intel Core Ultra 9 Series 1 185H,"16 Cores (6P + 8E + 2LP-E), 22 Threads",32 GB DDR5 RAM,2 TB SSD,12 GB NVIDIA GeForce RTX 4080,"18 inches, 3840 x 2400 pixels",Windows 11 OS,2 Year Warranty,MSI,30622.94,18.0,3840.0,2400.0,False
MSI Modern 14 C12MO-1202IN Laptop (12th Gen Core i7/ 16GB/ 512GB SSD/ Win11 Home),4.75,12th Gen Intel Core i7 1255U,"10 Cores (2P + 8E), 12 Threads",16 GB DDR4 RAM,512 GB SSD,Intel Integrated,"14 inches, 1920 x 1080 pixels",Windows 11 OS,1 Year Warranty,MSI,5067.74,14.0,1920.0,1080.0,False
MSI Modern 14 C12MO-1203IN Laptop (12th Gen Core i5/ 16GB/ 512GB SSD/ Win11 Home),4.65,12th Gen Intel Core i5 1235U,"10 Cores (2P + 8E), 12 Threads",16 GB DDR4 RAM,512 GB SSD,Intel Integrated UHD,"14 inches, 1920 x 1080 pixels",Windows 11 OS,1 Year Warranty,MSI,4222.94,14.0,1920.0,1080.0,False
MSI Thin 15 B12UCX-1693IN Gaming Laptop (12th Gen Core i7/ 16GB/ 1TB SSD/ Win11 Home/ 4GB RTX 2050 Graph),4.65,12th Gen Intel Core i7 12650H,"10 Cores (6P + 4E), 16 Threads",16 GB DDR4 RAM,1 TB SSD,4 GB NVIDIA GeForce RTX 2050,"15.6 inches, 1920 x 1080 pixels",Windows 11 OS,2 Year Warranty,MSI,7179.74,15.6,1920.0,1080.0,False
HP Pavilion Plus 14-ew1082TU Laptop (Intel Core Ultra 5 125H/ 16GB/ 512GB SSD/ Win 11),4.6,Intel Core Ultra 5 Series 1 125H,"14 Cores (4P + 8E + 2LP-E), 18 Threads",16 GB LPDDR5x RAM,512 GB SSD,Intel Graphics,"14 inches, 2560 x 1600 pixels",Windows 11 OS,1 Year Warranty,HP,9291.74,14.0,2560.0,1600.0,False
Asus Zenbook 14 OLED 2024 UX3405MA-PZ962WS Laptop (Intel Core Ultra 9 185H/ 32GB/ 1TB SSD/ Win11 Home),4.4,Intel Core Ultra 9 Series 1 185H,"16 Cores (6P + 8E + 2LP-E), 22 Threads",32 GB LPDDR5X RAM,1 TB SSD,Intel Arc Graphics,"14 inches, 2880 x 1800 pixels, Touch Screen",Windows 11 OS,1 Year Warranty,Asus,15310.94,14.0,2880.0,1800.0,True
HP 15s-fy5008TU Laptop (12th Gen Core i5/ 8GB/ 512GB SSD/ Win11 Home),4.1,12th Gen Intel Core i5 1235U,"10 Cores (2P + 8E), 12 Threads",8 GB DDR4 RAM,512 GB SSD,Intel Integrated UHD,"15.6 inches, 1920 x 1080 pixels",Windows 11 OS,1 Year Warranty,HP,4751.89,15.6,1920.0,1080.0,False
Asus Vivobook 16X K3605ZF-MBN546WS Laptop (12th Gen Core i5/ 16GB/ 512GB SSD/ Win11 Home/ 4GB Graph),4.25,12th Gen Intel Core i5 12500H,"12 Cores (4P + 8E), 16 Threads",16 GB DDR4 RAM,512 GB SSD,4 GB NVIDIA GeForce RTX 2050,"16 inches, 1920 x 1200 pixels",Windows 11 OS,1 Year Warranty,Asus,6546.14,16.0,1920.0,1200.0,False
Acer Aspire 3 A324-51 UN.343SI.003 Laptop (12th Gen Core i5/ 16GB/ 512GB SSD/ Win11),4.55,12th Gen Intel Core i5 1235U,"10 Cores (2P + 8E), 12 Threads",16 GB  RAM,512 GB SSD,Intel Integrated UHD,"14 inches, 1920 x 1080 pixels",Windows 11 OS,1 Year Warranty,Acer,4328.54,14.0,1920.0,1080.0,False
Asus ROG Zephyrus G16 OLED 2024 GU605MZ-CO931WS Gaming Laptop (Intel Core Ultra 9 185H/ 32GB/ 1TB SSD/ Win11 Home/ 12GB Graph),4.65,Intel Core Ultra 9 185H,"16 Cores (6P + 8E + 2LP-E), 22 Threads",32 GB LPDDR5X RAM,1 TB SSD,12 GB NVIDIA GeForce RTX 4080,"16 inches, 2560 x 1600 pixels",Windows 11 OS,1 Year Warranty,Asus,31140.38,16.0,2560.0,1600.0,False
MSI Titan 18 HX A14VHG-207IN Gaming Laptop (14th Gen Core i9/ 64GB/ 2TB SSD/ Win11 Home/ RTX 4080),4.7,14th Gen Intel Core i9 14900HX,"24 Cores (8P + 16E), 32 Threads",64 GB DDR5 RAM,2 TB SSD,12 GB NVIDIA GeForce RTX 4080,"18 inches, 3840 x 2400 pixels",Windows 11 OS,2 Year Warranty,MSI,42238.94,18.0,3840.0,2400.0,False
HP Victus 15-FA1310TX Gaming Laptop (12th Gen Core i5/ 8GB/ 512GB SSD/ Win11/ 4GB RTX 2050),4.4,12th Gen Intel Core i5 12450H,"Octa Core (4P + 4E), 12 Threads",8 GB DDR4 RAM,512 GB SSD,4 GB NVIDIA GeForce RTX 2050,"15.6 inches, 1920 x 1080 pixels",Windows 11 OS,1 Year Warranty,HP,5912.54,15.6,1920.0,1080.0,False
MSI Stealth 18 AI Studio A1VIG-022IN Gaming Laptop (Intel Core Ultra 9 185H/ 32GB/ 2TB SSD/ Win11 Home/ 16GB RTX 4090 Graph),4.45,Intel Core Ultra 9 Series 1 185H,"16 Cores (6P + 8E + 2LP-E), 22 Threads",32 GB DDR5 RAM,2 TB SSD,16 GB NVIDIA GeForce RTX 4090,"18 inches, 3840 x 2400 pixels",Windows 11 OS,2 Year Warranty,MSI,35902.94,18.0,3840.0,2400.0,False
Lenovo LOQ 2024 83GS003NIN Gaming Laptop (12th Gen Core i5/ 16GB/ 512GB SSD/ Win11/ 6GB RTX 3050 Graph),4.65,12th Gen Intel Core i5 12450HX,"Octa Core (4P + 4E), 12 Threads",16 GB DDR5 RAM,512 GB SSD,6 GB NVIDIA GeForce RTX 3050,"15.6 inches, 1920 x 1080 pixels",Windows 11 OS,1 Year Warranty,Lenovo,7412.06,15.6,1920.0,1080.0,False
Lenovo Yoga 7 83DJ006YIN Laptop (Intel Evo Core Ultra 7 155H/ 16GB/ 1TB SSD/ Win11 Home),4.3,Intel Core Ultra 7 Series 1 155H,"16 Cores (6P + 8E + 2LP-E), 22 Threads",16 GB LPDDR5X- RAM,1 TB SSD,Integrated Intel Arc Graphics,"14 inches, 1920 x 1200 pixels, Touch Screen",Windows 11 OS,1 Year Warranty,Lenovo,12987.74,14.0,1920.0,1200.0,True
Asus TUF Gaming F17 FX706HF-NY040W  Laptop (11th Gen Core i5/ 16GB/ 512GB SSD/ Win11/ 4GB Graph),4.35,11th Gen Intel Core i5 11400H,"Hexa Core, 12 Threads",16 GB DDR4 RAM,512 GB SSD,4 GB NVIDIA GeForce RTX 2050,"17 inches, 1920 x 1080 pixels",Windows 11 OS,1 Year Warranty,Asus,6018.14,17.0,1920.0,1080.0,False
Samsung Galaxy Book 4 np750xgk-lg3in Laptop (Intel Core 7 Processor 150U/ 16GB/ 512GB SSD/ Win11),4.55,Intel Core 7 Processor Series 1 150U,"10 Cores (2P + 8E), 12 Threads",16 GB LPDDR4x RAM,512 GB SSD,Intel Graphics,"15.6 inches, 1920 x 1080 pixels",Windows 11 OS,1 Year Warranty,Samsung,8236.8,15.6,1920.0,1080.0,False
Lenovo LOQ 2024 15IRX9 83DV00LWIN Gaming Laptop (13th Gen Core i7/ 24GB/ 512GB SSD/ Win11/ 6GB RTX4050),4.5,13th Gen Intel Core i7 13650HX,14 Cores (6P + 8E),24 GB DDR5 RAM,512 GB SSD,6 GB NVIDIA GeForce RTX 4050,"15.6 inches, 1920 x 1080 pixels",Windows 11 OS,1 Year Warranty,Lenovo,10030.94,15.6,1920.0,1080.0,False
Asus ROG Zephyrus G16 GU605MV-CO711WS Gaming Laptop (Intel Core Ultra 7/ 16GB/ 1TB SSD/ Win11 Home/ 8GB Graph),4.35,Intel Core Ultra 7 Series 1 155H,"16 Cores (6P + 8E + 2LP-E), 22 Threads",16 GB LPDDR5X RAM,1 TB SSD,8 GB NVIDIA GeForce RTX 4060,"16 inches, 2560 x 1600 pixels",Windows 11 OS,1 Year Warranty,Asus,18358.67,16.0,2560.0,1600.0,False
Asus ProArt P16 2024 Laptop (AMD Ryzen AI 9 HX 370/ 32GB/1TB SSD/ 8GB RTX 4070 Graphics),4.6,AMD Ryzen AI 9 HX 370,N/A,32 GB LPDDR5X RAM,1 TB SSD,8 GB NVIDIA GeForce RTX 4070,Windows 11 OS,1 Year Warranty,Backlit Keyboard,Asus,21118.94,16.0,,,False
Asus TUF Gaming A15 2024 FA507UV-LP136WS Gaming Laptop (AMD Ryzen 7 8845HS/ 16GB/ 512GB SSD/ Win11 Home/ 8GB Graph),4.65,8th Gen AMD Ryzen 7 8845HS,"Octa Core, 16 Threads",16 GB DDR5 RAM,512 GB SSD,8 GB NVIDIA GeForce RTX 4060,"15.6 inches, 1920 x 1080 pixels",Windows 11 OS,1 Year Warranty,Asus,12141.89,15.6,1920.0,1080.0,False
Asus TUF Gaming A14 2024 Gaming Laptop (AMD Ryzen 9 AI HX 370/ 16GB/ 1TB SSD/ Win11 Home/ 8GB Graph),4.4,AMD Ryzen 9 AI HX 370,N/A,16 GB LPDDR5X RAM,1 TB SSD,8 GB NVIDIA GeForce RTX 4060,Windows 11 OS,1 Year Warranty,Backlit Keyboard,Asus,18795.74,14.0,,,False
Asus TUF Gaming A16 2024 Gaming Laptop (AMD Ryzen 9 AI HX 370/ 16GB/ 1TB SSD/ Win11 Home/ 8GB Graph),4.25,AMD Ryzen 9 AI HX 370,N/A,16 GB LPDDR5X RAM,1 TB SSD,8 GB NVIDIA GeForce RTX 4060,Windows 11 OS,1 Year Warranty,Backlit Keyboard,Asus,21118.94,16.0,,,False
Asus ROG Strix G16 G614JI-BG711WS Gaming Laptop (13th Gen Core i7/ 16GB/ 1TB SSD/ Win11/ 8GB Graph),4.55,13th Gen Intel Core i7 13650HX,14 Cores (6P + 8E),16 GB DDR5 RAM,1 TB SSD,8 GB NVIDIA GeForce RTX 4070,"16 inches, 1920 x 1200 pixels",Windows 11 OS,1 Year Warranty,Asus,15838.94,16.0,1920.0,1200.0,False
HP Envy x360 15-fh0031AU Laptop (AMD Ryzen 5 7530U/ 16GB/ 512GB SSD/ Win11 Home),4.05,7th Gen AMD Ryzen 5 7530U,"Hexa Core, 12 Threads",16 GB LPDDR4x RAM,512 GB SSD,AMD Radeon AMD,"15.6 inches, 1920 x 1080 pixels, Touch Screen",Windows 11 OS,1 Year Warranty,HP,7654.94,15.6,1920.0,1080.0,True
Asus Vivobook 15 X1504ZA-NJ540WS Laptop (12th Gen Core i5/ 16GB/ 512GB SSD/ Win11),4.6,12th Gen Intel Core i5 1235U,"10 Cores (2P + 8E), 12 Threads",16 GB DDR4 RAM,512 GB SSD,Intel Integrated,"15.6 inches, 1920 x 1080 pixels",Windows 11 OS,1 Year Warranty,Asus,5384.54,15.6,1920.0,1080.0,False
Acer Aspire 3 A324-51 Laptop (12th Gen Core i3/ 8GB/ 512GB SSD/ Win11),4.1,12th Gen Intel Core i3 1215U,"Hexa Core (2P + 4E), 8 Threads",8 GB DDR4 RAM,512 GB SSD,Intel Integrated UHD,"14 inches, 1920 x 1080 pixels",Windows 11 OS,1 Year Warranty,Acer,3166.94,14.0,1920.0,1080.0,False
Asus ROG Zephyrus G14 GA403UV-QS085WS Gaming Laptop (AMD Ryzen 9 8945HS/ 16GB/ 1TB SSD/ Win11 Home/ 8GB RTX 4060 Graph),4.55,8th Gen AMD Ryzen 9 8945HS,"Octa Core, 16 Threads",16 GB LPDDR5X RAM,1 TB SSD,8 GB NVIDIA GeForce RTX 4060,"14 inches, 2880 x 1800 pixels",Windows 11 OS,1 Year Warranty,Asus,17422.94,14.0,2880.0,1800.0,False
HP Victus 15-fa1332tx Gaming Laptop (13th Gen Core i7/ 16GB/ 1TB SSD/ Win11 Home/ RTX 4050),4.35,13th Gen Intel Core i7 13620H,"10 Cores (6P + 4E), 16 Threads",16 GB DDR4 RAM,1 TB SSD,6 GB NVIDIA GeForce RTX 4050,"15.6 inches, 1920 x 1080 pixels",Windows 11 OS,1 Year Warranty,HP,9502.94,15.6,1920.0,1080.0,False
Lenovo LOQ 83DV007GIN Gaming Laptop (13th Gen Core i5/ 16GB/ 512GB SSD/ Win11/ 6GB RTX 4050 Graph),4.15,13th Gen Intel Core i5 13450HX,"10 Cores (6P + 4E), 16 Threads",16 GB DDR5 RAM,512 GB SSD,6 GB NVIDIA GeForce RTX 4050,"15.6 inches, 1920 x 1080 pixels",Windows 11 OS,1 Year Warranty,Lenovo,9207.26,15.6,1920.0,1080.0,False
Dell Vostro 3530 VN3530602PF001ORB1 Laptop (13th Gen Core i5/ 8GB/ 512GB SSD/ Win11),4.55,13th Gen Intel Core i5 1334U,"10 Cores (2P + 8E), 12 Threads",8 GB DDR4 RAM,512 GB SSD,Intel Integrated UHD,"15.6 inches, 1920 x 1080 pixels",Windows 11 OS,1 Year Warranty,Dell,5173.34,15.6,1920.0,1080.0,False
Dell Vostro 3530 VN3530KCKC9001ORB1 Laptop (13th Gen Core i5/ 16GB/ 512GB SSD/ Win11),4.3,13th Gen Intel Core i5 1334U,"10 Cores (2P + 8E), 12 Threads",16 GB DDR4 RAM,512 GB SSD,Intel Integrated UHD,"15.6 inches, 1920 x 1080 pixels",Windows 11 OS,1 Year Warranty,Dell,5754.14,15.6,1920.0,1080.0,False
Acer AL15G- 52 2024 Gaming Laptop (12th Gen Core i5-12450H/ 16GB/ 1TB SSD/ Win11/ 4GB RTX 2050),4.6,12th Gen Intel Core i5 12450H,"Octa Core (4P + 4E), 12 Threads",16 GB DDR4 RAM,1 TB SSD,4 GB NVIDIA GeForce RTX 2050,"15.6 inches, 1920 x 1080 pixels",Windows 11 OS,1 Year Warranty,Acer,6019.09,15.6,1920.0,1080.0,False
Acer AL15G-52 Gaming Laptop (12th Gen Core i5-12450H/ 16GB/ 512GB SSD/ Win11/ 6GB RTX 3050 Graphics),4.25,12th Gen Intel Core i5 12450H,"Octa Core (4P + 4E), 12 Threads",16 GB DDR4 RAM,512 GB SSD,6 GB NVIDIA GeForce RTX 3050,"15.6 inches, 1920 x 1080 pixels",Windows 11 OS,1 Year Warranty,Acer,6334.94,15.6,1920.0,1080.0,False
HP Victus 15-FA0888TX Gaming Laptop (12th Gen Core i5/ 16GB/ 512GB SSD/ Win11/ 4GB Graph),4.2,12th Gen Intel Core i5 12450H,"Octa Core (4P + 4E), 12 Threads",16 GB DDR4 RAM,512 GB SSD,4 GB NVIDIA GeForce RTX 3050,"15.6 inches, 1920 x 1080 pixels",Windows 11 OS,1 Year Warranty,HP,7074.14,15.6,1920.0,1080.0,False
HP 14-ew1074TU Laptop (Intel Core Ultra 5/ 16GB/ 512GB SSD/ Win 11),4.7,Intel Core Ultra 5 Series 1 125H,"14 Cores (4P + 8E + 2LP-E), 18 Threads",16 GB LPDDR5 RAM,512 GB SSD,Intel Arc Graphics,"14 inches, 2560 x 1600 pixels",Windows 11 OS,1 Year Warranty,HP,8710.94,14.0,2560.0,1600.0,False
Lenovo LOQ 2024 15AHP9 83DX0006IN Gaming Laptop (AMD Ryzen 7 8845HS/ 16GB/ 512GB SSD/ Win11/ 6GB Graph),4.35,8th Gen AMD Ryzen 7 8845HS,"Octa Core, 16 Threads",16 GB DDR5 RAM,512 GB SSD,6 GB NVIDIA GeForce RTX 4050,"15.6 inches, 1920 x 1080 pixels",Windows 11 OS,1 Year Warranty,Lenovo,9524.06,15.6,1920.0,1080.0,False
Lenovo LOQ 2024 15AHP9 83DX000MIN Gaming Laptop (AMD Ryzen 7 8845HS/ 16GB/ 1TB SSD/ Win11/ 8GB Graph),4.65,8th Gen AMD Ryzen 7 8845HS,"Octa Core, 16 Threads",16 GB DDR5 RAM,1 TB SSD,8 GB NVIDIA GeForce RTX 4060,"15.6 inches, 1920 x 1080 pixels",Windows 11 OS,1 Year Warranty,Lenovo,12195.74,15.6,1920.0,1080.0,False
HP Victus 15-fa1312TX Gaming Laptop (12th Gen Core i5/ 8GB/ 512GB SSD/ Win11/ 4GB RTX 2050),4.05,12th Gen Intel Core i5 12450H,"Octa Core (4P + 4E), 12 Threads",8 GB DDR4 RAM,512 GB SSD,4 GB NVIDIA GeForce RTX 2050,"15.6 inches, 1920 x 1080 pixels",Windows 11 OS,1 Year Warranty,HP,6229.34,15.6,1920.0,1080.0,False
Lenovo IdeaPad Flex 5 14ALC7 82R900FYIN Laptop (AMD Ryzen 7 5700U/ 16GB/ 512GB SSD/ Win11 Home),4.15,5th Gen AMD Ryzen 7 5700U,"Octa Core, 16 Threads",16 GB DDR4 RAM,512 GB SSD,AMD Radeon,"14 inches, 1920 x 1200 pixels, Touch Screen",Windows 11 OS,1 Year Warranty,Lenovo,6757.34,14.0,1920.0,1200.0,True
Asus Vivobook S 15 OLED 2024 S5506MA-MA752WS Laptop (Intel Core Ultra 7 155H/ 16GB/ 1TB SSD/ Win11),4.45,Intel Core Ultra 7 Series 1 155H,"16 Cores (6P + 8E + 2LP-E), 22 Threads",16 GB LPDDR5X RAM,1 TB SSD,Intel Integrated Arc,"15.6 inches, 2880 x 1620 pixels",Windows 11 OS,1 Year Warranty,Asus,10242.14,15.6,2880.0,1620.0,False
MSI Modern 15 B12MO-815IN Laptop (12th Gen Core i7/ 16GB/1TB SSD/ Win11 Home),4.7,12th Gen Intel Core i7 1255U,"10 Cores (2P + 8E), 12 Threads",16 GB DDR4 RAM,1 TB SSD,Intel Integrated Iris Xe,"15.6 inches, 1920 x 1080 pixels",Windows 11 OS,1 Year Warranty,MSI,5595.74,15.6,1920.0,1080.0,False
Asus Vivobook S 15 OLED 2024 S5506MA-MA552WS Laptop (Intel Core Ultra 5 125H/ 16GB/ 1TB SSD/ Win11),4.45,Intel Core Ultra 5 125H,"14 Cores (4P + 8E + 2LP-E), 18 Threads",16 GB LPDDR5X RAM,1 TB SSD,Intel Integrated Arc,"15.6 inches, 2880 x 1620 pixels",Windows 11 OS,1 Year Warranty,Asus,9714.14,15.6,2880.0,1620.0,False
MSI Prestige 14 AI Studio C1UDXG-030IN Laptop (Intel Core Ultra 7 155H/ 32GB/ 1TB SSD/ Win11 Home/ 6 GB Graphics),4.75,Intel Core Ultra 7 155H,"16 Cores (6P + 8E + 2LP-E), 22 Threads",32 GB DDR5 RAM,1 TB SSD,6 GB NVIDIA GeForce RTX 3050,"14 inches, 1920 x 1200 pixels",Windows 11 OS,2 Year Warranty,MSI,12142.94,14.0,1920.0,1200.0,False
MSI Prestige 14 AI Evo C1MG-050IN Laptop (Intel Core Ultra 5 125H/ 16GB/ 1TB SSD/ Win11 Home),4.35,1st Gen Intel Core Ultra 5 125H,"14 Cores (4P + 8E + 2LP-E), 18 Threads",16 GB DDR5 RAM,1 TB SSD,Intel Integrated Intel Arc,"14 inches, 1920 x 1200 pixels",Windows 11 OS,2 Year Warranty,MSI,8763.74,14.0,1920.0,1200.0,False
MSI Modern 15 B12MO-816IN Laptop (12th Gen Core i7/ 16GB/ 512GB SSD/ Win11 Home),4.4,12th Gen Intel Core i7 1255U,"10 Cores (2P + 8E), 12 Threads",16 GB DDR4 RAM,512 GB SSD,Intel Integrated Iris Xe,"15.6 inches, 1920 x 1080 pixels",Windows 11 OS,1 Year Warranty,MSI,5278.94,15.6,1920.0,1080.0,False
Lenovo Yoga 7 14ARP8 82YM0075IN Laptop (AMD Ryzen 7 7735U/ 16GB/ 1TB SSD/ Win11 Home),4.1,7th Gen AMD Ryzen 7 7735U,"Octa Core, 16 Threads",16 GB DDR5 RAM,1 TB SSD,Integrated AMD Radeon 680M Graphics,"14 inches, 1920 x 1200 pixels, Touch Screen",Windows 11 OS,1 Year Warranty,Lenovo,10020.38,14.0,1920.0,1200.0,True
Lenovo LOQ 83GS000PIN Gaming Laptop (12th Gen Core i5/ 16GB/ 512GB SSD/ Win11/ 6GB RTX3050 Graph),4.0,12th Gen Intel Core i5 12450HX,"Octa Core (4P + 4E), 12 Threads",16 GB DDR5 RAM,512 GB SSD,6 GB NVIDIA GeForce RTX 3050,"15.6 inches, 1920 x 1080 pixels",Windows 11 OS,1 Year Warranty,Lenovo,7496.54,15.6,1920.0,1080.0,False
HP ZBook Power G10 8L147PA Laptop (13th Gen Core i9/ 32 GB/ 1TB SSD/ Win11/ 8GB Graphics),4.1,13th Gen Intel Core i9 13900H,"14 Cores (6P + 8E), 20 Threads",32 GB DDR5 RAM,1 TB SSD,8 GB NVIDIA RTX 3000 Ada,"15.6 inches, 1920 x 1080 pixels",Windows 11 OS,1 Year Warranty,HP,30094.94,15.6,1920.0,1080.0,False
Dell Inspiron 3535 Laptop (AMD Ryzen R7 5700U/ 16GB/ 512GB SSD/ Win11),4.15,5th Gen AMD Ryzen 7 5700U,"Octa Core, 16 Threads",16 GB DDR4 RAM,512 GB SSD,AMD Radeon Graphics,"15.6 inches, 1920 x 1080 pixels",Windows 11 OS,1 Year Warranty,Dell,5067.74,15.6,1920.0,1080.0,False
Lenovo IdeaPad Flex 5 14ALC7 82R9005JIN Laptop (AMD Ryzen 5 5500U/ 16GB/ 512GB SSD/ Win11 Home),4.4,5th Gen AMD Ryzen 5 5500U,"Hexa Core, 12 Threads",16 GB LPDDR4X RAM,512 GB SSD,AMD Radeon,"14 inches, 1920 x 1200 pixels, Touch Screen",Windows 11 OS,1 Year Warranty,Lenovo,6144.86,14.0,1920.0,1200.0,True
HP Victus 15-FA1279TX Gaming Laptop (13th Gen Core i5/ 16GB/ 512GB SSD/ Win11/ 6GB RTX4050),4.0,13th Gen Intel Core i5 13420H,"Octa Core (4P + 4E), 12 Threads",16 GB DDR4 RAM,512 GB SSD,6 GB NVIDIA GeForce RTX 4050,"15.6 inches, 1920 x 1080 pixels",Windows 11 OS,1 Year Warranty,HP,8288.54,15.6,1920.0,1080.0,False
Acer Aspire AL15G- 52 Gaming Laptop (12th Gen Core i5-12450H / 8GB/ 512GB SSD/ Win11/ 4GB RTX 2050),4.75,12th Gen Intel Core i5 12450H,"Octa Core (4P + 4E), 12 Threads",8 GB DDR4 RAM,512 GB SSD,4 GB NVIDIA GeForce RTX 2050,"15.6 inches, 1920 x 1080 pixels",Windows 11 OS,1 Year Warranty,Acer,5595.74,15.6,1920.0,1080.0,False
HP Omen 16-wf0148TX Gaming Laptop (13th Gen Core i9/ 16GB/ 1TB SSD/ Win11 Home/ 8GB Graph),4.0,13th Gen Intel Core i9 13900HX,"24 Cores (8P + 16E), 32 Threads",16 GB DDR5 RAM,1 TB SSD,8 GB NVIDIA GeForce RTX 4060,"16.1 inches, 2560 x 1440 pixels",Windows 11 OS,1 Year Warranty,HP,14424.96,16.1,2560.0,1440.0,False
Lenovo Legion 7 16IRX9 83FD000YIN Gaming Laptop (14th Gen Core i9/ 16GB/ 1TB SSD/ Win11/ 8GB RTX 4060 Graph),4.6,14th Gen Intel Core i9 14900HX,"24 Cores (8P + 16E), 32 Threads",16 GB DDR5 RAM,1 TB SSD,8 GB NVIDIA GeForce RTX 4060,"16 inches, 3200 x 2000 pixels",Windows 11 OS,1 Year Warranty,Lenovo,18690.14,16.0,3200.0,2000.0,False
Acer AL15G- 52 2024 Gaming Laptop (12th Gen Core i5-12450H/ 16GB/ 512GB SSD/ Win11/ 4GB RTX 2050),4.15,12th Gen Intel Core i5 12450H,"Octa Core (4P + 4E), 12 Threads",16 GB DDR4 RAM,512 GB SSD,4 GB NVIDIA GeForce RTX 2050,"15.6 inches, 1920 x 1080 pixels",Windows 11 OS,1 Year Warranty,Acer,5702.29,15.6,1920.0,1080.0,False
HP Pavilion Plus 16-ab0016TX Laptop (13th Gen Core i7/ 16GB/ 512GB SSD/ Win 11/ 6GB RTX3050 Graphics),4.25,13th Gen Intel Core i7 13700H,"14 Cores (6P + 8E), 20 Threads",16 GB LPDDR5x RAM,512 GB SSD,6 GB NVIDIA GeForce RTX 3050,"16 inches, 2560 x 1600 pixels",Windows 11 OS,1 Year Warranty,HP,11192.54,16.0,2560.0,1600.0,False
Lenovo Legion Pro 7 16IRX9H 83DE001HIN Gaming Laptop (14th Gen Core i9/ 32GB/ 1TB SSD/ Win11/ 12GB RTX4080),4.55,14th Gen Intel Core i9 14900HX,"24 Cores (8P + 16E), 32 Threads",32 GB DDR5 RAM,1 TB SSD,12 GB NVIDIA GeForce RTX 4080,"16 inches, 2560 x 1600 pixels",Windows 11 OS,1 Year Warranty,Lenovo,28532.06,16.0,2560.0,1600.0,False
MSI Thin 15 B12UCX-1695IN Gaming Laptop (12th Gen Core i5/ 16GB/ 512GB SSD/ Win11 Home/ 4GB RTX 2050 Graph),4.0,12th Gen Intel Core i5 12450H,"Octa Core (4P + 4E), 12 Threads",16 GB DDR4 RAM,512 GB SSD,4 GB NVIDIA GeForce RTX 2050,"15.6 inches, 1920 x 1080 pixels",Windows 11 OS,2 Year Warranty,MSI,5490.14,15.6,1920.0,1080.0,False
MSI Thin 15 B13UC-1804IN Gaming Laptop (13th Gen Core i7/ 16GB/ 512GB SSD/ Win11 Home/ 4GB RTX3050 Graph),4.1,13th Gen Intel Core i7 13620H,"10 Cores (6P + 4E), 16 Threads",16 GB DDR4 RAM,512 GB SSD,4 GB NVIDIA GeForce RTX 3050,"15.6 inches, 1920 x 1080 pixels",Windows 11 OS,2 Year Warranty,MSI,7549.34,15.6,1920.0,1080.0,False
MSI Thin 15 B13VE-1802IN Gaming Laptop (13th Gen Core i5/ 16GB/ 1TB SSD/ Win11 Home/ 6GB RTX4050 Graph),4.4,13th Gen Intel Core i5 13420H,"Octa Core (4P + 4E), 12 Threads",16 GB DDR4 RAM,1 TB SSD,6 GB NVIDIA GeForce RTX 4050,"15.6 inches, 1920 x 1080 pixels",Windows 11 OS,2 Year Warranty,MSI,8130.14,15.6,1920.0,1080.0,False
MSI Thin 15 B13UC-1805IN Gaming Laptop (13th Gen Core i5/ 16GB/ 512GB SSD/ Win11 Home/ 4GB  RTX 3050 Graph),4.45,13th Gen Intel Core i5 13420H,"Octa Core (4P + 4E), 12 Threads",16 GB DDR4 RAM,512 GB SSD,4 GB NVIDIA GeForce RTX 3050,"15.6 inches, 1920 x 1080 pixels",Windows 11 OS,2 Year Warranty,MSI,6546.14,15.6,1920.0,1080.0,False
Dell Inspiron 5330 2024 Laptop (Intel Core Ultra 5 125H/ 16GB/ 512GB SSD/ Win11),4.65,Intel Core Ultra 5 Series 1 125H,"14 Cores (4P + 8E + 2LP-E), 18 Threads",16 GB LPDDR5x RAM,512 GB SSD,Intel Arc Graphics,"13.3 inches, 2560 x 1600 pixels",Windows 11 OS,1 Year Warranty,Dell,9164.92,13.3,2560.0,1600.0,False
Dell 14 Vostro 3420 Laptop (12th Gen Core i5/ 8GB/ 512GB SSD/ Win11),4.0,12th Gen Intel Core i5 1235U,"10 Cores (2P + 8E), 12 Threads",8 GB DDR4 RAM,512 GB SSD,Intel UHD Graphics,"14 inches, 1920 x 1080 pixels",Windows 11 OS,1 Year Warranty,Dell,5239.77,14.0,1920.0,1080.0,False
HP Victus 15-fa0444TX Gaming Laptop (12th Gen Core i5/ 16GB/ 512GB SSD/ Win11/ 4GB RTX 3050),4.7,12th Gen Intel Core i5 12450H,"Octa Core (4P + 4E), 12 Threads",16 GB DDR4 RAM,512 GB SSD,4 GB NVIDIA GeForce RTX 3050,"15.6 inches, 1920 x 1080 pixels",Windows 11 OS,1 Year Warranty,HP,7059.25,15.6,1920.0,1080.0,False
Dell Inspiron 5330 Laptop (Intel Core Ultra 7 155H/ 16GB/ 1TB SSD/ Win11),4.3,Intel Core Ultra 7 Series 1 155H,"16 Cores (6P + 8E + 2LP-E), 22 Threads",16 GB LPDDR5x RAM,1 TB SSD,Intel Arc Graphics,"13.3 inches, 2560 x 1600 pixels",Windows 11 OS,1 Year Warranty,Dell,10549.44,13.3,2560.0,1600.0,False
HP 15-fd0187TU Laptop (13th Gen Core i5/ 8GB/ 512GB SSD/ Win11 Home),4.2,13th Gen Intel Core i5 1335U,"10 Cores (2P + 8E), 12 Threads",8 GB  RAM,512 GB SSD,Intel Integrated UHD,"15.6 inches, 1920 x 1080 pixels",Windows 11 OS,1 Year Warranty,HP,5310.62,15.6,1920.0,1080.0,False
HP Victus 15-fa1327TX Gaming Laptop (13th Gen Core i5/ 16GB/ 512GB SSD/ Win11 Home/ 6GB RTX3050 Graph),4.4,13th Gen Intel Core i5 13420H,"Octa Core (4P + 4E), 12 Threads",16 GB DDR4 RAM,512 GB SSD,6 GB NVIDIA GeForce RTX 3050,"15.6 inches, 1920 x 1080 pixels",Windows 11 OS,1 Year Warranty,HP,7760.54,15.6,1920.0,1080.0,False
HP Omen 16-wd0012TX Gaming Laptop (13th Gen Core i7/ 16GB/ 1TB SSD/ Win11/ 8GB Graph),4.7,13th Gen Intel Core i7 13620H,"10 Cores (6P + 4E), 16 Threads",16 GB DDR5 RAM,1 TB SSD,8 GB NVIDIA GeForce RTX 4060,"16.1 inches, 1920 x 1080 pixels",Windows 11 OS,1 Year Warranty,HP,11827.2,16.1,1920.0,1080.0,False
HP Victus 15-fa1226TX Gaming Laptop (12th Gen Core i5/ 8GB/ 512GB SSD/ Win11/ 4GB RTX 2050),4.15,12th Gen Intel Core i5 12450H,"Octa Core (4P + 4E), 12 Threads",8 GB DDR4 RAM,512 GB SSD,4 GB NVIDIA GeForce RTX 2050,"15.6 inches, 1920 x 1080 pixels",Windows 11 OS,1 Year Warranty,HP,5901.98,15.6,1920.0,1080.0,False
HP Omen 16-xf0100AX Gaming Laptop (AMD Ryzen 9 7940HS/ 16GB/ 1TB SSD/ Win11/ 8GB Graph),4.4,7th Gen AMD Ryzen 9 7940HS,"Octa Core, 16 Threads",16 GB DDR5 RAM,1 TB SSD,8 GB NVIDIA GeForce RTX 4070,"16 inches, 1920 x 1080 pixels",Windows 11 OS,1 Year Warranty,HP,14782.94,16.0,1920.0,1080.0,False
Asus ROG Zephyrus G16 GU605MI-QP253WS Gaming Laptop ( Intel Core Ultra 9 185H/ 32GB/ 1TB SSD/ Win11 Home/ 8GB Graph),4.5,Intel Core Ultra 9 Series 1 185H,"16 Cores (6P + 8E + 2LP-E), 22 Threads",32 GB LPDDR5X RAM,1 TB SSD,8 GB NVIDIA GeForce RTX 4070,"16 inches, 2560 x 1600 pixels",Windows 11 OS,1 Year Warranty,Asus,22174.94,16.0,2560.0,1600.0,False
Asus ROG Strix G16 2023 G614JIR-N4062WS Gaming Laptop (14th Gen Core i9/ 16GB/ 1TB SSD/ Win11/ 8GB Graph),4.75,14th Gen Intel Core i9 14900HX,"24 Cores (8P + 16E), 32 Threads",16 GB DDR5 RAM,1 TB SSD,8 GB NVIDIA GeForce RTX 4070,"16 inches, 2560 x 1600 pixels",Windows 11 OS,1 Year Warranty,Asus,21014.4,16.0,2560.0,1600.0,False
HP 15-fd0186TU Laptop (13th Gen Core i3/ 8GB/ 512GB SSD/ Win11 Home),4.1,13th Gen Intel Core i3 1315U,"Hexa Core (2P + 4E), 8 Threads",8 GB DDR4 RAM,512 GB SSD,Intel Integrated UHD,"15.6 inches, 1920 x 1080 pixels",Windows 11 OS,1 Year Warranty,HP,4117.87,15.6,1920.0,1080.0,False
Asus TUF Gaming A15 2024  FA507UI-LP066WS Gaming Laptop (AMD Ryzen 9 8945H/ 16GB/ 1TB SSD/ Win11 Home/ 8GB Graph),4.55,9th Gen AMD Ryzen 9 8945H,"Octa Core, 16 Threads",16 GB DDR5 RAM,1 TB SSD,8 GB NVIDIA GeForce RTX 4070,"15.6 inches, 1920 x 1080 pixels",Windows 11 OS,1 Year Warranty,Asus,15099.74,15.6,1920.0,1080.0,False
Acer Nitro V ANV15-41 Gaming Laptop (AMD Ryzen 5 7535HS/ 16GB/ 512GB SSD/ Win11/ 4GB Graph),4.1,7th Gen AMD Ryzen 5 7535HS,"Hexa Core, 12 Threads",16 GB DDR5 RAM,512 GB SSD,4 GB NVIDIA GeForce RTX 2050,"15.6 inches, 1920 x 1080 pixels",Windows 11 OS,1 Year Warranty,Acer,6651.74,15.6,1920.0,1080.0,False
HP Pavilion 15-eh3036AU Laptop (AMD Ryzen 5 7530U/ 8GB/ 512GB SSD/ Win11 Home),4.05,7th Gen AMD Ryzen 5 7530U,"Hexa Core, 12 Threads",8 GB DDR4 RAM,512 GB SSD,AMD Radeon Graphics,"15.6 inches, 1920 x 1080 pixels",Windows 11 OS,1 Year Warranty,HP,4698.14,15.6,1920.0,1080.0,False
Acer Aspire Lite AL15-52 Laptop (12th Gen Core i7/ 16GB/ 512GB SSD/ Win11),4.45,12th Gen Intel Core i7 1255U,"10 Cores (2P + 8E), 12 Threads",16 GB DDR4 RAM,512 GB SSD,Intel Graphics,"15.6 inches, 1920 x 1080 pixels",Windows 11 OS,1 Year Warranty,Acer,5278.94,15.6,1920.0,1080.0,False
Lenovo LOQ 15IAX9 83GS008VIN Gaming Laptop (12th Gen Core i5/ 12GB/ 512GB SSD/ Win11/ 4GB Graph),4.45,12th Gen Intel Core i5 12450HX,"Octa Core (4P + 4E), 12 Threads",12 GB DDR5 RAM,512 GB SSD,4 GB NVIDIA GeForce RTX 2050,"15.6 inches, 1920 x 1080 pixels",Windows 11 OS,1 Year Warranty,Lenovo,6113.18,15.6,1920.0,1080.0,False
HP Victus 15-fa1307TX Gaming Laptop (13th Gen Core i5/ 16GB/ 1TB SSD/ Win11 Home/ RTX 2050),4.75,13th Gen Intel Core i5 13420H,"Octa Core (4P + 4E), 12 Threads",16 GB DDR4 RAM,1 TB SSD,4 GB NVIDIA GeForce RTX 2050,"15.6 inches, 1920 x 1080 pixels",Windows 11 OS,1 Year Warranty,HP,7075.09,15.6,1920.0,1080.0,False
HP Pavilion 16-af0028TU Laptop (Intel Core Ultra 7 155U/ 16GB/ 512GB SSD/ Win11),4.25,Intel Core Ultra 7 155U,"12 Cores (2P + 8E + 2LP-E), 14 Threads",16 GB LPDDR5x RAM,512 GB SSD,Intel Integrated,"16 inches, 1920 x 1200 pixels",Windows 11 OS,1 Year Warranty,HP,8974.94,16.0,1920.0,1200.0,False
HP 15-fd1096TU Laptop (Intel Core 5 120U/ 8GB/ 512GB SSD/ Win11),4.45,Intel Core 5 Processor Series 1 120U,"10 Cores (2P + 8E), 12 Threads",8 GB DDR4 RAM,512 GB SSD,Intel Integrated,"15.6 inches, 1920 x 1080 pixels",Windows 11 OS,1 Year Warranty,HP,6757.34,15.6,1920.0,1080.0,False
HP Victus 15-fa1317TX Gaming Laptop (13th Gen Core i5/ 16GB/ 1TB SSD/ Win11 Home/ RTX 4050),4.75,13th Gen Intel Core i5 13420H,"Octa Core (4P + 4E), 12 Threads",16 GB DDR4 RAM,1 TB SSD,6 GB NVIDIA GeForce RTX 4050,"15.6 inches, 1920 x 1080 pixels",Windows 11 OS,1 Year Warranty,HP,8710.94,15.6,1920.0,1080.0,False
HP Pavilion 16-af0015TU Laptop (Intel Core Ultra 5 125U/ 16GB/ 512GB SSD/ Win11),4.1,Intel Core Ultra 5 Processor 125U,"12 Cores (2P + 8E + 2LP-E), 14 Threads",16 GB LPDDR5 RAM,512 GB SSD,Intel Integrated,"16 inches, 1920 x 1200 pixels",Windows 11 OS,1 Year Warranty,HP,6968.54,16.0,1920.0,1200.0,False
Acer Predator Helios Neo 16 PHN16-72 NH.QNPSI.003 Gaming Laptop (14th Gen Core i7/ 16GB/ 512GB SSD/ Win11/ 6GB Graph),4.5,14th Gen Intel Core i7 14700HX,"20 Cores (8P + 12E), 28 Threads",16 GB DDR5 RAM,512 GB SSD,6 GB NVIDIA GeForce RTX 4050,"16 inches, 1920 x 1200 pixels",Windows 11 OS,1 Year Warranty,Acer,12671.89,16.0,1920.0,1200.0,False
Asus Vivobook 16 X1605ZAC-MB742WS Laptop (12th Gen Core i7/ 16GB/ 512GB SSD/ Win11 Home),4.15,12th Gen Intel Core i7 12700H,"14 Cores (6P + 8E), 20 Threads",16 GB DDR4 RAM,512 GB SSD,Intel Iris Xe Graphics,"16 inches, 1920 x 1200 pixels",Windows 11 OS,1 Year Warranty,Asus,6968.54,16.0,1920.0,1200.0,False
MSI Creator Z17 HX Studio A14VGT-262IN Creator Laptop (14th Gen Core i7/ 32GB/ 2TB SSD/ Win11/ 8GB Graph),4.75,14th Gen Intel Core i7 14700HX,"20 Cores (8P + 12E), 28 Threads",32 GB DDR5 RAM,2 TB SSD,8 GB NVIDIA GeForce RTX 4070,"17 inches, 2560 x 1600 pixels, Touch Screen",Windows 11 OS,2 Year Warranty,MSI,29038.94,17.0,2560.0,1600.0,True
Lenovo Legion 5 83DG009DIN Laptop (14th Gen Core i7/ 16GB/ 1TB SSD/ Win11/ 8GB Graph),4.6,14th Gen Intel Core i7 14650HX,"16 Cores (8P + 8E), 24 Threads",16 GB DDR5 RAM,1 TB SSD,8 GB NVIDIA GeForce RTX 4070,"16 inches, 2560 x 1600 pixels",Windows 11 OS,1 Year Warranty,Lenovo,17950.94,16.0,2560.0,1600.0,False
Lenovo LOQ 15IAX9 83GS003UIN Gaming Laptop (12th Gen Core i5/ 16GB/ 512GB SSD/ Win11/ 6GB Graph),4.35,12th Gen Intel Core i5 12450HX,"Octa Core (4P + 4E), 12 Threads",16 GB DDR5 RAM,512 GB SSD,6 GB NVIDIA GeForce RTX 3050,"15.6 inches, 1920 x 1080 pixels",Windows 11 OS,1 Year Warranty,Lenovo,7496.54,15.6,1920.0,1080.0,False
MSI Creator Z17 HX Studio A14VGT-261IN Creator Laptop (14th Gen Core i9/ 64GB/ 2TB SSD/ Win11/ 8GB Graph),4.6,14th Gen Intel Core i9 14900HX,"24 Cores (8P + 16E), 32 Threads",64 GB DDR5 RAM,2 TB SSD,8 GB NVIDIA GeForce RTX 4070,"17 inches, 2560 x 1600 pixels, Touch Screen",Windows 11 OS,2 Year Warranty,MSI,30622.94,17.0,2560.0,1600.0,True
MSI Pulse 17 AI C1VGKG-031IN Gaming Laptop (Intel Core Ultra 7 155H/ 16GB/ 1TB SSD/ Win11/ 8GB RTX4070 Graph),4.05,Intel Core Ultra 7 155H,"16 Cores (6P + 8E + 2LP-E), 22 Threads",16 GB DDR5 RAM,1 TB SSD,8 GB NVIDIA GeForce RTX 4070,"17 inches, 2560 x 1600 pixels",Windows 11 OS,2 Year Warranty,MSI,16578.04,17.0,2560.0,1600.0,False
MSI Pulse 17 AI C1VGKG-030IN Gaming Laptop (Intel Core Ultra 9 185H/ 32GB/ 1TB SSD/ Win11/ 8GB RTX4070 Graph),4.65,Intel Core Ultra 9 Series 1 185H,"16 Cores (6P + 8E + 2LP-E), 22 Threads",32 GB DDR5 RAM,1 TB SSD,8 GB NVIDIA GeForce RTX 4070,"17 inches, 2560 x 1600 pixels",Windows 11 OS,2 Year Warranty,MSI,17666.88,17.0,2560.0,1600.0,False
MSI Sword 16 HX B14VEKG-210IN Gaming Laptop (14th Gen Core i7/ 16GB/ 1TB SSD/ Win11 Home/ 6GB RTX4050),4.65,14th Gen Intel Core i7 14700HX,"20 Cores (8P + 12E), 28 Threads",16 GB DDR5 RAM,1 TB SSD,6 GB NVIDIA GeForce RTX 4050,"16 inches, 1920 x 1200 pixels",Windows 11 OS,2 Year Warranty,MSI,11614.94,16.0,1920.0,1200.0,False
MSI Pulse 16 AI C1VGKG-028IN Gaming Laptop (Intel Core Ultra 9 185H/ 32GB/ 1TB SSD/ Win11/ 8GB Graph),4.0,Intel Core Ultra 9 Series 1 185H,"16 Cores (6P + 8E + 2LP-E), 22 Threads",32 GB DDR5 RAM,1 TB SSD,8 GB NVIDIA GeForce RTX 4070,"16 inches, 2560 x 1600 pixels",Windows 11 OS,2 Year Warranty,MSI,16078.44,16.0,2560.0,1600.0,False
MSI Sword 16 HX B14VGKG-207IN Gaming Laptop (14th Gen Core i7/ 16GB/ 1TB SSD/ Win11 Home/ 8GB RTX4070),4.25,14th Gen Intel Core i7 14700HX,"20 Cores (8P + 12E), 28 Threads",16 GB DDR5 RAM,1 TB SSD,8 GB NVIDIA GeForce RTX 4070,"16 inches, 1920 x 1200 pixels",Windows 11 OS,2 Year Warranty,MSI,14254.84,16.0,1920.0,1200.0,False
MSI Sword 16 HX B14VFKG-208IN Gaming Laptop (14th Gen Core i7/ 16GB/ 1TB SSD/ Win11 Home/ 8GB Graph),4.7,14th Gen Intel Core i7 14700HX,"20 Cores (8P + 12E), 28 Threads",16 GB DDR5 RAM,1 TB SSD,8 GB NVIDIA GeForce RTX 4060,"16 inches, 1920 x 1200 pixels",Windows 11 OS,2 Year Warranty,MSI,13593.04,16.0,1920.0,1200.0,False
Acer Nitro V ANV15-41 Gaming Laptop (AMD Ryzen 5 7535HS/ 8GB/ 512GB SSD/ Win11/ 4GB Graph),4.65,7th Gen AMD Ryzen 5 7535HS,"Hexa Core, 12 Threads",8 GB DDR5 RAM,512 GB SSD,4 GB NVIDIA GeForce RTX 2050,"15.6 inches, 1920 x 1080 pixels",Windows 11 OS,1 Year Warranty,Acer,6123.74,15.6,1920.0,1080.0,False
Acer Predator Helios Neo 16 2024 PHN16-72 Gaming Laptop (14th Gen Core i7/ 16GB/ 1TB SSD/ Win11/ 6GB Graph),4.15,14th Gen Intel Core i7 14700HX,"20 Cores (8P + 12E), 28 Threads",16 GB DDR5 RAM,1 TB SSD,6 GB NVIDIA GeForce RTX 4050,"16 inches, 1920 x 1200 pixels",Windows 11 OS,1 Year Warranty,Acer,13093.34,16.0,1920.0,1200.0,False
HP 15s-eq2304au Laptop (AMD Ryzen 5 5500U/ 8GB/ 512GB SSD/ Win11 Home),4.3,5th Gen AMD Ryzen 5 5500U,"Hexa Core, 12 Threads",8 GB DDR4 RAM,512 GB SSD,AMD Radeon,"15.6 inches, 1920 x 1080 pixels",Windows 11 OS,1 Year Warranty,HP,4222.94,15.6,1920.0,1080.0,False
Lenovo Ideapad Slim 5 82XE007EIN Laptop (AMD Ryzen 7 7730U/ 16 GB RAM/ 1TB SSD/ Win 11),4.3,7th Gen AMD Ryzen 7 7730U,"Octa Core, 16 Threads",16 GB DDR4 RAM,1 TB SSD,AMD Radeon Graphics,"14 inches, 1920 x 1200 pixels",Windows 11 OS,1 Year Warranty,Lenovo,6905.18,14.0,1920.0,1200.0,False
HP 15s-eq2305AU Laptop (AMD Ryzen 5 5500U/ 16GB/ 512GB SSD/ Win11 Home),4.3,5th Gen AMD Ryzen 5 5500U,"Hexa Core, 12 Threads",16 GB DDR4 RAM,512 GB SSD,AMD Radeon,"15.6 inches, 1920 x 1080 pixels",Windows 11 OS,1 Year Warranty,HP,4329.49,15.6,1920.0,1080.0,False
Samsung Galaxy Book 4 NP750XGJ-KG1IN Laptop (Intel Core i5 1335U/ 8GB/ 512GB SSD/ Win11),4.0,13th Gen Intel Core i5 1335U,"10 Cores (2P + 8E), 12 Threads",8 GB LPDDR4x RAM,512 GB SSD,Intel Iris Xe Graphics,"15.6 inches, 1920 x 1080 pixels",Windows 11 OS,1 Year Warranty,Samsung,5595.74,15.6,1920.0,1080.0,False
HP Chromebook 11MK G9 EE Laptop (MediaTek MT8183/ 4GB/ 32GB eMMC/ Chrome OS),4.75,MediaTek Kompanio 500 500,Octa Core,4 GB LPDDR4X RAM,32 GB eMMC Storage,Arm Mali-G72 MP3,"11.6 inches, 1366 x 768 pixels",Chrome OS,1 Year Warranty,HP,1266.14,11.6,1366.0,768.0,False
Lenovo Legion 5 16IRX9 83DG004SIN Laptop (14th Gen Core i7/ 16GB/ 1TB SSD/ Win11/ 8GB RTX4060),4.55,14th Gen Intel Core i7 14650HX,"16 Cores (8P + 8E), 24 Threads",16 GB DDR5 RAM,1 TB SSD,8 GB NVIDIA GeForce RTX 4060,"16 inches, 2560 x 1600 pixels",Windows 11 OS,1 Year Warranty,Lenovo,15522.14,16.0,2560.0,1600.0,False
Lenovo Legion Pro 5 83DF003NIN Gaming Laptop (14th Gen Core i7/ 16GB/ 1TB SSD/ Win11/ 8GB Graph),4.35,14th Gen Intel Core i7 14650HX,"16 Cores (8P + 8E), 24 Threads",16 GB DDR5 RAM,1 TB SSD,8 GB NVIDIA GeForce RTX 4060,"16 inches, 2560 x 1600 pixels",Windows 11 OS,1 Year Warranty,Lenovo,16599.26,16.0,2560.0,1600.0,False
Lenovo Legion Pro 5 83DF003PIN Gaming Laptop (14th Gen Core i9/ 32GB/ 1TB SSD/ Win11/ 8GB Graph),4.65,14th Gen Intel Core i9 14900HX,"24 Cores (8P + 16E), 32 Threads",32 GB DDR5 RAM,1 TB SSD,8 GB NVIDIA GeForce RTX 4070,"16 inches, 2560 x 1600 pixels",Windows 11 OS,1 Year Warranty,Lenovo,20063.89,16.0,2560.0,1600.0,False
Lenovo ThinkBook 16 G6 21KHA0J5IN Laptop (13th Gen Core i3/ 8GB/ 512GB SSD/ Win11 Home),4.55,13th Gen Intel Core i3 1315U,"Hexa Core (2P + 4E), 8 Threads",8 GB DDR5 RAM,512 GB SSD,Intel Graphics,"16 inches, 1920 x 1080 pixels",Windows 11 OS,1 Year Warranty,Lenovo,7793.28,16.0,1920.0,1080.0,False
HP 15s-fq5331TU Laptop (12th Gen Core i5/ 8GB/ 1TB SSD/ Win11 Home),4.3,12th Gen Intel Core i5 1235U,"10 Cores (2P + 8E), 12 Threads",8 GB DDR4 RAM,1 TB SSD,Intel UHD Graphics,"15.6 inches, 1920 x 1080 pixels",Windows 11 OS,1 Year Warranty,HP,5152.22,15.6,1920.0,1080.0,False
Lenovo ThinkBook 16 G6 21KHA0J6IN Laptop (13th Gen Core i5/ 16GB/ 512GB SSD/ Win11 Home),4.2,13th Gen Intel Core i5 1335U,"10 Cores (2P + 8E), 12 Threads",16 GB DDR5 RAM,512 GB SSD,Iris Xe Graphics,"16 inches, 1920 x 1080 pixels",Windows 11 OS,1 Year Warranty,Lenovo,6600.0,16.0,1920.0,1080.0,False
Lenovo Legion Pro 7 83DE001JIN Gaming Laptop (13th Gen Core i9/ 32GB/ 1TB SSD/ Win11 Home/ 16GB Graph),4.55,14th Gen Intel Core i9 14900HX,"24 Cores (8P + 16E), 32 Threads",32 GB DDR5 RAM,1 TB SSD,16 GB NVIDIA GeForce RTX 4090,"16 inches, 2560 x 1600 pixels",Windows 11 OS,1 Year Warranty,Lenovo,33812.06,16.0,2560.0,1600.0,False
MSI Crosshair 16 HX D14VGKG-205IN Gaming Laptop (14th Gen Core i7/ 32GB/ 1TB SSD/ Win11 Home/ 8GB RTX4070),4.5,14th Gen Intel Core i7 14700HX,"20 Cores (8P + 12E), 28 Threads",32 GB DDR5 RAM,1 TB SSD,8 GB NVIDIA GeForce RTX 4070,"16 inches, 2560 x 1440 pixels",Windows 11 OS,2 Year Warranty,MSI,17950.94,16.0,2560.0,1440.0,False
MSI Raider GE78 HX 14VIG-804IN Gaming Laptop (14th Gen Core i9/ 32GB/ 2TB SSD/ Win11 Home/ 16GB Graph),4.3,14th Gen Intel Core i9 14900HX,"24 Cores (8P + 16E), 32 Threads",32 GB DDR5 RAM,2 TB SSD,16 GB NVIDIA GeForce RTX 4090,"17 inches, 2560 x 1600 pixels",Windows 11 OS,2 Year Warranty,MSI,35902.94,17.0,2560.0,1600.0,False
Asus Zenbook Duo OLED 2024 UX8406MA-QL551WS Laptop (Intel Core Ultra 5 125H/ 16GB/ 1TB SSD/ Win11),4.3,Intel Core Ultra 5 Series 1 125H,"14 Cores (4P + 8E + 2LP-E), 18 Threads",16 GB LPDDR5X RAM,1 TB SSD,Intel Arc Graphics,"14 inches, 1920 x 1200 pixels, Touch Screen",Windows 11 OS,1 Year Warranty,Asus,17422.94,14.0,1920.0,1200.0,True
Lenovo LOQ 15IRX9 83DV00BCIN Gaming Laptop (13th Gen Core i7/ 16GB/ 512GB SSD/ Win11/ 6GB RTX3050),4.25,13th Gen Intel Core i7 13650HX,14 Cores (6P + 8E),16 GB DDR5 RAM,512 GB SSD,6 GB NVIDIA GeForce RTX 3050,"15.6 inches, 1920 x 1080 pixels",Windows 11 OS,1 Year Warranty,Lenovo,9502.94,15.6,1920.0,1080.0,False
Lenovo LOQ 15IAX9 83GS003QIN Gaming Laptop (12th Gen Core i5/ 16GB/ 512GB SSD/ Win11/ 6GB Graph),4.6,12th Gen Intel Core i5 12450HX,"Octa Core (4P + 4E), 12 Threads",16 GB DDR5 RAM,512 GB SSD,6 GB NVIDIA GeForce RTX 3050,"15.6 inches, 1920 x 1080 pixels",Windows 11 OS,1 Year Warranty,Lenovo,7602.14,15.6,1920.0,1080.0,False
HP 15-fd1099TU Laptop (Intel Core Ultra 5/ 16GB/ 512GB SSD/ Win11),4.65,Intel Core Ultra 5 Series 1 125H,"14 Cores (4P + 8E + 2LP-E), 18 Threads",16 GB DDR4 RAM,512 GB SSD,Intel Integrated,"15.6 inches, 1920 x 1080 pixels",Windows 11 OS,1 Year Warranty,HP,7095.26,15.6,1920.0,1080.0,False
Lenovo IdeaPad Slim 5 83DA003GIN Laptop (Intel Core Ultra 5 125H/ 16 GB RAM/ 1TB SSD/ Win 11),4.7,Intel Core Ultra 5 Series 1 125H,"14 Cores (4P + 8E + 2LP-E), 18 Threads",16 GB LPDDR5X RAM,1 TB SSD,Intel Arc Graphics,"14 inches, 1920 x 1200 pixels",Windows 11 OS,1 Year Warranty,Lenovo,8004.48,14.0,1920.0,1200.0,False
Dell Alienware M16 R2 2024 Gaming Laptop (Intel Core Ultra 9 185H/ 16GB/ 1TB SSD/ Win 11/ 8GB RTX4060),4.65,Intel Core Ultra 9 Series 1 185H,"16 Cores (6P + 8E + 2LP-E), 22 Threads",16 GB DDR5 RAM,1 TB SSD,8 GB NVIDIA GEFORCE RTX 4060,"16 inches, 2560 x 1600 pixels",Windows 11 OS,1 Year Warranty,Dell,17528.54,16.0,2560.0,1600.0,False
Lenovo ThinkPad E14 21JKS0X800 Laptop (13th Gen Core i5/ 16GB/ 512GB SSD/ Win11 Home),4.3,13th Gen Intel Core i5 1335U,"10 Cores (2P + 8E), 12 Threads",16 GB DDR4 RAM,512 GB SSD,Intel Iris Xe Graphics comes,"14 inches, 1920 x 1200 pixels",Windows 11 OS,1 Year Warranty,Lenovo,7918.94,14.0,1920.0,1200.0,False
Acer Predator Helios 16 PH16-72 NH.QNZSI.002 Gaming Laptop (14th Gen Core i9/ 32GB/ 1TB SSD/ Win11/ 12GB Graph),4.6,14th Gen Intel Core i9 14900HX,"24 Cores (8P + 16E), 32 Threads",32 GB DDR5 RAM,1 TB SSD,12 GB NVIDIA GeForce RTX 4080,"16 inches, 2560 x 1600 pixels",Windows 11 OS,1 Year Warranty,Acer,25870.94,16.0,2560.0,1600.0,False
Acer Predator Helios 16 PH16-72 NH.QNXSI.003 Gaming Laptop (14th Gen Core i9/ 16GB/ 1TB SSD/ Win11/ 8GB  RTX4070),4.05,14th Gen Intel Core i9 14900HX,"24 Cores (8P + 16E), 32 Threads",16 GB DDR5 RAM,1 TB SSD,8 GB NVIDIA GeForce RTX 4070,"16 inches, 2560 x 1600 pixels",Windows 11 OS,1 Year Warranty,Acer,20062.94,16.0,2560.0,1600.0,False
Acer Swift Go 14 2024 SFG14-73T Laptop (Intel Core Ultra 7 155H/ 16GB/ 1TB SSD/ Win11 Home),4.7,Intel Core Ultra 7 Series 1 155H,"16 Cores (6P + 8E + 2LP-E), 22 Threads",16 GB LPDDR5X RAM,1 TB SSD,Intel Integrated ARC Graphics,"14 inches, 1920 x 1200 pixels",Windows 11 OS,1 Year Warranty,Acer,8974.94,14.0,1920.0,1200.0,False
Acer Swift Go 14 OLED SFG14-73 Laptop (Intel Core Ultra 7 155H/ 16GB/ 1TB SSD/ Win11 Home),4.75,Intel Core Ultra 7 Series 1 155H,"16 Cores (6P + 8E + 2LP-E), 22 Threads",16 GB  RAM,1 TB SSD,Intel Integrated ARC Graphics,"14 inches, 2880 x 1800 pixels",Windows 11 OS,1 Year Warranty,Acer,9819.74,14.0,2880.0,1800.0,False
Acer Swift Go 14 SFG14-73T Laptop (Intel Core Ultra 5 125H/ 16GB/ 512GB SSD/ Win11 Home),4.1,Intel Core Ultra 5 Series 1 125H,"14 Cores (4P + 8E + 2LP-E), 18 Threads",16 GB  RAM,512 GB SSD,Intel Integrated ARC Graphics,"14 inches, 1920 x 1200 pixels",Windows 11 OS,1 Year Warranty,Acer,7390.94,14.0,1920.0,1200.0,False
Acer Nitro V ANV15-51 NH.QN8SI.001 Gaming Laptop (13th Gen Core i7/ 16GB/ 512GB SSD/ Win11/ 6GB Graph),4.1,13th Gen Intel Core i7 13620H,"10 Cores (6P + 4E), 16 Threads",16 GB DDR5 RAM,512 GB SSD,6 GB NVIDIA GeForce RTX 4050,"15.6 inches, 1920 x 1080 pixels",Windows 11 OS,1 Year Warranty,Acer,9503.89,15.6,1920.0,1080.0,False
Lenovo Yoga Slim 7 83CV002DIN Laptop ( Intel Core Ultra 7 155H/ 32GB/ 1TB SSD/ Win11 Home),4.4,Intel Core Ultra 7 Series 1 155H,"16 Cores (6P + 8E + 2LP-E), 22 Threads",32 GB LPDDR5x RAM,1 TB SSD,Integrated Intel Arc Graphics,"14 inches, 1920 x 1200 pixels",Windows 11 OS,1 Year Warranty,Lenovo,11298.14,14.0,1920.0,1200.0,False
Acer Predator Helios Neo 16 PHN16-72 Gaming Laptop (14th Gen Core i9/ 16GB/ 1TB SSD/ Win11/ 8GB Graph),4.05,14th Gen Intel Core i9 14900HX,"24 Cores (8P + 16E), 32 Threads",16 GB DDR5 RAM,1 TB SSD,8 GB NVIDIA GeForce RTX 4070,"16 inches, 2560 x 1600 pixels",Windows 11 OS,1 Year Warranty,Acer,18152.64,16.0,2560.0,1600.0,False
Acer Aspire Lite AL15-41 Laptop (AMD Ryzen 7 5700U/ 16GB/ 1TB SSD/ Win11),4.75,5th Gen AMD Ryzen 7 5700U,"Octa Core, 16 Threads",16 GB DDR4 RAM,1 TB SSD,AMD Graphics,"15.6 inches, 1920 x 1080 pixels",Windows 11 OS,1 Year Warranty,Acer,4645.34,15.6,1920.0,1080.0,False
Acer Aspire Lite AL15-41 Laptop (AMD Ryzen 3 5300U/ 8GB/ 512GB SSD/ Win11),4.05,5th Gen AMD Ryzen 3 5300U,"Quad Core, 8 Threads",8 GB DDR4 RAM,512 GB SSD,AMD Graphics,"15.6 inches, 1920 x 1080 pixels",Windows 11 OS,1 Year Warranty,Acer,2955.74,15.6,1920.0,1080.0,False
Asus VivoBook 15 X1500EA-EJ122WS Laptop (Intel Pentium Gold 7505/ 8GB/ 512GB SSD/ Win11),4.2,Intel Pentium Gold 7505,"Dual Core, 4 Threads",8 GB DDR4 RAM,512 GB SSD,Intel Integrated UHD,"15.6 inches, 1920 x 1080 pixels",Windows 11 OS,1 Year Warranty,Asus,2628.38,15.6,1920.0,1080.0,False
Lenovo IdeaPad Slim 3 15IAH8 83ER00BCIN Laptop (12th Gen Core i5/ 16GB/ 512GB SSD/ Win11 Home),4.4,12th Gen Intel Core i5 12450H,"Octa Core (4P + 4E), 12 Threads",16 GB LPDDR5 RAM,512 GB SSD,Intel Integrated UHD Graphics,"15.6 inches, 1920 x 1080 pixels",Windows 11 OS,1 Year Warranty,Lenovo,5401.44,15.6,1920.0,1080.0,False
HP Envy x360 14-fa0038AU Laptop (AMD Ryzen 5 8640HS/ 16GB/ 512GB SSD/ Win11),4.4,8th Gen AMD Ryzen 5 8640HS,"Hexa Core, 12 Threads",16 GB LPDDR5 RAM,512 GB SSD,AMD Radeon Graphics,"14 inches, 1920 x 1200 pixels, Touch Screen",Windows 11 OS,1 Year Warranty,HP,8605.34,14.0,1920.0,1200.0,True
HP 15s-fq5327TU Laptop (12th Gen Core i3/ 8GB/ 512GB SSD/ Win11 Home),4.4,12th Gen Intel Core i3 1215U,"Hexa Core (2P + 4E), 8 Threads",8 GB DDR4 RAM,512 GB SSD,Intel UHD Graphics,"15.6 inches, 1920 x 1080 pixels",Windows 11 OS,1 Year Warranty,HP,3791.04,15.6,1920.0,1080.0,False
HP Envy x360 14-fc0078TU Laptop (Intel Core Ultra 5 125U/ 16GB/ 512GB SSD/ Win11),4.45,1st Gen Intel Core Ultra 5 125U,"12 Cores (2P + 8E + 2LP-E), 14 Threads",16 GB LPDDR5 RAM,512 GB SSD,Intel Integrated Intel Graphics,"14 inches, 2880 x 1800 pixels, Touch Screen",Windows 11 OS,1 Year Warranty,HP,10558.94,14.0,2880.0,1800.0,True
HP Envy x360 15-fe0014TX Laptop (13th Gen Core i7/ 16GB/ 1TB SSD/ Win11/ 4GB Graphics),4.15,13th Gen Intel Core i7 1355U,"10 Cores (2P + 8E), 12 Threads",16 GB LPDDR5 RAM,1 TB SSD,4 GB NVIDIA GeForce RTX 3050,"15.6 inches, 1920 x 1080 pixels, Touch Screen",Windows 11 OS,1 Year Warranty,HP,15796.49,15.6,1920.0,1080.0,True
Lenovo V14 82TSA0CWIH Laptop (12th Gen Core i5/ 8GB/ 512GB SSD/ Win11 Pro),4.5,12th Gen Intel Core i5 1235U,"10 Cores (2P + 8E), 12 Threads",8 GB DDR4 RAM,512 GB SSD,Intel Integrated UHD,"14 inches, 1920 x 1080 pixels",Windows 11 OS,1 Year Warranty,Lenovo,3694.94,14.0,1920.0,1080.0,False
Lenovo V14 82TS005DIH Laptop (12th Gen Core i5/ 8GB/ 512GB SSD/ DOS),4.35,12th Gen Intel Core i5 1235U,"10 Cores (2P + 8E), 12 Threads",8 GB DDR4 RAM,512 GB SSD,Intel Integrated UHD,"14 inches, 1920 x 1080 pixels",DOS OS,1 Year Warranty,Lenovo,3695.89,14.0,1920.0,1080.0,False
Lenovo V14 G3 82TSA0EMIH Laptop (12th Gen Core i3/ 8GB/ 512GB SSD/ Win11),4.0,12th Gen Intel Core i3 1215U,"Hexa Core (2P + 4E), 8 Threads",8 GB DDR4 RAM,512 GB SSD,Intel Integrated UHD,"14 inches, 1920 x 1080 pixels",Windows 11 OS,1 Year Warranty,Lenovo,3324.29,14.0,1920.0,1080.0,False
HP 15s-fq5329TU Laptop (12th Gen Core i5/ 8GB/ 512GB SSD/ Win11 Home),4.6,12th Gen Intel Core i5 1235U,"10 Cores (2P + 8E), 12 Threads",8 GB DDR4 RAM,512 GB SSD,Intel Integrated Iris Xe,"15.6 inches, 1920 x 1080 pixels",Windows 11 OS,1 Year Warranty,HP,4741.44,15.6,1920.0,1080.0,False
HP Envy x360 14-fa0052AU Laptop (AMD Ryzen 7 8840HS/ 16GB/ 512GB SSD/ Win11),4.35,8th Gen AMD Ryzen 7 8840HS,"Octa Core, 16 Threads",16 GB LPDDR5 RAM,512 GB SSD,AMD Radeon Graphics,"14 inches, 1920 x 1200 pixels, Touch Screen",Windows 11 OS,1 Year Warranty,HP,9377.28,14.0,1920.0,1200.0,True
Lenovo Legion Pro 7i 2024 Gaming Laptop (14th Gen Core i9/ 32GB/ 1TB SSD/ Win11 Home/ 12GB Graph),4.0,14th Gen Intel Core i9 14900HX,"24 Cores (8P + 16E), 32 Threads",32 GB DDR5 RAM,1 TB SSD,12 GB NVIDIA Geforce RTX 4080,"16 inches, 2560 x 1600 pixels",Windows 11 OS,1 Year Warranty,Lenovo,31443.24,16.0,2560.0,1600.0,False
HP Envy x360 14-fc0105TU Laptop (Intel Core Ultra 5 125U/ 16GB/ 512GB SSD/ Win11),4.6,Intel Core Ultra 5 125U,"12 Cores (2P + 8E + 2LP-E), 14 Threads",16 GB LPDDR5 RAM,512 GB SSD,Integrated Intel Graphics,"14 inches, 1920 x 1200 pixels, Touch Screen",Windows 11 OS,1 Year Warranty,HP,9398.29,14.0,1920.0,1200.0,True
Lenovo ThinkPad P14s 21HF001FIG Laptop (13th Gen Core i7/ 16GB/ 512GB SSD/ Win11 Pro/ 4GB Graphics),4.7,13th Gen Intel Core i7 1360P,"12 Cores (4P + 8E), 16 Threads",16 GB LPDDR5X RAM,512 GB SSD,4 GB NVIDIA RTX A500,"14 inches, 1920 x 1200 pixels",Windows 11 OS,3 Year Warranty,Lenovo,8976.0,14.0,1920.0,1200.0,False
Samsung Galaxy Book 4 NP750XGK-KS3IN Laptop (Intel Core 7 Processor 150U/ 16GB/ 512GB SSD/ Win11),4.0,Intel Core 7 Processor Series 1 150U,"10 Cores (2P + 8E), 12 Threads",16 GB LPDDR4x RAM,512 GB SSD,Intel Graphics,"15.6 inches, 1920 x 1080 pixels",Windows 11 OS,1 Year Warranty,Samsung,7602.14,15.6,1920.0,1080.0,False
HP Envy x360 14-fc0106TU Laptop (Intel Core Ultra 7 155U/ 16GB/ 512GB SSD/ Win11),4.75,Intel Core Ultra 7 155U,"12 Cores (2P + 8E + 2LP-E), 14 Threads",16 GB LPDDR5 RAM,512 GB SSD,Integrated Intel Graphics,"14 inches, 1920 x 1200 pixels, Touch Screen",Windows 11 OS,1 Year Warranty,HP,10506.14,14.0,1920.0,1200.0,True
Samsung Galaxy Book 4 NP750XGK-KS2IN Laptop (Intel Core 5 Processor 120U/ 16GB/ 512GB SSD/ Win11),4.45,Intel Core 5 Processor Series 1 120U,"10 Cores (2P + 8E), 12 Threads",16 GB LPDDR4x RAM,512 GB SSD,Intel Graphics,"15.6 inches, 1920 x 1080 pixels",Windows 11 OS,1 Year Warranty,Samsung,5997.02,15.6,1920.0,1080.0,False
Samsung Galaxy Book 4 NP750XGK-KS1IN Laptop (Intel Core 5 Processor 120U/ 8GB/ 512GB SSD/ Win11),4.65,Intel Core 5 Processor Series 1 120U,"10 Cores (2P + 8E), 12 Threads",8 GB LPDDR4x RAM,512 GB SSD,Intel Graphics,"15.6 inches, 1920 x 1080 pixels",Windows 11 OS,1 Year Warranty,Samsung,5754.14,15.6,1920.0,1080.0,False
HP Spectre x360 14-ef2035TU Laptop (13th Gen Core i7/ 32GB/ 1TB SSD/ Win11 Home),4.25,13th Gen Intel Core i7 1355U,"10 Cores (2P + 8E), 12 Threads",32 GB LPDDR4X RAM,1 TB SSD,Intel Iris Xe Graphics,"13.5 inches, 3000 x 2000 pixels, Touch Screen",Windows 11 OS,1 Year Warranty,HP,17805.96,13.5,3000.0,2000.0,True
HP Omen Transcend 14-fb0007TX Gaming Laptop (Intel Core Ultra 7 155H/ 16GB/ 1TB SSD/ Win11 Home/ 8GB Graph),4.65,Intel Core Ultra 7 Series 1 155H,"16 Cores (6P + 8E + 2LP-E), 22 Threads",16 GB LPDDR5x RAM,1 TB SSD,8 GB NVIDIA GeForce RTX 4060,"14 inches, 2880 x 1800 pixels",Windows 11 OS,1 Year Warranty,HP,13410.14,14.0,2880.0,1800.0,False
Lenovo IdeaPad Slim 3 83EQ0044IN Laptop (12th Gen Core i5/ 16GB/ 512GB SSD/ Win11 Home),4.35,12th Gen Intel Core i5 12450H,"Octa Core (4P + 4E), 12 Threads",16 GB LPDDR5 RAM,512 GB SSD,Intel Integrated UHD Graphics,"14 inches, 1920 x 1080 pixels",Windows 11 OS,1 Year Warranty,Lenovo,5237.76,14.0,1920.0,1080.0,False
HP Pavilion 15-eg3032TU Laptop (13th Gen Core i7/ 16GB/ 512GB SSD/ Win11 Home),4.7,13th Gen Intel Core i7 1360P,"12 Cores (4P + 8E), 16 Threads",16 GB DDR4 RAM,512 GB SSD,Intel Iris Xe Graphics,"15.6 inches, 1920 x 1080 pixels",Windows 11 OS,1 Year Warranty,HP,8130.14,15.6,1920.0,1080.0,False
Samsung Galaxy Book 4 Edge Laptop (Snapdragon X Elite/ 16GB/ 512GB SSD/ Win11),4.4,Qualcomm Snapdragon X Elite,N/A,16 GB LPDDR5X RAM,512 GB SSD,Intel Arc Graphics,Windows 11 OS,1 Year Warranty,Backlit Keyboard,Samsung,17211.74,16.0,,,False
MSI Commercial 14 H A13MG-064IN Laptop (13th Gen Core i5/ 16GB/ 512GB SSD/ Win11),4.35,13th Gen Intel Core i5 13420H,"Octa Core (4P + 4E), 12 Threads",16 GB DDR4 RAM,512 GB SSD,Intel Integrated Iris Xe,"14 inches, 1920 x 1200 pixels",Windows 11 OS,3 Year Warranty,MSI,8446.94,14.0,1920.0,1200.0,False
HP 15-FC0029AU Laptop (AMD Ryzen 5 7520U/ 8GB/ 512GB SSD/ Win11 Home),4.55,7th Gen AMD Ryzen 5 7520U,"Quad Core, 8 Threads",8 GB LPDDR5 RAM,512 GB SSD,AMD Radeon AMD,"15.6 inches, 1920 x 1080 pixels",Windows 11 OS,1 Year Warranty,HP,4646.29,15.6,1920.0,1080.0,False
Lenovo IdeaPad 1 82V700ECIN Laptop (Celeron N4020/ 8GB/ 512GB SSD/ Win11 Home),4.4,4th Gen Intel Celeron N4020,"Dual Core, 2 Threads",8 GB DDR4 RAM,512 GB SSD,Intel UHD Graphics 600,"15.6 inches, 1366 x 768 pixels",Windows 11 OS,1 Year Warranty,Lenovo,2533.34,15.6,1366.0,768.0,False
HP Victus 15-fa1128TX Gaming Laptop (13th Gen Core i5/ 16GB/ 512GB SSD/ Win11 Home/ 4GB Graph),4.55,13th Gen Intel Core i5 13420H,"Octa Core (4P + 4E), 12 Threads",16 GB DDR4 RAM,512 GB SSD,4 GB NVIDIA GeForce RTX 2050,"15.6 inches, 1920 x 1080 pixels",Windows 11 OS,1 Year Warranty,HP,6862.94,15.6,1920.0,1080.0,False
MSI Raider GE78 HX 14VHG-805IN Gaming Laptop (14th Gen Core i9/ 32GB/ 2TB SSD/ Win11 Home/ 12GB Graph),4.45,14th Gen Intel Core i9 14900HX,"24 Cores (8P + 16E), 32 Threads",32 GB DDR5 RAM,2 TB SSD,12 GB NVIDIA GeForce RTX 4080,"17 inches, 2560 x 1600 pixels",Windows 11 OS,2 Year Warranty,MSI,28827.74,17.0,2560.0,1600.0,False
MSI Katana A15 AI B8VE-418IN Gaming Laptop (AMD Ryzen 7 8845HS/ 16GB/ 512GB SSD/ Win11 /6GB Graph),4.1,8th Gen AMD Ryzen 7 8845HS,"Octa Core, 16 Threads",16 GB DDR5 RAM,512 GB SSD,6 GB NVIDIA GeForce RTX 4050,"15.75 inches, 1920 x 1080 pixels",Windows 11 OS,2 Year Warranty,MSI,9502.94,15.75,1920.0,1080.0,False
MSI Cyborg 15 AI A1VFK-049IN Gaming Laptop (Intel Core Ultra 7 155H/ 16GB/ 1TB SSD/ Win11/ 8GB Graph),4.3,Intel Core Ultra 7 Series 1 155H,"16 Cores (6P + 8E + 2LP-E), 22 Threads",16 GB DDR5 RAM,1 TB SSD,8 GB NVIDIA GeForce RTX 4060,"15.6 inches, 1920 x 1080 pixels",Windows 11 OS,2 Year Warranty,MSI,10048.9,15.6,1920.0,1080.0,False
Apple MacBook Air 2024 MRXW3HN/A Laptop (Apple M3/ 8GB/ 512GB SSD/ MacOS),4.3,Apple M3,Octa Core (4P + 4E),8 GB  RAM,512 GB SSD,Apple 10 Core GPU,"13.6 inches, 2560 x 1664 pixels",Mac OS,1 Year Warranty,Apple,11494.45,13.6,2560.0,1664.0,False
Apple MacBook Air 15 2024 Laptop (Apple M3/ 16GB/ 512GB SSD/ MacOS),4.4,Apple M3,Octa Core (4P + 4E),16 GB  RAM,512 GB SSD,10-Core GPU,"15.3 inches, 2880 x 1864 pixels",Mac OS,1 Year Warranty,Apple,14245.44,15.3,2880.0,1864.0,False
Apple MacBook Air 2024 MXCT3HN/A Laptop (Apple M3/ 16GB/ 512GB SSD/ MacOS),4.05,Apple M3,Octa Core (4P + 4E),16 GB  RAM,512 GB SSD,Apple 10 Core GPU,"13.6 inches, 2560 x 1664 pixels",Mac OS,1 Year Warranty,Apple,11605.44,13.6,2560.0,1664.0,False
Apple MacBook Air 15 2024 MRYR3HN/A Laptop (Apple M3/ 8GB/ 256GB SSD/ MacOS),4.1,Apple M3,Octa Core (4P + 4E),8 GB DDR4 RAM,256 GB SSD,10-Core GPU,"15.3 inches, 2880 x 1864 pixels",Mac OS,1 Year Warranty,Apple,11984.54,15.3,2880.0,1864.0,False
Apple MacBook Air 2024 MRYN3HN/A Laptop (Apple M3/ 8GB/ 512GB SSD/ MacOS),4.15,Apple M3,Octa Core (4P + 4E),8 GB DDR4 RAM,512 GB SSD,10-Core GPU,"15.3 inches, 2880 x 1864 pixels",Mac OS,1 Year Warranty,Apple,13885.34,15.3,2880.0,1864.0,False
MSI Thin A15 AI B7UCX-068IN Gaming Laptop (AMD Ryzen 5 7535H/ 16GB/ 512GB SSD/ Win11/ 4GB Graph),4.0,7th Gen AMD Ryzen 5 7535HS,"Hexa Core, 12 Threads",16 GB DDR4 RAM,512 GB SSD,4 GB NVIDIA GeForce RTX 2050,"15.6 inches, 1920 x 1080 pixels",Windows 11 OS,2 Year Warranty,MSI,5595.74,15.6,1920.0,1080.0,False
Lenovo IdeaPad Slim 3 83EM0023IN Laptop (13th Gen Core i5/ 16GB/ 512GB SSD/ Win11),4.25,13th Gen Intel Core i5 13420H,"Octa Core (4P + 4E), 12 Threads",16 GB LPDDR5 RAM,512 GB SSD,Integrated Intel UHD Graphics,"15.6 inches, 1920 x 1080 pixels",Windows 11 OS,1 Year Warranty,Lenovo,6218.78,15.6,1920.0,1080.0,False
MSI Thin A15 AI B7VE-065IN Gaming Laptop (AMD Ryzen 7 7735H/ 16GB/ 1TB SSD/ Win11/ 6GB Graph),4.25,7th Gen AMD Ryzen 7 7735HS,"Octa Core, 16 Threads",16 GB DDR4 RAM,1 TB SSD,6 GB NVIDIA GeForce RTX 4050,"15.6 inches, 1920 x 1080 pixels",Windows 11 OS,2 Year Warranty,MSI,8974.94,15.6,1920.0,1080.0,False
MSI Thin A15 AI B7VE-066IN Gaming Laptop (AMD Ryzen 5 7535H/ 16GB/ 512GB SSD/ Win11/ 6GB Graph),4.5,7th Gen AMD Ryzen 5 7535HS,"Hexa Core, 12 Threads",16 GB DDR4 RAM,512 GB SSD,6 GB NVIDIA GeForce RTX 4050,"15.6 inches, 1920 x 1080 pixels",Windows 11 OS,2 Year Warranty,MSI,7605.31,15.6,1920.0,1080.0,False
MSI Vector 17 HX A14VHG-806IN Gaming Laptop (14th Gen Core i9/ 32GB/ 2TB SSD/ Win11 Home/ 12GB Graph),4.5,14th Gen Intel Core i9 14900HX,"24 Cores (8P + 16E), 32 Threads",32 GB DDR5 RAM,2 TB SSD,12 GB NVIDIA GeForce RTX 4080,"17 inches, 2560 x 1600 pixels",Windows 11 OS,2 Year Warranty,MSI,26398.84,17.0,2560.0,1600.0,False
HP Omen 16-wf0179TX Gaming Laptop (13th Gen Core i7/ 16GB/ 512GB SSD/ Win11/ 6GB Graph),4.0,13th Gen Intel Core i7 13700HX,"16 Cores (8P + 8E), 24 Threads",16 GB DDR5 RAM,512 GB SSD,6 GB NVIDIA GeForce RTX 3050,"16.1 inches, 2560 x 1440 pixels",Windows 11 OS,1 Year Warranty,HP,10453.34,16.1,2560.0,1440.0,False
Lenovo Legion Y9000K 2024 Gaming Laptop (14th Gen Core i9/ 64GB/ 2TB SSD/ Win11/ 16GB Graph),4.15,14th Gen Intel Core i9 14900HX,"24 Cores (8P + 16E), 32 Threads",64 GB DDR5 RAM,2 TB SSD,16 GB NVIDIA GeForce RTX 4090,"16 inches, 3200 x 2000 pixels",Windows 11 OS,1 Year Warranty,Lenovo,36958.94,16.0,3200.0,2000.0,False
HP Pavilion Plus 14-ew0116TU Laptop (13th Gen Core i5/ 16GB/ 512GB SSD/ Win 11),4.0,13th Gen Intel Core i5 1335U,"10 Cores (2P + 8E), 12 Threads",16 GB LPDDR5x RAM,512 GB SSD,Intel Iris Xe Graphics,"14 inches, 1920 x 1200 pixels",Windows 11 OS,1 Year Warranty,HP,7760.54,14.0,1920.0,1200.0,False
MSI Raider GE68HX 14VHG-460IN Gaming Laptop (14th Gen Core i9/ 32GB/ 1TB SSD/ Win11 Home/ 12GB Graph),4.2,14th Gen Intel Core i9 14900HX,"24 Cores (8P + 16E), 32 Threads",32 GB DDR5 RAM,1 TB SSD,12 GB NVIDIA GeForce RTX 4080,"16 inches, 2560 x 1600 pixels",Windows 11 OS,2 Year Warranty,MSI,26293.34,16.0,2560.0,1600.0,False
MSI Stealth 16 AI Studio A1VFG-058IN Gaming Laptop (Intel Core Ultra 7/ 32GB/ 1TB SSD/ Win11 Home/ 8GB Graph),4.1,Intel Core Ultra 7 Series 1 155H,"16 Cores (6P + 8E + 2LP-E), 22 Threads",32 GB DDR5 RAM,1 TB SSD,8 GB NVIDIA GeForce RTX 4060,"16 inches, 2560 x 1600 pixels",Windows 11 OS,2 Year Warranty,MSI,15274.51,16.0,2560.0,1600.0,False
MSI Prestige 16 AI Studio B1VFG 2024 Laptop ( Intel Core Ultra 9/ 32GB/ 1TB SSD/ Win11/ 8GB Graphics),4.4,Intel Core Ultra 9 Series 1 185H,"16 Cores (6P + 8E + 2LP-E), 22 Threads",32 GB LPDDR5 RAM,1 TB SSD,8 GB NVIDIA GeForce RTX 4060,"16 inches, 2560 x 1600 pixels",Windows 11 OS,2 Year Warranty,MSI,19006.94,16.0,2560.0,1600.0,False
MSI Vector 17 HX A14VGG-239IN Gaming Laptop (14th Gen Core i9/ 32GB/ 2TB SSD/ Win11 Home/ 8GB Graph),4.1,14th Gen Intel Core i9 14900HX,"24 Cores (8P + 16E), 32 Threads",32 GB DDR5 RAM,2 TB SSD,8 GB NVIDIA GeForce RTX 4070,"17 inches, 2560 x 1600 pixels",Windows 11 OS,2 Year Warranty,MSI,23230.94,17.0,2560.0,1600.0,False
Samsung Galaxy Book 4 360 NP750QGK-KG3IN Laptop (Intel Core 7 Processor 150U/ 16GB/ 1TB SSD/ Win11),4.1,Intel Core 7 Processor Series 1 150U,"10 Cores (2P + 8E), 12 Threads",16 GB LPDDR5 RAM,1 TB SSD,Intel Graphics,"15.6 inches, 1920 x 1080 pixels, Touch Screen",Windows 11 OS,1 Year Warranty,Samsung,14677.34,15.6,1920.0,1080.0,True
Samsung Galaxy Book 4 Pro 360 NP960QGK-KG1IN Laptop (Intel Core Ultra 7/ 16GB/ 512GB SSD/ Win11),4.5,Intel Core Ultra 7 Series 1 155H,"16 Cores (6P + 8E + 2LP-E), 22 Threads",16 GB LPDDR5X RAM,512 GB SSD,Intel Arc Graphics,"16 inches, 2880 x 1800 pixels, Touch Screen",Windows 11 OS,1 Year Warranty,Samsung,16789.34,16.0,2880.0,1800.0,True
Samsung Galaxy Book 4 Pro 360 NP960QGK-KG2IN Laptop (Intel Core Ultra 7/ 16GB/ 1TB SSD/ Win11),4.4,Intel Core Ultra 7 Series 1 155H,"16 Cores (6P + 8E + 2LP-E), 22 Threads",16 GB LPDDR5X RAM,1 TB SSD,Intel Arc Graphics,"16 inches, 2880 x 1800 pixels, Touch Screen",Windows 11 OS,1 Year Warranty,Samsung,17422.94,16.0,2880.0,1800.0,True
Samsung Galaxy Book 4 360 NP750QGK-KG1IN Laptop (Intel Core 5 Processor 120U/ 16GB/ 512GB SSD/ Win11),4.6,Intel Core 5 Processor Series 1 120U,"10 Cores (2P + 8E), 12 Threads",16 GB LPDDR5 RAM,512 GB SSD,Intel Graphics,"15.6 inches, 1920 x 1080 pixels, Touch Screen",Windows 11 OS,1 Year Warranty,Samsung,11193.39,15.6,1920.0,1080.0,True
Lenovo LOQ 15IRH8 82XV00LTIN 2023 Gaming Laptop (12th Gen Core i5/ 16GB/ 512GB SSD/ Win11/ 4GB Graph),4.7,12th Gen Intel Core i5 12450H,"Octa Core (4P + 4E), 12 Threads",16 GB DDR5 RAM,512 GB SSD,4 GB NVIDIA GeForce RTX 2050,"15.6 inches, 1920 x 1080 pixels",Windows 11 OS,1 Year Warranty,Lenovo,6757.34,15.6,1920.0,1080.0,False
Dell Inspiron 5620 ICC-C783534WIN8 Laptop (12th Gen Core i5/ 16GB/ 512GB SSD/ Win11),4.2,12th Gen Intel Core i5 1240P,"12 Cores (4P + 8E), 16 Threads",16 GB DDR4 RAM,512 GB SSD,Intel Integrated,"16 inches, 1920 x 1080 pixels",Windows 11 OS,1 Year Warranty,Dell,6651.74,16.0,1920.0,1080.0,False
Samsung Galaxy Book 4 Pro 14 NP940XGK-KS1IN Laptop (Intel Core Ultra 5/ 16GB/ 512GB SSD/ Win11),4.45,Intel Core Ultra 5 Series 1 125H,"14 Cores (4P + 8E + 2LP-E), 18 Threads",16 GB LPDDR5X RAM,512 GB SSD,Intel Arc Graphics,"14 inches, 2880 x 1800 pixels, Touch Screen",Windows 11 OS,1 Year Warranty,Samsung,11816.53,14.0,2880.0,1800.0,True
MSI Prestige 16 AI Studio B1VEG Laptop ( Intel Core Ultra 7/ 32GB/ 1TB SSD/ Win11/ 6GB Graphics),4.75,Intel Core Ultra 7 Series 1 155H,"16 Cores (6P + 8E + 2LP-E), 22 Threads",32 GB LPDDR5 RAM,1 TB SSD,6 GB NVIDIA GeForce RTX 4050,"16 inches, 2560 x 1600 pixels",Windows 11 OS,2 Year Warranty,MSI,15838.94,16.0,2560.0,1600.0,False
MSI Modern 14 D13MG-072IN Laptop (13th Gen Core i7/ 16GB/ 1TB SSD/ Win11 Home),4.45,13th Gen Intel Core i7 13620H,"10 Cores (6P + 4E), 16 Threads",16 GB DDR4 RAM,1 TB SSD,Intel Integrated Iris Xe,"14 inches, 1920 x 1200 pixels",Windows 11 OS,1 Year Warranty,MSI,6651.74,14.0,1920.0,1200.0,False
Samsung Galaxy Book 4 Pro 14 NP940XGK-KG2IN Laptop (Intel Core Ultra 7/ 16GB/ 512GB SSD/ Win11),4.0,Intel Core Ultra 7 Series 1 155H,"16 Cores (6P + 8E + 2LP-E), 22 Threads",16 GB LPDDR5X RAM,512 GB SSD,Intel Arc Graphics,"14 inches, 2880 x 1800 pixels, Touch Screen",Windows 11 OS,1 Year Warranty,Samsung,13198.94,14.0,2880.0,1800.0,True
MSI Prestige 13 AI Evo A1MG Laptop (Intel Core Ultra 5/ 16GB/ 1TB SSD/ Win11 Home),4.2,Intel Core Ultra 5 Series 1 125H,"14 Cores (4P + 8E + 2LP-E), 18 Threads",16 GB LPDDR5 RAM,1 TB SSD,Intel Arc Graphics,"13.3 inches, 2880 x 1800 pixels",Windows 11 OS,2 Year Warranty,MSI,9502.94,13.3,2880.0,1800.0,False
Asus ROG Strix SCAR 16 2024 G634JZR-CM932WS Gaming Laptop (14th Gen Core i9/ 32GB/ 2TB SSD/ Win11 Home/ 12GB Graph),4.55,14th Gen Intel Core i9 14900HX,"24 Cores (8P + 16E), 32 Threads",32 GB DDR5 RAM,2 TB SSD,12 GB NVIDIA GeForce RTX 4080,"16 inches, 2560 x 1600 pixels",Windows 11 OS,1 Year Warranty,Asus,29566.94,16.0,2560.0,1600.0,False
Lenovo IdeaPad Slim 5 83DA0049IN Laptop (Intel Core Ultra 5/ 16 GB RAM/ 1TB SSD/ Win 11),4.45,Intel Core Ultra 5 Series 1 125H,"14 Cores (4P + 8E + 2LP-E), 18 Threads",16 GB LPDDR5 RAM,1 TB SSD,Intel Arc Graphics,"14 inches, 1920 x 1200 pixels",Windows 11 OS,1 Year Warranty,Lenovo,7941.12,14.0,1920.0,1200.0,False
Lenovo IdeaPad Slim 5 16IMH9 83DC0042IN Laptop (Intel Core Ultra 5/ 16 GB RAM/ 1TB SSD/ Win 11),4.05,Intel Core Ultra 5 Series 1 125H,"14 Cores (4P + 8E + 2LP-E), 18 Threads",16 GB LPDDR5 RAM,1 TB SSD,Intel Arc Graphics,"16 inches, 1920 x 1200 pixels",Windows 11 OS,1 Year Warranty,Lenovo,8362.46,16.0,1920.0,1200.0,False
Asus TUF F17 FX706HF-NY040W Gaming Laptop (11th Gen Core i5/ 16GB/ 512GB SSD/ Win11/ 4GB Graph),4.65,11th Gen Intel Core i5 11400H,"Hexa Core, 12 Threads",16 GB DDR6 RAM,512 GB SSD,4 GB NVIDIA GeForce RTX 2050,"17.3 inches, 1920 x 1080 pixels",Windows 11 OS,1 Year Warranty,Asus,5701.34,17.3,1920.0,1080.0,False
Dell G15-5530 GN5530D83M6001ORB1 Gaming Laptop (13th Gen Core i5/ 16GB/ 512GB SSD/ Win11/ 6GB Graph),4.4,13th Gen Intel Core i5 13450HX,"10 Cores (6P + 4E), 16 Threads",16 GB DDR5 RAM,512 GB SSD,6 GB NVIDIA GeForce RTX 3050,"15.6 inches, 1920 x 1080 pixels",Windows 11 OS,1 Year Warranty,Dell,8024.54,15.6,1920.0,1080.0,False
HP 14s-dq5138tu Laptop (12th Gen Core i3/ 8GB/ 512GB SSD/ Win11 Home),4.75,12th Gen Intel Core i3 1215U,"Hexa Core (2P + 4E), 8 Threads",8 GB DDR4 RAM,512 GB SSD,Intel Integrated UHD,"14 inches, 1920 x 1080 pixels",Windows 11 OS,1 Year Warranty,HP,3854.29,14.0,1920.0,1080.0,False
HP 15s-fq5330TU Laptop (12th Gen Core i5/ 16GB/ 512GB SSD/ Win11 Home),4.0,12th Gen Intel Core i5 1235U,"10 Cores (2P + 8E), 12 Threads",16 GB DDR4 RAM,512 GB SSD,Intel Integrated Iris Xe,"15.6 inches, 1920 x 1080 pixels",Windows 11 OS,1 Year Warranty,HP,5142.72,15.6,1920.0,1080.0,False
HP 15-fd0221TU Laptop (13th Gen Core i5/ 16GB/ 512GB SSD/ Win11 Home),4.2,13th Gen Intel Core i5 1334U,"10 Cores (2P + 8E), 12 Threads",16 GB DDR4 RAM,512 GB SSD,Intel Integrated Integrated,"15.6 inches, 1920 x 1080 pixels",Windows 11 OS,1 Year Warranty,HP,5821.73,15.6,1920.0,1080.0,False
Acer Nitro V ANV15-51 Gaming Laptop (13th Gen Core i5/ 16GB/ 1TB SSD/ Win11/ 4GB Graph),4.2,13th Gen Intel Core i5 13420H,"Octa Core (4P + 4E), 12 Threads",16 GB DDR5 RAM,1 TB SSD,4 GB NVIDIA GeForce RTX 2050,"15.6 inches, 1920 x 1080 pixels",Windows 11 OS,1 Year Warranty,Acer,7390.94,15.6,1920.0,1080.0,False
Asus Zenbook 14 OLED 2024 UX3405MA-PZ552WS Laptop (Intel Core Ultra 5/ 16GB/ 1TB SSD/ Win11 Home),4.1,Intel Core Ultra 5 Series 1 125H,"14 Cores (4P + 8E + 2LP-E), 18 Threads",16 GB LPDDR5X RAM,1 TB SSD,Intel Arc Graphics,"14 inches, 2880 x 1800 pixels, Touch Screen",Windows 11 OS,1 Year Warranty,Asus,10030.94,14.0,2880.0,1800.0,True
Dell Vostro 3530 Laptop (13th Gen Core i3/ 8GB/ 512GB SSD/ Win11),4.7,13th Gen Intel Core i3 1305U,"5 Cores (1P + 4E), 6 Threads",8 GB DDR4 RAM,512 GB SSD,Intel Integrated Graphics,"15.6 inches, 1920 x 1080 pixels",Windows 11 OS,1 Year Warranty,Dell,3895.58,15.6,1920.0,1080.0,False
Asus Zenbook 14 OLED 2024 UX3405MA-PZ752WS Laptop (Intel Core Ultra 7/ 16GB/ 1TB SSD/ Win11 Home),4.15,Intel Core Ultra 7 Series 1 155H,"16 Cores (6P + 8E + 2LP-E), 22 Threads",16 GB LPDDR5X RAM,1 TB SSD,Intel Arc Graphics,"14 inches, 2880 x 1800 pixels, Touch Screen",Windows 11 OS,1 Year Warranty,Asus,11086.84,14.0,2880.0,1800.0,True
Lenovo ThinkPad E14 21JKS0UA00 Laptop (13th Gen Core i5/ 16GB/ 512GB SSD/ Win11 Home),4.05,13th Gen Intel Core i5 1335U,"10 Cores (2P + 8E), 12 Threads",16 GB DDR4 RAM,512 GB SSD,Intel UHD Graphics,"14 inches, 1920 x 1200 pixels",Windows 11 OS,1 Year Warranty,Lenovo,7496.54,14.0,1920.0,1200.0,False
Lenovo IdeaPad Slim 5 14IMH9 83DA0043IN Laptop (Intel Core Ultra 5/ 16 GB RAM/ 1TB SSD/ Win 11),4.35,Intel Core Ultra 5 Series 1 125H,"14 Cores (4P + 8E + 2LP-E), 18 Threads",16 GB LPDDR5 RAM,1 TB SSD,Intel Arc Graphics,"14 inches, 1920 x 1200 pixels",Windows 11 OS,1 Year Warranty,Lenovo,8446.94,14.0,1920.0,1200.0,False
Acer Swift Go 14 SFG14-72T Laptop (Intel Core Ultra 5 125H/ 16GB/ 512GB SSD/ Win11 Home),4.5,Intel Core Ultra 5 Series 1 125H,"14 Cores (4P + 8E + 2LP-E), 18 Threads",16 GB LPDDR5X RAM,512 GB SSD,Intel Integrated ARC Graphics,"14 inches, 1920 x 1200 pixels",Windows 11 OS,1 Year Warranty,Acer,7918.94,14.0,1920.0,1200.0,False
HP 14-ew0153TU Laptop (13th Gen Core i7/ 16GB/ 1TB SSD/ Win11 Home),4.35,13th Gen Intel Core i7 1355U,"10 Cores (2P + 8E), 12 Threads",16 GB LPDDR5x RAM,1 TB SSD,Intel Integrated Intel Iris Xe,"14 inches, 2880 x 1800 pixels",Windows 11 OS,1 Year Warranty,HP,10347.96,14.0,2880.0,1800.0,False
HP Pavilion x360 14-ek0183TU Laptop (12th Gen Core i3/ 8GB/ 512GB SSD/ Win11),4.05,12th Gen Intel Core i3 1215U,"Hexa Core (2P + 4E), 8 Threads",8 GB DDR4 RAM,512 GB SSD,Intel Integrated UHD,"14 inches, 1920 x 1080 pixels, Touch Screen",Windows 11 OS,1 Year Warranty,HP,5701.34,14.0,1920.0,1080.0,True
HP Pavilion 15-eh1047AU Laptop (Ryzen 5 5500U/ 16GB/ 1TB SSD/ Win11 Home),4.0,5th Gen AMD Ryzen 5 5500U,"Hexa Core, 12 Threads",16 GB DDR4 RAM,1 TB SSD,AMD Radeon Graphics,"15.6 inches, 1920 x 1080 pixels",Windows 11 OS,1 Year Warranty,HP,5582.02,15.6,1920.0,1080.0,False
HP Omen 16-xf0081AX Gaming Laptop (AMD Ryzen 7 7840HS/ 32GB/ 1TB SSD/ Win11/ 8GB Graph),4.35,7th Gen AMD Ryzen 7 7840HS,"Octa Core, 16 Threads",32 GB DDR5 RAM,1 TB SSD,8 GB NVIDIA GeForce RTX 4060,"16 inches, 1440 x 2560 pixels",Windows 11 OS,1 Year Warranty,HP,14361.49,16.0,1440.0,2560.0,False
HP Omen 16-xd0010AX Gaming Laptop (AMD Ryzen 7 7840HS/ 16GB/ 1TB SSD/ Win11/ 6GB Graph),4.5,7th Gen AMD Ryzen 7 7840HS,"Octa Core, 16 Threads",16 GB DDR5 RAM,1 TB SSD,6 GB NVIDIA GeForce RTX 4050,"16.1 inches, 1920 x 1080 pixels",Windows 11 OS,1 Year Warranty,HP,10558.94,16.1,1920.0,1080.0,False
Lenovo IdeaPad Slim 3 83EM0026IN Laptop (13th Gen Core i5/ 16GB/ 512GB SSD/ Win11),4.2,13th Gen Intel Core i5 13420H,"Octa Core (4P + 4E), 12 Threads",16 GB LPDDR5 RAM,512 GB SSD,Integrated Intel UHD Graphics,"15.6 inches, 1920 x 1080 pixels",Windows 11 OS,1 Year Warranty,Lenovo,6070.94,15.6,1920.0,1080.0,False
Lenovo Ideapad Slim 3 Chrome 14M868 82XJ002RHA Laptop (MediaTek Kompanio 520/ 8GB/ 128GB eMMC/ Chrome OS),4.25,MediaTek Kompanio 520 Kompanio 520,Octa Core,8 GB LPDDR4X RAM,128 GB eMMC Storage,Arm Mali G52 MC2 2EE Graphics,"14 inches, 1366 x 768 pixels",Chrome OS,1 Year Warranty,Lenovo,1688.54,14.0,1366.0,768.0,False
Lenovo Ideapad Slim 3 Chromebook 14IAN8 83BN001PHA Laptop (Intel Pentium N100/ 4GB/ 128GB eMMC/ Chrome OS),4.6,Intel Pentium N100,"Quad Core, 4 Threads",4 GB LPDDR4X RAM,128 GB eMMC Storage,Intel UHD Graphics,"14 inches, 1366 x 768 pixels",Chrome OS,1 Year Warranty,Lenovo,2216.54,14.0,1366.0,768.0,False
HP Victus 15-fa1124TX Gaming Laptop (12th Gen Core i5/ 8GB/ 512GB SSD/ Win11/ 4GB Graph),4.75,12th Gen Intel Core i5 12450H,"Octa Core (4P + 4E), 12 Threads",8 GB DDR4 RAM,512 GB SSD,4 GB NVIDIA GeForce RTX 2050,"15.6 inches, 1920 x 1080 pixels",Windows 11 OS,1 Year Warranty,HP,5649.6,15.6,1920.0,1080.0,False
Lenovo Ideapad Gaming 3 15ARH7 82SB00M6IN Laptop (AMD Ryzen 5 7535HS / 16GB/ 512GB SSD/ Win11/ 6GB Graph),4.3,7th Gen AMD Ryzen 5 7535HS,"Hexa Core, 12 Threads",16 GB DDR5 RAM,512 GB SSD,6 GB NVIDIA GeForce RTX 3050,"15.6 inches, 1920 x 1080 pixels",Windows 11 OS,1 Year Warranty,Lenovo,7550.29,15.6,1920.0,1080.0,False
HP 15s-fr5010TU Laptop (12th Gen Core i5/8GB/ 512GB SSD/ Win11 Home),4.25,12th Gen Intel Core i5 1235U,"10 Cores (2P + 8E), 12 Threads",8 GB DDR4 RAM,512 GB SSD,Intel UHD Graphics,"15.6 inches, 1920 x 1080 pixels",Windows 11 OS,1 Year Warranty,HP,5011.78,15.6,1920.0,1080.0,False
Asus Chromebook CM14 CM1402CM2A-EK0085 Laptop (MediaTek Kompanio 520/ 8GB/ 128GB eMMC/ Chrome OS),4.65,MediaTek Kompanio Kompanio 520,Octa Core,8 GB LPDDR4X RAM,128 GB eMMC Storage,Arm Mali G52 MC2 2EE,"14 inches, 1920 x 1080 pixels",Chrome OS,1 Year Warranty,Asus,2638.94,14.0,1920.0,1080.0,False
HP Omen 16-wf1025TX Gaming Laptop (14th Gen Core i7/ 16GB/ 1TB SSD/ Win11 Home/ 8GB Graph),4.2,14th Gen Intel Core i7 14700HX,"20 Cores (8P + 12E), 28 Threads",16 GB DDR5 RAM,1 TB SSD,8 GB NVIDIA GeForce RTX 4060,"16.1 inches, 1920 x 1080 pixels",Windows 11 OS,1 Year Warranty,HP,14466.14,16.1,1920.0,1080.0,False
HP 15s-fr5011TU Laptop (12th Gen Core i5/ 16GB/ 512GB SSD/ Win11 Home),4.45,12th Gen Intel Core i5 1235U,"10 Cores (2P + 8E), 12 Threads",16 GB DDR4 RAM,512 GB SSD,Intel UHD Graphics,"15.6 inches, 1920 x 1080 pixels",Windows 11 OS,1 Year Warranty,HP,5173.34,15.6,1920.0,1080.0,False
Acer Aspire Lite AL15-52 15 Laptop (12th Gen Core i5/ 16GB/ 1TB SSD/ Win11),4.35,12th Gen Intel Core i5 1235U,"10 Cores (2P + 8E), 12 Threads",16 GB DDR4 RAM,1 TB SSD,Intel Iris Xe Graphics,"15.6 inches, 1920 x 1080 pixels",Windows 11 OS,1 Year Warranty,Acer,4962.14,15.6,1920.0,1080.0,False
HP Spectre x360 14-eu0556TU Laptop (Intel Core Ultra 7/ 32GB/ 1TB SSD/ Win11 Home),4.2,Intel Core Ultra 7 Series 1 155H,"16 Cores (6P + 8E + 2LP-E), 22 Threads",32 GB LPDDR5x RAM,1 TB SSD,Intel Arc Graphics,"14 inches, 2880 x 1800 pixels, Touch Screen",Windows 11 OS,1 Year Warranty,HP,16894.94,14.0,2880.0,1800.0,True
MSI Titan 18 HX Gaming Laptop (14th Gen Core i9/ 32GB/ 2TB SSD/ Win11 Home/ RTX 4090),4.2,14th Gen Intel Core i9 14900HX,N/A,32 GB DDR5 RAM,2 TB SSD,16 GB NVIDIA GeForce RTX 4090,Windows 11 OS,2 Year Warranty,Backlit Keyboard,MSI,52798.94,14.0,,,False
Lenovo IdeaPad Slim 3 83ER008GIN Laptop (12th Gen Core i5/ 16GB/ 512GB SSD/ Win11 Home),4.5,12th Gen Intel Core i5 12450H,"Octa Core (4P + 4E), 12 Threads",16 GB LPDDR5 RAM,512 GB SSD,Intel Integrated UHD Graphics,"15.6 inches, 1920 x 1080 pixels",Windows 11 OS,1 Year Warranty,Lenovo,5385.49,15.6,1920.0,1080.0,False
Acer Nitro V 15 ANV15-51 Gaming Laptop (13th Gen Core i5/ 16GB/ 512GB SSD/ Win11/ 6GB Graph),4.15,13th Gen Intel Core i5 13420H,"Octa Core (4P + 4E), 12 Threads",16 GB DDR5 SDRAM RAM,512 GB SSD,6 GB NVIDIA GeForce RTX 3050,"15.6 inches, 1920 x 1080 pixels",Windows 11 OS,1 Year Warranty,Acer,7767.41,15.6,1920.0,1080.0,False
Acer Nitro V 2023 ANV15-51 Gaming Laptop (13th Gen Core i5/ 16GB/ 1TB SSD/ Win11/ 6GB Graph),4.45,13th Gen Intel Core i5 13420H,"Octa Core (4P + 4E), 12 Threads",16 GB DDR5 RAM,1 TB SSD,6 GB NVIDIA GeForce RTX 4050,"15.6 inches, 1920 x 1080 pixels",Windows 11 OS,1 Year Warranty,Acer,8869.34,15.6,1920.0,1080.0,False
Lenovo IdeaPad Slim 3 15IRH8 83EM0025IN Laptop (13th Gen Core i5/ 16GB/ 512GB SSD/ Win11),4.15,13th Gen Intel Core i5 13420H,"Octa Core (4P + 4E), 12 Threads",16 GB LPDDR5 RAM,512 GB SSD,Integrated Intel UHD Graphics,"15.6 inches, 1920 x 1080 pixels",Windows 11 OS,1 Year Warranty,Lenovo,6060.38,15.6,1920.0,1080.0,False
Dell G15-5530 Gaming Laptop (13th Gen Core i5/ 16GB/ 1TB SSD/ Win11/ 6GB Graph),4.6,13th Gen Intel Core i5 13450HX,"10 Cores (6P + 4E), 16 Threads",16 GB DDR5 RAM,1 TB SSD,6 GB NVIDIA GeForce RTX 3050,"15.6 inches, 1920 x 1080 pixels",Windows 11 OS,1 Year Warranty,Dell,8182.94,15.6,1920.0,1080.0,False
Dell G16 7630 Gaming Laptop (13th Gen Core i9/ 16GB/ 1TB SSD/ Win11/ 8GB Graph),4.3,13th Gen Intel Core i9 13900HX,"24 Cores (8P + 16E), 32 Threads",16 GB DDR5 RAM,1 TB SSD,8 GB NVIDIA GeForce RTX 4070,"16 inches, 2560 x 1600 pixels",Windows 11 OS,1 Year Warranty,Dell,22016.54,16.0,2560.0,1600.0,False
Lenovo V15 G4 82YU00W9IN Laptop (Ryzen 5 7520U/ 8GB/ 512GB SSD/ Win11 Home),4.15,7th Gen AMD Ryzen 5 7520U,"Quad Core, 8 Threads",8 GB LPDDR5 RAM,512 GB SSD,AMD Radeon Graphics,"15.6 inches, 1920 x 1080 pixels",Windows 11 OS,1 Year Warranty,Lenovo,3378.14,15.6,1920.0,1080.0,False
Lenovo Legion Pro 5 161IRX9 Laptop (14th Gen Core i9/ 32GB/ 1TB SSD/ Win11/ 8GB Graph),4.7,Intel Core i9 14900HX,"24 Cores (8P + 16E), 32 Threads",32 GB DDR5 RAM,1 TB SSD,8 GB NVIDIA GeForce RTX 4070,"16 inches, 2560 x 1600 pixels",Windows 11 OS,1 Year Warranty,Lenovo,15838.94,16.0,2560.0,1600.0,False
HP 250 G9 732B6PA Laptop (12th Gen Core i5/ 16GB/ 512GB SSD/ Win11),4.45,12th Gen Intel Core i5 1235U,"10 Cores (2P + 8E), 12 Threads",16 GB DDR4 RAM,512 GB SSD,Intel integrated,"15.6 inches, 1920 x 1080 pixels",Windows 11 OS,1 Year Warranty,HP,5247.26,15.6,1920.0,1080.0,False
HP 250 G9 95X38PA Laptop (12th Gen Core i5/ 8GB/ 512 GB SSD/ DOS),4.05,12th Gen Intel Core i5 1235U,"10 Cores (2P + 8E), 12 Threads",8 GB DDR4 RAM,512 GB SSD,Intel Integrated,"15.6 inches, 1920 x 1080 pixels",DOS OS,1 Year Warranty,HP,6114.13,15.6,1920.0,1080.0,False
Asus Zenbook 14 OLED UX3405 Laptop (Intel Core Ultra 9 / 16GB/ 512GB SSD/ Win11 Home),4.0,Intel Core Ultra 9 Series 1 185H,"16 Cores (6P + 8E + 2LP-E), 22 Threads",16 GB LPDDR5X RAM,512 GB SSD,Intel Arc Graphics,"14 inches, 2880 x 1800 pixels",Windows 11 OS,1 Year Warranty,Asus,15838.94,14.0,2880.0,1800.0,False
Samsung Galaxy Book 4 Pro 360 Laptop (Intel Core Ultra 7/ 16GB/ 512GB SSD/ Win11),4.4,Intel Core Ultra 7 Series 1 155H,"16 Cores (6P + 8E + 2LP-E), 22 Threads",16 GB LPDDR5X RAM,512 GB SSD,Intel Arc Graphics,"16 inches, 2880 x 1800 pixels, Touch Screen",Windows 11 OS,1 Year Warranty,Samsung,21118.94,16.0,2880.0,1800.0,True
Lenovo IdeaPad Slim 1 82R400BGIN Laptop (AMD Ryzen 5 5500U/ 8GB/ 512GB SSD/ Win11 Home),4.6,5th Gen AMD Ryzen 5 5500U,"Hexa Core, 12 Threads",8 GB  DDR4 RAM,512 GB SSD,AMD Radeon Graphics,"15.6 inches, 1920 x 1080 pixels",Windows 11 OS,1 Year Warranty,Lenovo,3600.96,15.6,1920.0,1080.0,False
Lenovo IdeaPad 1 15ALC7 82R400ERIN Laptop (AMD Ryzen 5 5500U / 16GB/ 512GB SSD/ Win11 Home),4.6,5th Gen AMD Ryzen 5 5500U,"Hexa Core, 12 Threads",16 GB DDR4 RAM,512 GB SSD,AMD Radeon,"15.6 inches, 1920 x 1080 pixels",Windows 11 OS,1 Year Warranty,Lenovo,4012.8,15.6,1920.0,1080.0,False
Acer Nitro V16 ANV16-41 Gaming AI Laptop (AMD Ryzen 7 8845HS/ 16GB/ 1TB SSD/ Win11/ 8GB Graphics),4.5,8th Gen AMD Ryzen 7 8845HS,"Octa Core, 16 Threads",16 GB DDR5 RAM,1 TB SSD,8 GB NVIDIA GeForce RTX 4060,"16 inches, 1920 x 1200 pixels",Windows 11 OS,1 Year Warranty,Acer,11931.74,16.0,1920.0,1200.0,False
Asus Chromebook CX3402CBA-PQ0173 Laptop (12th Gen Core i3/ 8GB/ 128GB EMMC/ Chrome OS),4.45,12th Gen Intel Core i3 1215U,"Hexa Core (2P + 4E), 8 Threads",8 GB LPDDR5 RAM,128 GB eMMC Storage,Intel Integrated UHD,"14 inches, 1920 x 1080 pixels",Chrome OS,1 Year Warranty,Asus,3166.94,14.0,1920.0,1080.0,False
Samsung Galaxy Book 4 Ultra Laptop (Intel Core Ultra 7 155H/ 32 GB RAM/ 1 TB SSD/ 6 GB Graphics),4.15,Intel Core Ultra 7 155H,"16 Cores (6P + 8E + 2LP-E), 22 Threads",32 GB LPDDR5X RAM,1 TB SSD,6 GB NVIDIA GeForce RTX 4050,"16 inches, 2880 x 1800 pixels, Touch Screen",Backlit Keyboard,,Samsung,31679.89,16.0,2880.0,1800.0,True
Lenovo Yoga Slim 6 14IRH8 83E00017IN Laptop (13th Gen Core i7/ 16GB/ 1TB SSD/ Win11 Home),4.1,13th Gen Intel Core i7 13700H,"14 Cores (6P + 8E), 20 Threads",16 GB LPDDR5X RAM,1 TB SSD,Intel Integrated Iris Xe,"14 inches, 1920 x 1200 pixels",Windows 11 OS,1 Year Warranty,Lenovo,14476.7,14.0,1920.0,1200.0,False
Lenovo IdeaPad Gaming 3 82SB00Y8IN Laptop (AMD Ryzen 7 6800H/ 16GB/ 512GB SSD/ Win11 Home/ 4GB Graph),4.45,6th Gen AMD Ryzen 7 6800H,"Octa Core, 16 Threads",16 GB DDR4 RAM,512 GB SSD,4 GB NVIDIA GeForce RTX 3050,"15.6 inches, 1920 x 1080 pixels",Windows 11 OS,1 Year Warranty,Lenovo,7169.18,15.6,1920.0,1080.0,False
Lenovo IdeaPad Gaming 3 15IAH7 82S9017TIN Laptop (12th Gen Core i5/ 16GB/ 512GB SSD/ Win11 Home/ 4GB Graph),4.15,12th Gen Intel Core i5 12450H,"Octa Core (4P + 4E), 12 Threads",16 GB DDR4 RAM,512 GB SSD,4 GB NVIDIA GeForce RTX 3050,"15.6 inches, 1920 x 1080 pixels",Windows 11 OS,1 Year Warranty,Lenovo,6921.76,15.6,1920.0,1080.0,False
Lenovo Ideapad Slim 5 82XF0078IN Laptop (13th Gen Core i7/ 16 GB RAM/ 1 TB SSD/ Win 11),4.45,13th Gen Intel Core i7 13700H,"14 Cores (6P + 8E), 20 Threads",16 GB LPDDR5 RAM,1 TB SSD,Intel Iris Xe Graphics,"16 inches, 2560 x 1600 pixels",Windows 11 OS,1 Year Warranty,Lenovo,8468.06,16.0,2560.0,1600.0,False
HP 15s-EQ2084AU Laptop (AMD Ryzen 7 5700U/ 16GB/ 512GB SSD/ Win11 Home),4.75,5th Gen AMD Ryzen 7  5700U,"Octa Core, 16 Threads",16 GB DDR4 RAM,512 GB SSD,AMD Radeon AMD,"15.6 inches, 1920 x 1080 pixels",Windows 11 OS,1 Year Warranty,HP,5120.54,15.6,1920.0,1080.0,False
Lenovo Ideapad Slim 5 82XD006GIN Laptop (13th Gen Core i5/ 16 GB RAM/ 1TB SSD/ Win 11),4.45,13th Gen Intel Core i5 13420H,"Octa Core (4P + 4E), 12 Threads",16 GB LPDDR5 RAM,1 TB SSD,Integrated Intel UHD Graphics,"14 inches, 1920 x 1200 pixels",Windows 11 OS,1 Year Warranty,Lenovo,8648.53,14.0,1920.0,1200.0,False
Lenovo Ideapad Slim 5 82XF0077IN Laptop (13th Gen Core i5/ 16 GB RAM/ 1 TB SSD/ Win 11),4.45,13th Gen Intel Core i5 13500H,"12 Cores (4P + 8E), 16 Threads",16 GB LPDDR5 RAM,1 TB SSD,Intel Iris Xe Graphics,"16 inches, 2560 x 1600 pixels",Windows 11 OS,1 Year Warranty,Lenovo,7781.66,16.0,2560.0,1600.0,False
Lenovo IdeaPad Slim 5 14IAH8 83BF0043IN Laptop (12th Gen Core i5/ 16GB/ 1TB SSD/ Win11),4.1,12th Gen Intel Core i5 12450H,"Octa Core (4P + 4E), 12 Threads",16 GB LPDDR5 RAM,1 TB SSD,Integrated Intel UHD Graphics,"14 inches, 1920 x 1200 pixels",Windows 11 OS,1 Year Warranty,Lenovo,6567.26,14.0,1920.0,1200.0,False
Dell 5530 G15 Gaming Laptop (13th Gen Core i9/ 16GB/ 1TB SSD/ Win11/ 8GB Graph),4.45,13th Gen Intel Core i9 13900HX,"24 Cores (8P + 16E), 32 Threads",16 GB DDR5 RAM,1 TB SSD,8 GB NVIDIA GeForce RTX 4060,"15.6 inches, 1920 x 1080 pixels",Windows 11 OS,1 Year Warranty,Dell,14930.78,15.6,1920.0,1080.0,False
Dell Inspiron 3520 IN3520RVTGV001ORB1 Laptop (11th Gen Core i3/ 8GB/ 512GB SSD/ Win11),4.3,11th Gen Intel Core i3 1115G4,"Dual Core, 4 Threads",8 GB DDR4 RAM,512 GB SSD,Intel UHD Graphics,"15.6 inches, 1920 x 1080 pixels",Windows 11 OS,1 Year Warranty,Dell,3220.8,15.6,1920.0,1080.0,False
MSI CreatorPro X17 HX A13VKS-249IN Laptop (13th Gen Core i9/ 64GB/ 4TB SSD/ Win11 Pro/ 12GB Graph),4.05,13th Gen Intel Core i9 13980HX,"24 Cores (8P + 16E), 32 Threads",64 GB DDR5 RAM,4 TB SSD,12 GB NVIDIA GeForce RTX 3500 Ada,"17 inches, 2560 x 1600 pixels",Windows 11 OS,3 Year Warranty,MSI,52904.54,17.0,2560.0,1600.0,False
Acer Aspire 3 15 A315-510P UN.KDHSI.019 Laptop (Intel Core i3 N305/ 8GB/ 512GB SSD/ Win11 Home),4.75,Intel Core i3 N305,"Octa Core, 8 Threads",8 GB LPDDR5 RAM,512 GB SSD,Intel UHD Graphics,"15.6 inches, 1920 x 1080 pixels",Windows 11 OS,1 Year Warranty,Acer,3198.62,15.6,1920.0,1080.0,False
Acer TravelMate P2 TMP214-53 14 Business Laptop (11th Gen Core i7/ 16GB/ 512GB SSD/ Win11 Home),4.2,11th Gen Intel Core i7 1165G7,"Quad Core, 8 Threads",16 GB DDR4 RAM,512 GB SSD,Intel Integrated Iris Xe,"14 inches, 1920 x 1080 pixels",Windows 11 OS,1 Year Warranty,Acer,4222.94,14.0,1920.0,1080.0,False
Acer Aspire Lite AL15-52 Laptop (12th Gen Core i5/ 16GB/ 512GB SSD/ Win11),4.4,12th Gen Intel Core i5 1235U,"10 Cores (2P + 8E), 12 Threads",16 GB DDR4 RAM,512 GB SSD,Intel Iris Xe Graphics,"15.6 inches, 1920 x 1080 pixels",Windows 11 OS,1 Year Warranty,Acer,4635.84,15.6,1920.0,1080.0,False
Acer Aspire Lite AL15-52 2023 Laptop (12th Gen Core i5/ 8GB/ 512GB SSD/ Win11),4.3,12th Gen Intel Core i5 1235U,"10 Cores (2P + 8E), 12 Threads",8 GB DDR4 RAM,512 GB SSD,Intel Iris Xe Graphics,"15.6 inches, 1920 x 1080 pixels",Windows 11 OS,1 Year Warranty,Acer,4213.44,15.6,1920.0,1080.0,False
HP Victus 15-fa1145TX Gaming Laptop (12th Gen Core i5/ 16GB/ 1TB SSD/ Win11 Home/ 4GB Graph),4.55,12th Gen Intel Core i5 12450H,"Octa Core (4P + 4E), 12 Threads",16 GB DDR4 RAM,1 TB SSD,4 GB NVIDIA GeForce RTX 2050,"15.6 inches, 1920 x 1080 pixels",Windows 11 OS,1 Year Warranty,HP,7318.08,15.6,1920.0,1080.0,False
Apple MacBook Pro 16 2023 Laptop (Apple M3 Pro/ 18GB/ 512GB SSD/ macOS),4.2,Apple M3 Pro,12 Cores (6P + 6E),18 GB  RAM,512 GB SSD,18 Core GPU,"16.2 inches, 3456 x 2234 pixels",Mac OS,1 Year Warranty,Apple,22702.94,16.2,3456.0,2234.0,False
Apple MacBook Pro 14 2023 Laptop (Apple M3 Max/ 36GB/ 1TB SSD/ macOS),4.2,Apple M3 Max,14 Cores (10P + 4E),36 GB  RAM,1 TB SSD,30 Core GPU,"14.2 inches, 3024 x 1964 pixels",Mac OS,1 Year Warranty,Apple,29250.14,14.2,3024.0,1964.0,False
Apple MacBook Pro 16 2023 Laptop (Apple M3 Pro/ 36GB/ 512GB SSD/ macOS),4.65,Apple M3 Pro,12 Cores (6P + 6E),36 GB  RAM,512 GB SSD,18 Core GPU,"16.2 inches, 3456 x 2234 pixels",Mac OS,1 Year Warranty,Apple,26504.54,16.2,3456.0,2234.0,False
Apple MacBook Pro 14 2023 Laptop (Apple M3 Pro/ 18GB/ 512GB SSD/ macOS),4.75,Apple M3 Pro,11 Cores (5P + 6E),18 GB  RAM,512 GB SSD,14 Core GPU,"14.2 inches, 3024 x 1964 pixels",Mac OS,1 Year Warranty,Apple,18478.94,14.2,3024.0,1964.0,False
Apple MacBook Pro 16 2023 Laptop (Apple M3 Max/ 36GB/ 1TB SSD/ macOS),4.0,Apple M3 Max,14 Cores (10P + 4E),36 GB  RAM,1 TB SSD,30 Core GPU,"16.2 inches, 3456 x 2234 pixels",Mac OS,1 Year Warranty,Apple,32101.34,16.2,3456.0,2234.0,False
Apple MacBook Pro 16 2023 Laptop (Apple M3 Max/ 48GB/ 1TB SSD/ macOS),4.65,Apple M3 Max,16 Cores (12P + 4E),48 GB  RAM,1 TB SSD,40 Core GPU,"16.2 inches, 3456 x 2234 pixels",Mac OS,1 Year Warranty,Apple,39061.44,16.2,3456.0,2234.0,False
HP 15s-fq2510tu Laptop (11th Gen Core i5/ 16GB/ 512GB SSD/ Win11 Home),4.45,11th Gen Intel Core i5 1135G7 ,"Quad Core, 8 Threads",16 GB DDR4 RAM,512 GB SSD,Intel Iris Xe Graphics,"15.6 inches, 1920 x 1080 pixels",Windows 11 OS,1 Year Warranty,HP,5121.6,15.6,1920.0,1080.0,False
Lenovo Yoga Slim 7i Carbon 13IRP8 83AY003CIN Laptop (13th Gen Core i7/ 16GB/ 1TB SSD/ Win11 Home),4.3,13th Gen Intel Core i7 1360P,"12 Cores (4P + 8E), 16 Threads",16 GB LPDDR5 RAM,1 TB SSD,Intel Integrated Iris Xe,"13.3 inches, 2560 x 1600 pixels, Touch Screen",Windows 11 OS,1 Year Warranty,Lenovo,11616.0,13.3,2560.0,1600.0,True
Apple MacBook Pro 14 2023 Laptop (Apple M3 Pro/ 18GB/ 1TB SSD/ macOS),4.35,Apple M3 Pro,12 Cores (6P + 6E),18 GB  RAM,1 TB SSD,18 Core GPU,"14.2 inches, 3024 x 1964 pixels",Mac OS,1 Year Warranty,Apple,21752.54,14.2,3024.0,1964.0,False
Dell Inspiron 3520 IN3520P9K46002ORS1 Laptop (12th Gen Core i3/ 8GB/ 512GB SSD/ Win11),4.2,12th Gen Intel Core i3 1215U,"Hexa Core (2P + 4E), 8 Threads",8 GB DDR4 RAM,512 GB SSD,Intel Integrated UHD,"15.6 inches, 1920 x 1080 pixels",Windows 11 OS,1 Year Warranty,Dell,3693.89,15.6,1920.0,1080.0,False
Dell Inspiron 3530 Laptop (13th Gen Core i7/ 16GB/ 512GB SSD/ Win11 Home),4.25,13th Gen Intel Core i7 1355U,"10 Cores (2P + 8E), 12 Threads",16 GB DDR4 RAM,512 GB SSD,Intel UHD Graphics,"15.6 inches, 1920 x 1080 pixels",Windows 11 OS,1 Year Warranty,Dell,6237.26,15.6,1920.0,1080.0,False
Lenovo V15 G4 Laptop (AMD Athlon Silver 7120U/ 8GB/ 512GB SSD/ Win11 Home),4.6,AMD Athlon Silver 7120U,"Dual Core, 2 Threads",8 GB LPDDR5 RAM,512 GB SSD,AMD Radeon 610M,"15.6 inches, 1920 x 1080 pixels",Windows 11 OS,1 Year Warranty,Lenovo,2617.82,15.6,1920.0,1080.0,False
Asus Chromebook CX1400FKA-EC0168 Laptop (Celeron N4500/ 8GB/ 128GB eMMC/ Chrome OS),4.65,Intel Celeron N4500,"Dual Core, 2 Threads",8 GB LPDDR4X RAM,128 GB Hard Disk,Intel Integrated UHD,"14 inches, 1920 x 1080 pixels, Touch Screen",Chrome OS,1 Year Warranty,Asus,2533.34,14.0,1920.0,1080.0,True
HP 15s-FR5012TU Laptop (12th Gen Core i3/ 8GB/ 512GB SSD/ Win11 Home),4.65,12th Gen Intel Core i3 1215U,"Hexa Core (2P + 4E), 8 Threads",8 GB DDR4 RAM,512 GB SSD,Intel UHD Graphics,"15.6 inches, 1920 x 1080 pixels",Windows 11 OS,1 Year Warranty,HP,3958.94,15.6,1920.0,1080.0,False
Asus Vivobook 15 X1502ZA-EJ385WS Laptop (12th Gen Core i3/ 8GB/ 512GB SSD/ Win11),4.1,12th Gen Intel Core i3 1220P,"10 Cores (2P + 8E), 12 Threads",8 GB DDR4 RAM,512 GB SSD,Intel UHD Graphics,"15.6 inches, 1920 x 1080 pixels",Windows 11 OS,1 Year Warranty,Asus,4370.78,15.6,1920.0,1080.0,False
Acer Aspire Lite AL15-41 Laptop (AMD Ryzen 5 5500U/ 16GB/ 1TB SSD/ Win11),4.65,5th Gen AMD Ryzen 5 5500U,"Hexa Core, 12 Threads",16 GB DDR4 RAM,1 TB SSD,AMD Graphics,"15.6 inches, 1920 x 1080 pixels",Windows 11 OS,1 Year Warranty,Acer,4222.94,15.6,1920.0,1080.0,False
HP Victus 15-fb1002AX Gaming Laptop (AMD Ryzen 5 7535HS/ 8GB/ 512GB SSD/ Win11/ 4GB Graph),4.4,7th Gen AMD Ryzen 5 7535HS,"Hexa Core, 12 Threads",8 GB DDR5 RAM,512 GB SSD,4 GB NVIDIA GeForce RTX 2050,"15.6 inches, 1920 x 1080 pixels",Windows 11 OS,1 Year Warranty,HP,5385.6,15.6,1920.0,1080.0,False
HP Omen 16-XD0007ax Gaming Laptop (AMD Ryzen 7 7840HS/ 16GB/ 1TB SSD/ Win11/ 6GB Graph),4.35,7th Gen AMD Ryzen 7 7840HS,"Octa Core, 16 Threads",16 GB DDR5 RAM,1 TB SSD,6 GB NVIDIA GeForce RTX 4050,"16.1 inches, 1920 x 1080 pixels",Windows 11 OS,1 Year Warranty,HP,10453.34,16.1,1920.0,1080.0,False
Acer Aspire Lite AL15-52 Laptop (12th Gen Core i3/ 8GB/ 512GB SSD/ Win11),4.55,12th Gen Intel Core i3 1215U,"Hexa Core (2P + 4E), 8 Threads",8 GB DDR4 RAM,512 GB SSD,Intel UHD Graphics,"15.6 inches, 1920 x 1080 pixels",Windows 11 OS,1 Year Warranty,Acer,3156.38,15.6,1920.0,1080.0,False
Acer Aspire 3 A315-24P NX.KDESI.00B Laptop (AMD Ryzen 5 7520U/ 8GB/ 512GB SSD/ Win11 Home),4.1,7th Gen AMD Ryzen 5 7520U,"Quad Core, 8 Threads",8 GB LPDDR5 RAM,512 GB SSD,AMD Radeon AMD,"15.6 inches, 1920 x 1080 pixels",Windows 11 OS,1 Year Warranty,Acer,3694.94,15.6,1920.0,1080.0,False
Acer Chromebook CB314-3H NX.K04SI.008 Laptop (Intel Celeron N4500/ 8GB/ 64GB SSD/ Chrome OS),4.75,Intel Celeron N4500,"Dual Core, 2 Threads",8 GB LPDDR4X RAM,64 GB SSD,Intel Integrated UHD,"14 inches, 1080 x 1920 pixels",Chrome OS,1 Year Warranty,Acer,3801.49,14.0,1080.0,1920.0,False
Dell Inspiron 7430 2 in 1 2023 Laptop (13th Gen Core i3/ 8GB/ 256GB SSD/ Win11),4.5,13th Gen Intel Core i3 1315U,"Hexa Core (2P + 4E), 8 Threads",8 GB LPDDR5 RAM,256 GB SSD,Intel UHD Graphics,"14 inches, 1920 x 1200 pixels, Touch Screen",Windows 11 OS,1 Year Warranty,Dell,5278.94,14.0,1920.0,1200.0,True
HP 15s-fq5185TU Laptop (12th Gen Core i3/ 8GB/ 512GB SSD/ Win11 Home),4.65,12th Gen Intel Core i3 1215U,"Hexa Core (2P + 4E), 8 Threads",8 GB DDR4 RAM,512 GB SSD,Intel Integrated UHD,"15.6 inches, 1920 x 1080 pixels",Windows 11 OS,1 Year Warranty,HP,3666.43,15.6,1920.0,1080.0,False
HP Victus 15-fb0157AX Gaming Laptop (AMD Ryzen 5 5600H/ 8GB/ 512GB SSD/ Win11/ 4GB Graph),4.3,5th Gen AMD Ryzen 5 5600H,"Hexa Core, 12 Threads",8 GB DDR4 RAM,512 GB SSD,4 GB AMD Radeon RX 6500M,"15.6 inches, 1920 x 1080 pixels",Windows 11 OS,1 Year Warranty,HP,5174.29,15.6,1920.0,1080.0,False
Lenovo IdeaPad Gaming 3 15ACH6 82K20289IN Laptop (AMD Ryzen 5 5500H/ 8GB/ 512GB SSD/ Win11 Home/ 4GB Graph),4.4,5th Gen AMD Ryzen 5 5500H,"Quad Core, 8 Threads",8 GB DDR4 RAM,512 GB SSD,4 GB NVIDIA GeForce RTX 2050,"15.6 inches, 1920 x 1080 pixels",Windows 11 OS,1 Year Warranty,Lenovo,5775.16,15.6,1920.0,1080.0,False
HP Omen 17-cm2002TX Gaming Laptop (13th Gen Core i7/ 16 GB RAM/ 512 GB SSD/ Win 11/ 8 GB Graphics),4.1,13th Gen Intel Core i7 13700HX,"16 Cores (8P + 8E), 24 Threads",16 GB DDR5 RAM,512 GB SSD,8 GB NVIDIA GeForce RTX 4060,"17.3 inches, 1920 x 1080 pixels",Windows 11 OS,1 Year Warranty,HP,13198.94,17.3,1920.0,1080.0,False
Lenovo Yoga Slim 6 83E00006IN Laptop (13th Gen Core i5/ 16GB/ 512GB SSD/ Win11 Home),4.5,13th Gen Intel Core i5 13500H,"12 Cores (4P + 8E), 16 Threads",16 GB LPDDR5 RAM,512 GB SSD,Intel Integrated Iris Xe,"14 inches, 1920 x 1200 pixels",Windows 11 OS,1 Year Warranty,Lenovo,8045.66,14.0,1920.0,1200.0,False
HP 15s-fy5007TU Laptop (12th Gen Core i5/ 8GB/ 512GB SSD/ Win11 Home),4.55,12th Gen Intel Core i5 1235U,"10 Cores (2P + 8E), 12 Threads",8 GB DDR4 RAM,512 GB SSD,Intel Integrated UHD,"15.6 inches, 1920 x 1080 pixels",Windows 11 OS,1 Year Warranty,HP,4750.94,15.6,1920.0,1080.0,False
Lenovo Yoga Slim 6 14IAP8 82WU0095IN Laptop (12th Gen Core i5/ 16GB/ 512GB SSD/ Win11 Home),4.1,12th Gen Intel Core i5 1240P,"12 Cores (4P + 8E), 16 Threads",16 GB LPDDR5 RAM,512 GB SSD,Intel Integrated Iris Xe,"14 inches, 2240 x 1400 pixels",Windows 11 OS,1 Year Warranty,Lenovo,7602.14,14.0,2240.0,1400.0,False
Lenovo IdeaPad 1 15ALC7 82R400BSIN Laptop (AMD Ryzen 5 5500U / 8GB/ 512GB SSD/ Win11 Home),4.3,5th Gen AMD Ryzen 5  5500U,"Hexa Core, 12 Threads",8 GB DDR4 RAM,512 GB SSD,AMD Radeon,"15.6 inches, 1920 x 1080 pixels",Windows 11 OS,1 Year Warranty,Lenovo,3800.54,15.6,1920.0,1080.0,False
HP 15s-fy5006TU Laptop (12th Gen Core i3/ 8GB/ 512GB SSD/ Win11 Home),4.55,12th Gen Intel Core i3 1215U,"Hexa Core (2P + 4E), 8 Threads",8 GB DDR4 RAM,512 GB SSD,Intel Integrated UHD,"15.6 inches, 1920 x 1080 pixels",Windows 11 OS,1 Year Warranty,HP,3694.94,15.6,1920.0,1080.0,False
Dell Inspiron 5430 IN5430FR0KC001ORS1 Laptop (13th Gen Core i5/ 8GB/ 512GB SSD/ Win11),4.2,13th Gen Intel Core i5 1335U,"10 Cores (2P + 8E), 12 Threads",8 GB LPDDR5  RAM,512 GB SSD,Intel Iris Xe Graphics,"14 inches, 1920 x 1080 pixels",Windows 11 OS,1 Year Warranty,Dell,5536.61,14.0,1920.0,1080.0,False
Acer Aspire 5 2023 A515-58GM Gaming Laptop (13th Gen Core i5/ 16GB/ 512GB SSD/ Win11/ 4GB Graphics),4.5,13th Gen Intel Core i5 1335U,"10 Cores (2P + 8E), 12 Threads",16 GB DDR4 RAM,512 GB SSD,4 GB NVIDIA GeForce RTX 2050,"15.6 inches, 1920 x 1080 pixels",Windows 11 OS,1 Year Warranty,Acer,5490.14,15.6,1920.0,1080.0,False
Lenovo IdeaPad Slim 1 82VG00EVIN Laptop (AMD Ryzen 3 7320U/ 8GB/ 512GB SSD/ Win11 Home),4.35,7th Gen AMD Ryzen 3 7320U,"Quad Core, 8 Threads",8 GB LPDDR5 RAM,512 GB SSD,AMD Radeon Graphics,"15.6 inches, 1920 x 1080 pixels",Windows 11 OS,1 Year Warranty,Lenovo,3342.24,15.6,1920.0,1080.0,False
Lenovo IdeaPad Slim 5 82XD005RIN Laptop (13th Gen Core i5/ 16GB/ 512GB SSD/ Win11),4.1,13th Gen Intel Core i5 13420H,"Octa Core (4P + 4E), 12 Threads",16 GB LPDDR5 RAM,512 GB SSD,Integrated Intel Iris Xe Graphics,"14 inches, 1920 x 1200 pixels",Windows 11 OS,2 Year Warranty,Lenovo,8659.09,14.0,1920.0,1200.0,False
Lenovo Legion 5 Pro 82JQ010EIN Laptop (AMD Ryzen 7 5800H/ 16GB/ 512GB SSD/ Win11 Home/ 6GB Graph),4.2,5th Gen AMD Ryzen 7 5800H,"Octa Core, 16 Threads",16 GB DDR4 RAM,512 GB SSD,6 GB NVIDIA GeForce RTX 3060,"16 inches, 2560 x 1600 pixels",Windows 11 OS,1 Year Warranty,Lenovo,10896.86,16.0,2560.0,1600.0,False
Lenovo IdeaPad 1 82VG00ESIN Laptop (AMD Ryzen 5 7520U / 8GB/ 512GB SSD/ Win11 Home),4.0,7th Gen AMD Ryzen 5 7520U,"Quad Core, 8 Threads",8 GB LPDDR5 RAM,512 GB SSD,AMD Radeon 610M,"15.6 inches, 1920 x 1080 pixels",Windows 11 OS,1 Year Warranty,Lenovo,3906.14,15.6,1920.0,1080.0,False
Acer Chromebook CB314-3H NX.K04SI.007 Laptop (Intel Celeron N4500/ 8GB/ 128GB SSD/ Chrome OS),4.45,Intel Celeron Dual Core N4500,"Dual Core, 2 Threads",8 GB LPDDR4X RAM,128 GB SSD,Intel Integrated UHD,"14 inches, 1280 x 1024 pixels",Chrome OS,1 Year Warranty,Acer,1794.14,14.0,1280.0,1024.0,False
Lenovo Yoga Slim 6 14IRH8 83E00007IN Laptop (13th Gen Core i7/ 16GB/ 512GB SSD/ Win11 Home),4.0,13th Gen Intel Core i7 13700H,"14 Cores (6P + 8E), 20 Threads",16 GB LPDDR5X RAM,512 GB SSD,Intel Integrated Iris Xe,"14 inches, 1920 x 1200 pixels",Windows 11 OS,1 Year Warranty,Lenovo,9524.06,14.0,1920.0,1200.0,False
Asus Vivobook 16 2023 X1605VA-MB947WS Laptop (13th Gen Core i9/ 16GB/ 512GB SSD/ Win11 Home),4.7,13th Gen Intel Core i9 13900H,"14 Cores (6P + 8E), 20 Threads",16 GB DDR4 RAM,512 GB SSD,Integrated Intel Iris Xe Graphics,"16 inches, 1920 x 1200 pixels",Windows 11 OS,1 Year Warranty,Asus,10030.94,16.0,1920.0,1200.0,False
Asus Vivobook 15 X1502ZA-EJ544WS Laptop (12th Gen Core i5/ 16GB/ 512GB SSD/ Win11),4.55,12th Gen Intel Core i5 12500H,"12 Cores (4P + 8E), 16 Threads",16 GB DDR4 RAM,512 GB SSD,Intel Iris Xe,"15.6 inches, 1920 x 1080 pixels",Windows 11 OS,1 Year Warranty,Asus,5532.28,15.6,1920.0,1080.0,False
Lenovo IdeaPad 1 15AMN7 82VG00J5IN Laptop (AMD Ryzen 5 7520U / 8GB/ 512GB SSD/ Win11 Home),4.2,7th Gen AMD Ryzen 5 7520U,"Quad Core, 8 Threads",8 GB LPDDR5 RAM,512 GB SSD,AMD Radeon 610M,"15.6 inches, 1920 x 1080 pixels",Windows 11 OS,1 Year Warranty,Lenovo,4117.34,15.6,1920.0,1080.0,False
Lenovo IdeaPad Slim 3 82RK00VWIN Laptop (12th Gen Core i3/ 8GB/ 512GB SSD/ Win11),4.7,12th Gen Intel Core i3 1215U,"Hexa Core (2P + 4E), 8 Threads",8 GB DDR4 RAM,512 GB SSD,Intel UHD Graphics,"15.6 inches, 1920 x 1080 pixels",Windows 11 OS,1 Year Warranty,Lenovo,3471.6,15.6,1920.0,1080.0,False
Lenovo IdeaPad Gaming 3 82K2028AIN Laptop (AMD Ryzen 5 5600H/ 8GB/ 512GB SSD/ Win11 Home/ 4GB Graph),4.05,5th Gen AMD Ryzen 5  5500H,"Quad Core, 8 Threads",8 GB DDR4 RAM,512 GB SSD,4 GB  NVIDIA GeForce RTX 2050,"15.6 inches, 1920 x 1080 pixels",Windows 11 OS,1 Year Warranty,Lenovo,5431.54,15.6,1920.0,1080.0,False
Acer Aspire 5 A515-57 UN.K3JSI.013 Laptop (12th Gen Core i3/ 16GB/ 512GB SSD/ Win11 Home),4.2,12th Gen Intel Core i3 1215U,"Hexa Core (2P + 4E), 8 Threads",16 GB  RAM,512 GB SSD,Intel Integrated,"15.6 inches, 1920 x 1080 pixels",Windows 11 OS,1 Year Warranty,Acer,3800.54,15.6,1920.0,1080.0,False
Dell Vostro 3520 Laptop (11th Gen Core i5/ 8GB/ 512GB SSD/ Win11),4.0,11th Gen Intel Core i5 1135G7,"Quad Core, 8 Threads",8 GB DDR4 RAM,512 GB SSD,Intel UHD Graphics,"15.6 inches, 1920 x 1080 pixels",Windows 11 OS,1 Year Warranty,Dell,5949.5,15.6,1920.0,1080.0,False
HP 240 G9 821J4PA Laptop (12th Gen Core i5/ 8GB/ 512 GB SSD/ Win11),4.1,12th Gen Intel Core i5 1235U,"10 Cores (2P + 8E), 12 Threads",8 GB DDR4 RAM,512 GB SSD,Intel Integrated,"14 inches, 1366 x 768 pixels",Windows 11 OS,1 Year Warranty,HP,4962.14,14.0,1366.0,768.0,False
Lenovo IdeaPad Slim 3i 82X70032IN Laptop (13th Gen Core i3/ 8GB/ 512GB SSD/ Win11 Home),4.05,13th Gen Intel Core i3 1305U,"5 Cores (1P + 4E), 6 Threads",8 GB LPDDR5 RAM,512 GB SSD,Intel UHD Graphics,"15.6 inches, 1920 x 1080 pixels",Windows 11 OS,1 Year Warranty,Lenovo,3958.94,15.6,1920.0,1080.0,False
MSI Creator Pro M16 B13VJ-1272IN Gaming Laptop (13th Gen Core i7/ 32GB/ 1TB SSD/ Win 11/ 8GB Graph),4.05,13th Gen Intel Core i7 13700H,"14 Cores (6P + 8E), 20 Threads",32 GB DDR5 RAM,1 TB SSD,8 GB NVIDIA GeForce RTX A2000 Ada,"16 inches, 1920 x 1200 pixels",Windows 11 OS,2 Year Warranty,MSI,28088.54,16.0,1920.0,1200.0,False
HP Victus 15-fa1132TX Laptop (12th Gen Core i5/ 8GB/ 512GB SSD/ Win11 Home/ 4GB Graph),4.2,12th Gen Intel Core i5 12450H,"Octa Core (4P + 4E), 12 Threads",8 GB DDR4 RAM,512 GB SSD,4 GB NVIDIA GeForce RTX 2050,"15.6 inches, 1920 x 1080 pixels",Windows 11 OS,1 Year Warranty,HP,5984.35,15.6,1920.0,1080.0,False
Asus TUF Gaming F15 FX506HE-HN385WS Gaming Laptop (11th Gen Core i7/ 16GB/ 1TB SSD/ Win11/ 4GB Graph),4.25,11th Gen Intel Core i7 11800H,"Octa Core, 16 Threads",16 GB DDR4 RAM,1 TB SSD,4 GB NVIDIA GeForce RTX 3050 Ti,"15.6 inches, 1920 x 1080 pixels",Windows 11 OS,1 Year Warranty,Asus,8184.0,15.6,1920.0,1080.0,False
Lenovo Yoga 6 13ABR8 83B2007UIN Laptop (AMD Ryzen 7 7730U/ 16GB/ 1TB SSD/ Win11 Home),4.05,7th Gen AMD Ryzen 7 7730U,"Octa Core, 16 Threads",16 GB LPDDR4X RAM,1 TB SSD,AMD Radeon Graphics,"13.3 inches, 1920 x 1200 pixels, Touch Screen",Windows 11 OS,1 Year Warranty,Lenovo,9228.38,13.3,1920.0,1200.0,True
HP Victus 15-fb0158AX Gaming Laptop (AMD Ryzen 5 5600H/ 8GB/ 512GB SSD/ Win11/ 4GB Graph),4.15,5th Gen AMD Ryzen 5  5600H ,"Hexa Core, 12 Threads",8 GB DDR4 RAM,512 GB SSD,4 GB AMD Radeon RX 6500M,"15.6 inches, 1920 x 1080 pixels",Windows 11 OS,1 Year Warranty,HP,5480.64,15.6,1920.0,1080.0,False
Dell Inspiron 7430 2023 Laptop (13th Gen Core i7/ 16GB/ 1TB SSD/ Win11),4.1,13th Gen Intel Core i7 1355U,"10 Cores (2P + 8E), 12 Threads",16 GB LPDDR5 RAM,1 TB SSD,Intel Iris Xe Graphics,"14 inches, 1920 x 1200 pixels, Touch Screen",Windows 11 OS,1 Year Warranty,Dell,10580.06,14.0,1920.0,1200.0,True
Lenovo Legion Slim 5 82Y9009KIN Gaming Laptop (AMD Ryzen 7 7840HS/ 16GB/ 512GB SSD/ Win11/ 6GB Graph),4.4,7th Gen AMD Ryzen 7 7840HS,"Octa Core, 16 Threads",16 GB DDR5 RAM,512 GB SSD,6 GB NVIDIA GeForce RTX 4050,"16 inches, 1920 x 1200 pixels",Windows 11 OS,1 Year Warranty,Lenovo,10558.94,16.0,1920.0,1200.0,False
HP 15-fc0027AU Laptop (AMD Ryzen 3 7320U/ 8GB/ 512GB SSD/ Win11 Home),4.5,7th Gen AMD Ryzen 3 7320U,"Quad Core, 8 Threads",8 GB LPDDR5 RAM,512 GB SSD,AMD Radeon AMD,"15.6 inches, 1920 x 1080 pixels",Windows 11 OS,1 Year Warranty,HP,4007.52,15.6,1920.0,1080.0,False
Lenovo Yoga Pro 7 82Y700A3IN Laptop (13th Gen Core i7/ 16GB/ 1TB SSD/ Win11 Home),4.45,13th Gen Intel Core i7 13700H,"14 Cores (6P + 8E), 20 Threads",16 GB  LPDDR5 RAM,1 TB SSD,Integrated Intel Iris Xe Graphics,"14.5 inches, 3072 x 1920 pixels",Windows 11 OS,1 Year Warranty,Lenovo,14043.74,14.5,3072.0,1920.0,False
HP Spectre 17-cs0097nr Foldable Laptop (12th Gen Core i7/ 16 GB RAM/ 1 TB SSD/ Win 11),4.7,12th Gen Intel Core i7 1250U,"10 Cores (2P + 8E), 12 Threads",16 GB LPDDR5 RAM,1 TB SSD,Intel Iris Xe Graphics,"17 inches, 1920 x 2560 pixels, Touch Screen",Windows 11 OS,1 Year Warranty,HP,43824.0,17.0,1920.0,2560.0,True
Asus VivoBook 15 X515MA-BR022WS Laptop (Celeron N4020/ 8GB/ 512GB SSD/ Win11 Home),4.3,Intel Celeron N4020,"Dual Core, 2 Threads",8 GB DDR4 RAM,512 GB SSD,Intel Integrated UHD 600,"15.6 inches, 1366 x 768 pixels",Windows OS,1 Year Warranty,Asus,2945.18,15.6,1366.0,768.0,False
Asus VivoBook 15 X1500EA-EJ311W Laptop (11th Gen Core i3/ 8GB/ 256GB SSD/ Win11),4.55,11th Gen Intel Core i3 1115G4,"Dual Core, 4 Threads",8 GB DDR4 RAM,256 GB SSD,Intel Integrated UHD,"15.6 inches, 1920 x 1080 pixels",Windows 11 OS,1 Year Warranty,Asus,3463.68,15.6,1920.0,1080.0,False
Acer Nitro V ANV15-51 2023 Gaming Laptop (13th Gen Core i5/ 16GB/ 512GB SSD/ Win11/ 6GB Graph),4.55,13th Gen Intel Core i5 13420H,"Octa Core (4P + 4E), 12 Threads",16 GB DDR5 SDRAM RAM,512 GB SSD,6 GB NVIDIA GeForce RTX 4050,"15.6 inches, 1920 x 1080 pixels",Windows 11 OS,1 Year Warranty,Acer,8131.2,15.6,1920.0,1080.0,False
Acer Nitro V ANV15-51 Gaming Laptop (13th Gen Core i5/ 8GB/ 512GB SSD/ Win11/ 6GB Graph),4.5,13th Gen Intel Core i5 13420H,"Octa Core (4P + 4E), 12 Threads",8 GB DDR5 SDRAM RAM,512 GB SSD,6 GB NVIDIA GeForce RTX 4050,"15.6 inches, 1920 x 1080 pixels",Windows 11 OS,1 Year Warranty,Acer,8204.06,15.6,1920.0,1080.0,False
Asus Vivobook 15 X1502ZA-EJ993WS Laptop (12th Gen Core i3/ 16GB/ 512GB SSD/ Win11),4.7,12th Gen Intel Core i3 1215U,"Hexa Core (2P + 4E), 8 Threads",16 GB DDR4 RAM,512 GB SSD,Intel Integrated UHD,"15.6 inches, 1920 x 1080 pixels",Windows 11 OS,1 Year Warranty,Asus,3690.72,15.6,1920.0,1080.0,False
Dell Inspiron 7435 2in1 Laptop (AMD Ryzen 57530U/ 8GB/ 512GB SSD/ Win11),4.75,7th Gen Amd Ryzen 5 7530U,"Hexa Core, 12 Threads",8 GB LPDDR4x RAM,512 GB SSD,AMD Radeon Graphics,"14 inches, 1920 x 1200 pixels, Touch Screen",Windows 11 OS,1 Year Warranty,Dell,7137.5,14.0,1920.0,1200.0,True
Asus Vivobook 15 X1504ZA-NJ542WS Laptop (12th Gen Core i5/ 16GB/ 512GB SSD/ Win11),4.05,12th Gen Intel Core i5 1235U,"10 Cores (2P + 8E), 12 Threads",16 GB DDR4 RAM,512 GB SSD,Intel Iris Xe Graphics,"15.6 inches, 1920 x 1080 pixels",Windows 11 OS,1 Year Warranty,Asus,5173.34,15.6,1920.0,1080.0,False
HP 15s-fq3066TU Laptop (Intel Celeron N4500/ 8GB/ 512GB SSD/ Win11 Home),4.75,Intel Celeron N4500,"Dual Core, 2 Threads",8 GB DDR4 RAM,512 GB SSD,Intel Integrated UHD,"15.6 inches, 1366 x 768 pixels",Windows 11 OS,1 Year Warranty,HP,2544.96,15.6,1366.0,768.0,False
HP 255 G9 841W6PA Laptop (AMD Ryzen 3 3250U/ 8 GB RAM/ 512 GB SSD/ FreeDOS),4.5,3rd Gen AMD Ryzen 3  3250U,"Dual Core, 4 Threads",8 GB DDR4 RAM,512 GB SSD,AMD Radeon Graphics,"15.6 inches, 1366 x 768 pixels",DOS 3.0 OS,1 Year Warranty,HP,2797.34,15.6,1366.0,768.0,False
Lenovo IdeaPad Slim 5i 82XD003MIN Laptop (13th Gen Core i5/ 16 GB RAM/ 512 GB SSD/ Win 11),4.15,13th Gen Intel Core i5 13420H,"Octa Core (4P + 4E), 12 Threads",16 GB LPDDR5 RAM,512 GB SSD,Intel UHD Graphics,"14 inches, 1920 x 1200 pixels",Windows 11 OS,1 Year Warranty,Lenovo,6757.34,14.0,1920.0,1200.0,False
Lenovo IdeaPad Slim 5i 83BG000DIN Laptop (12th Gen Core i5/ 16 GB RAM/ 512 GB SSD/ Win 11),4.3,12th Gen Intel Core i5 12450H,"Octa Core (4P + 4E), 12 Threads",16 GB LPDDR5 RAM,512 GB SSD,Intel UHD Graphics,"16 inches, 1920 x 1200 pixels",Windows 11 OS,1 Year Warranty,Lenovo,6123.74,16.0,1920.0,1200.0,False
Lenovo IdeaPad 3 82XQ008TIN Laptop (AMD Ryzen 5/ 8GB/ 512GB SSD/ Win11 Home),4.3,7th Gen Amd Ryzen 5 7520U,"Quad Core, 8 Threads",8 GB LPDDR5 RAM,512 GB SSD,Integrated AMD Radeon 610M,"15.6 inches, 1920 x 1080 pixels",Windows 11 OS,1 Year Warranty,Lenovo,4539.74,15.6,1920.0,1080.0,False
HP Victus 15-FB1001AX Gaming Laptop (AMD Ryzen 5 7535HS/ 8GB/ 512GB SSD/ Win11/ 4GB Graph),4.45,7th Gen AMD Ryzen 5 7535HS,"Hexa Core, 12 Threads",8 GB DDR5 RAM,512 GB SSD,4 GB NVIDIA GeForce RTX 2050,"15.6 inches, 1920 x 1080 pixels",Windows 11 OS,1 Year Warranty,HP,5437.34,15.6,1920.0,1080.0,False
Acer Aspire 7 A715-76G UN.QMYSI.002 Gaming Laptop (12th Gen Core i5/ 16GB/ 512GB SSD/ Win11 Home/ 4GB Graph),4.55,12th Gen Intel Core i5 12450H,"Octa Core (4P + 4E), 12 Threads",16 GB DDR4 RAM,512 GB SSD,4 GB NVIDIA GeForce RTX 2050,"15.6 inches, 1920 x 1080 pixels",Windows 11 OS,1 Year Warranty,Acer,5701.34,15.6,1920.0,1080.0,False
Lenovo Legion 9i 2023 Laptop (13th Gen Core i9/ 32GB/ 1TB SSD/ Win11/ 16GB Graph),4.0,13th Gen Intel Core i9 13980HX,"24 Cores (8P + 16E), 32 Threads",32 GB DDR5 RAM,1 TB SSD,16 GB NVIDIA GeForce RTX 4090,"16 inches, 3200 x 2000 pixels",Windows 11 OS,1 Year Warranty,Lenovo,42239.89,16.0,3200.0,2000.0,False
HP 255 G8 7J035AA Laptop (Ryzen 5-5500U/ 8GB/ 256GB SSD/ Win11),4.05,5th Gen AMD Ryzen 5  5500U,"Hexa Core, 12 Threads",8 GB DDR4 RAM,256 GB SSD,AMD Radeon ,"15.6 inches, 1920 x 1080 pixels",Windows 11  OS,1 Year Warranty,HP,3210.24,15.6,1920.0,1080.0,False
Lenovo IdeaPad 1 15IGL7 82V700BSIN Laptop (Celeron N4020/ 8GB/ 256GB SSD/ Win11 Home),4.55,4th Gen Intel Celeron N4020,"Dual Core, 2 Threads",8 GB DDR4 RAM,256 GB SSD,Integrated Intel UHD Graphics 600,"15.6 inches, 1366 x 768 pixels",Windows 11 OS,1 Year Warranty,Lenovo,2638.94,15.6,1366.0,768.0,False
Asus Chromebook CX1500CKA-EJ0241 Laptop (Celeron N4500/ 4GB/ 64GB eMMC/ Chrome OS),4.65,Intel Celeron N4500,"Dual Core, 2 Threads",4 GB LPDDR4X RAM,64 GB SSD,Intel Integrated UHD,"15.6 inches, 1920 x 1080 pixels",Chrome OS,1 Year Warranty,Asus,1688.54,15.6,1920.0,1080.0,False
Asus Chromebook CX1400CKA-EK0257 Laptop (Celeron N4500/ 4GB/ 64GB eMMC/ Chrome OS),4.75,Intel Celeron N4500,"Dual Core, 2 Threads",4 GB LPDDR4X RAM,64 GB SSD,Intel Integrated UHD,"14 inches, 1920 x 1080 pixels",Chrome OS,1 Year Warranty,Asus,1582.94,14.0,1920.0,1080.0,False
Lenovo IdeaPad Slim 5 82XE0072IN Laptop (AMD Ryzen 7 7730U/ 16GB/ 512GB SSD/ Win11),4.1,7th Gen AMD Ryzen 7 7730U,"Octa Core, 16 Threads",16 GB DDR4 RAM,512 GB SSD,AMD Integrated SoC,"14 inches, 1920 x 1200 pixels",Windows 11 OS,1 Year Warranty,Lenovo,6557.65,14.0,1920.0,1200.0,False
HP Victus 16-s0094AX Gaming Laptop (AMD Ryzen 7 7840HS/ 16GB/ 1TB SSD/ Win11/ 6GB Graph),4.25,7th Gen AMD Ryzen 7 7840HS,"Octa Core, 16 Threads",16 GB DDR5 RAM,1 TB SSD,6 GB NVIDIA GeForce RTX 3050,"16.1 inches, 1920 x 1080 pixels",Windows 11 OS,1 Year Warranty,HP,10098.53,16.1,1920.0,1080.0,False
Lenovo IdeaPad Slim 5 16IAH8 83BG000PIN Laptop (12th Gen Core i5/ 16GB/ 512GB SSD/ Win11),4.6,12th Gen Intel Core i5 12450H,"Octa Core (4P + 4E), 12 Threads",16 GB LPDDR5 RAM,512 GB SSD,Intel UHD Graphics,"16 inches, 1920 x 1200 pixels",Windows 11 OS,1 Year Warranty,Lenovo,6229.45,16.0,1920.0,1200.0,False
Acer Predator Helios Neo 16 2023 PHN16-71 Gaming Laptop (13th Gen Core i9/ 16GB/ 1TB SSD/ Win11/ 8GB Graph),4.65,13th Gen Intel Core i9 13900HX,"24 Cores (8P + 16E), 32 Threads",16 GB DDR5 RAM,1 TB SSD,8 GB NVIDIA GeForce RTX 4070,"16 inches, 1920 x 1200 pixels",Windows 11 OS,1 Year Warranty,Acer,15840.0,16.0,1920.0,1200.0,False
Lenovo IdeaPad Slim 5 14IAH8 83BF000UIN Laptop (12th Gen Core i5/ 16GB/ 512GB SSD/ Win11),4.7,12th Gen Intel Core i5 12450H,"Octa Core (4P + 4E), 12 Threads",16 GB LPDDR5 RAM,512 GB SSD,Intel UHD Graphics,"14 inches, 1920 x 1080 pixels",Windows 11 OS,1 Year Warranty,Lenovo,6144.86,14.0,1920.0,1080.0,False
Lenovo V15 G3 IAP 82TT004VIH Laptop (12th Gen Core i5/ 8GB/ 512GB SSD/ DOS),4.1,12th Gen Intel Core i5 1235U,"10 Cores (2P + 8E), 12 Threads",8 GB DDR4 RAM,512 GB SSD,Intel Integrated UHD,"15.6 inches, 1920 x 1080 pixels",DOS OS,1 Year Warranty,Lenovo,4598.88,15.6,1920.0,1080.0,False
HP Victus 15-fb1015AX Gaming Laptop (AMD Ryzen 5 7535HS/ 8GB/ 512GB SSD/ Win11/ 4GB Graph),4.35,7th Gen Amd Ryzen 5 7535HS,"Hexa Core, 12 Threads",8 GB DDR5 RAM,512 GB SSD,4 GB NVIDIA GeForce RTX 2050,"15.6 inches, 1920 x 1080 pixels",Windows 11 OS,1 Year Warranty,HP,6123.74,15.6,1920.0,1080.0,False
HP Victus 15-fa0187TX Gaming Laptop (12th Gen Core i7/ 16GB/ 1TB SSD/ Win11/ 4GB Graph),4.6,12th Gen Intel Core i7 12650H,"10 Cores (6P + 4E), 16 Threads",16 GB DDR4 RAM,1 TB SSD,4 GB NVIDIA GeForce RTX 3050,"15.6 inches, 1920 x 1080 pixels",Windows 11 OS,1 Year Warranty,HP,8024.54,15.6,1920.0,1080.0,False
Lenovo Thinkpad E15 21E6S0W700 Laptop (12th Gen Core i3/ 8GB/ 512GB SSD/ Win11 Home),4.25,12th Gen Intel Core i3 1215U,"Hexa Core (2P + 4E), 8 Threads",8 GB DDR4 RAM,512 GB SSD,Intel UHD Graphics,"15.6 inches, 1920 x 1080 pixels",Windows 11 OS,1 Year Warranty,Lenovo,4794.24,15.6,1920.0,1080.0,False
Asus TUF Gaming F15 FX506HE-HN382W Gaming Laptop (11th Gen Core i7/ 16GB/ 512GB SSD/ Win11/ 4GB Graph),4.7,11th Gen Intel Core i7 11800H,"Octa Core, 16 Threads",16 GB DDR4 RAM,512 GB SSD,4 GB NVIDIA GeForce RTX 3050 Ti,"15.6 inches, 1920 x 1080 pixels",Windows 11 OS,1 Year Warranty,Asus,7105.72,15.6,1920.0,1080.0,False
Asus Vivobook Go 14 2023 E1404FA-NK325WS Laptop (Ryzen 3 7320U / 8GB/ 512GB SSD/ Win11 Home),4.55,7th Gen AMD Ryzen 3 7320U,"Quad Core, 8 Threads",8 GB LPDDR5 RAM,512 GB SSD,AMD Radeon AMD,"14 inches, 1920 x 1080 pixels",Windows 11 OS,1 Year Warranty,Asus,3341.08,14.0,1920.0,1080.0,False
Lenovo IdeaPad Slim 5i 82XD0040IN Laptop (13th Gen Core i7/ 16GB/ 512GB SSD/ Win11),4.3,13th Gen Intel Core i7 13620H,"10 Cores (6P + 4E), 16 Threads",16 GB LPDDR5 RAM,512 GB SSD,Intel Integrated UHD,"14 inches, 1920 x 1200 pixels",Windows 11 OS,1 Year Warranty,Lenovo,9925.34,14.0,1920.0,1200.0,False
Lenovo IdeaPad Slim 5 16IRL8 82XF003JIN Laptop (13th Gen Core i7/ 16GB/ 512GB SSD/ Win11),4.3,13th Gen Intel Core i7 13700H,"14 Cores (6P + 8E), 20 Threads",16 GB  LPDDR5 RAM,512 GB SSD,Integrated Intel Iris Xe Graphics,"16 inches, 1920 x 1080 pixels",Windows 11 OS,1 Year Warranty,Lenovo,8415.26,16.0,1920.0,1080.0,False
Lenovo IdeaPad Slim 5 16IRL8 82XF003GIN Laptop (13th Gen Core i5/ 16GB/ 512GB SSD/ Win11),4.6,13th Gen Intel Core i5 13500H,"12 Cores (4P + 8E), 16 Threads",16 GB LPDDR5 RAM,512 GB SSD,Intel Integrated Iris Xe,"16 inches, 1920 x 1200 pixels",Windows 11 OS,1 Year Warranty,Lenovo,7074.14,16.0,1920.0,1200.0,False
Dell Inspiron 3530 2023 Laptop (13th Gen Core i3/ 8GB/ 1TB SSD/ Win11 Home),4.25,13th Gen Intel Core i3 1305U,"5 Cores (1P + 4E), 6 Threads",8 GB DDR4 RAM,1 TB SSD,Intel Integrated UHD,"15.6 inches, 1920 x 1080 pixels",Windows 11 OS,1 Year Warranty,Dell,4645.34,15.6,1920.0,1080.0,False
Dell Inspiron 3535 2023 Laptop (AMD Ryzen R5-7520U/ 8GB/ 1TB SSD/ Win11),4.4,7th Gen Amd Ryzen 5 7520U,"Quad Core, 8 Threads",8 GB LPDDR5 RAM,1 TB SSD,AMD Radeon Graphics,"15.6 inches, 1920 x 1080 pixels",Windows 11 OS,1 Year Warranty,Dell,3694.94,15.6,1920.0,1080.0,False
Dell Inspiron 3525 Laptop (AMD Ryzen R3 5300U/ 8GB/ 512GB SSD/ Win11),4.45,5th Gen AMD Ryzen 3 5300U,"Quad Core, 8 Threads",8 GB DDR4 RAM,512 GB SSD,AMD Radeon Radeon Graphics,"15.6 inches, 1920 x 1080 pixels",Windows 11 OS,1 Year Warranty,Dell,3263.04,15.6,1920.0,1080.0,False
HP Victus 15-FB0142AX Gaming Laptop (AMD Ryzen 5 5600H/ 16GB/ 512GB SSD/ Win11/ 4GB Graph),4.5,5th Gen AMD Ryzen 5 5600H,"Hexa Core, 12 Threads",16 GB DDR4 RAM,512 GB SSD,4 GB NVIDIA GeForce RTX 3050,"15.6 inches, 1920 x 1080 pixels",Windows 11 OS,1 Year Warranty,HP,6018.14,15.6,1920.0,1080.0,False
Lenovo Ideapad Slim 3 15ITL05 81X800N1IN Laptop (11th Gen Core i3/ 8GB/ 512GB SSD/ Win11),4.1,11th Gen Intel Core i3 1115G4,"Dual Core, 4 Threads",8 GB DDR4 RAM,512 GB SSD,Intel Iris Xe Graphics,"15.6 inches, 1920 x 1080 pixels",Windows 11 OS,1 Year Warranty,Lenovo,3717.12,15.6,1920.0,1080.0,False
Lenovo Yoga 6i 82WV005JIN Laptop (13th Gen Core i5/ 16GB/ 512GB SSD/ Win11 Home),4.0,13th Gen Intel Core i5 1340P,"12 Cores (4P + 8E), 16 Threads",16 GB  LPDDR5 RAM,512 GB SSD,Integrated Intel Iris Xe Graphics,"14 inches, 1920 x 1200 pixels",Windows 11 OS,1 Year Warranty,Lenovo,7137.5,14.0,1920.0,1200.0,False
Asus Vivobook 15 X1504ZA-NJ325WS Laptop (12th Gen Core i3/ 8GB/ 512GB SSD/ Win11),4.35,12th Gen Intel Core i3 1215U,"Hexa Core (2P + 4E), 8 Threads",8 GB DDR4 RAM,512 GB SSD,Integrated Intel UHD Graphics,"15.6 inches, 1920 x 1080 pixels",Windows 11 OS,1 Year Warranty,Asus,3483.74,15.6,1920.0,1080.0,False
Asus VivoBook 14 2023 X1404ZA-NK321WS Laptop (12th Gen Core i3/ 8GB/ 512GB SSD/ Win11 Home),4.3,12th Gen Intel Core i3 1215U,"Hexa Core (2P + 4E), 8 Threads",8 GB DDR4 RAM,512 GB SSD,Intel UHD Graphics,"14 inches, 1920 x 1080 pixels",Windows 11 OS,1 Year Warranty,Asus,3388.7,14.0,1920.0,1080.0,False
HP Omen 16-wf0052TX Gaming Laptop (13th Gen Core i5/ 16GB/ 512GB SSD/ Win11 Home/ 6GB Graph),4.75,13th Gen Intel Core i5 13500HX,"14 Cores (6P + 8E), 20 Threads",16 GB DDR5 RAM,512 GB SSD,6 GB NVIDIA GeForce RTX 4050,"16.1 inches, 1920 x 1080 pixels",Windows 11 OS,1 Year Warranty,HP,10558.94,16.1,1920.0,1080.0,False
HP Victus  15-fa1060TX  Gaming Laptop (13th Gen Core i5/ 16GB/ 512GB SSD/ Win11 Home/ 6GB Graph),4.2,13th Gen Intel Core i5 13500H,"12 Cores (4P + 8E), 16 Threads",16 GB DDR4 RAM,512 GB SSD,6 GB NVIDIA GeForce RTX 4050,"15.6 inches, 1920 x 1080 pixels",Windows 11 OS,1 Year Warranty,HP,8552.54,15.6,1920.0,1080.0,False
MSI Pulse 17 B13VGK-666IN Gaming Laptop (13th Gen Core i7/ 16GB/ 1TB SSD/ Win11 Home/ 8GB Graph),4.75,13th Gen Intel Core i7 13700H,"14 Cores (6P + 8E), 20 Threads",16 GB DDR5 RAM,1 TB SSD,8 GB NVIDIA GeForce RTX 4070,"17.3 inches, 2560 x 1440 pixels",Windows 11 OS,2 Year Warranty,MSI,16366.94,17.3,2560.0,1440.0,False
HP Dragonfly G4 Laptop (13th Gen Core i7/ 16GB/ 512GB SSD/ Win11),4.4,13th Gen Intel Core i7 1365U,"10 Cores (2P + 8E), 12 Threads",16 GB LPDDR5 RAM,512 GB SSD,Intel Iris Xe Graphics,"13.5 inches, 1920 x 1280 pixels, Touch Screen",Windows 11 OS,1 Year Warranty,HP,24472.38,13.5,1920.0,1280.0,True
HP Omen 16-wd0770TX Gaming Laptop (13th Gen Core i5/ 16GB/ 512GB SSD/ Win11 Home/ 6GB Graph),4.45,13th Gen Intel Core i5 13420H,"Octa Core (4P + 4E), 12 Threads",16 GB DDR5 RAM,512 GB SSD,6 GB NVIDIA GeForce RTX 4050,"16.1 inches, 1920 x 1080 pixels",Windows 11 OS,1 Year Warranty,HP,9281.18,16.1,1920.0,1080.0,False
Lenovo IdeaPad Slim 3 82XQ008VIN Laptop (AMD Ryzen 5 7520U/ 16GB/ 512GB SSD/ Win11),4.3,7th Gen AMD Ryzen 5 7520U,"Quad Core, 8 Threads",16 GB  LPDDR5 RAM,512 GB SSD,AMD Integrated SoC,"15.6 inches, 1920 x 1080 pixels",Windows 11 OS,1 Year Warranty,Lenovo,4624.22,15.6,1920.0,1080.0,False
HP Victus 15-fa0188TX Gaming Laptop (12th Gen Core i7/ 16GB/ 512GB SSD/ Win11/ 4GB Graph),4.2,12th Gen Intel Core i7 12650H,"10 Cores (6P + 4E), 16 Threads",16 GB DDR4 RAM,512 GB SSD,4 GB NVIDIA GeForce RTX 3050,"15.6 inches, 1920 x 1080 pixels",Windows 11 OS,1 Year Warranty,HP,8764.69,15.6,1920.0,1080.0,False
HP Victus 15-fb0134AX Gaming Laptop (AMD Ryzen 5 5600H/ 16GB/ 512GB SSD/ Win11/ 4GB Graph),4.2,5th Gen AMD Ryzen 5 5600H,"Hexa Core, 12 Threads",16 GB DDR4 RAM,512 GB SSD,4 GB AMD Radeon RX 6500M Graphics,"15.6 inches, 1920 x 1080 pixels",Windows 11 OS,1 Year Warranty,HP,5437.34,15.6,1920.0,1080.0,False
Lenovo LOQ 15IRH8 82XV00F5IN 2023 Gaming Laptop (12th Gen Core i5/ 16GB/ 512GB SSD/ Win11/ 6GB Graph),4.35,12th Gen Intel Core i5 12450H,"Octa Core (4P + 4E), 12 Threads",16 GB DDR5 RAM,512 GB SSD,6 GB NVIDIA GeForce RTX 3050,"15.6 inches, 1920 x 1080 pixels",Windows 11 OS,1 Year Warranty,Lenovo,6811.2,15.6,1920.0,1080.0,False
HP Pavilion x360 14-ek1074TU Laptop (13th Gen Core i5/ 16GB/ 512GB SSD/ Win11),4.55,13th Gen Intel Core i5 1335U,"10 Cores (2P + 8E), 12 Threads",16 GB DDR4 RAM,512 GB SSD,Intel Integrated Iris Xe,"14 inches, 1920 x 1080 pixels, Touch Screen",Windows 11 OS,1 Year Warranty,HP,7390.94,14.0,1920.0,1080.0,True
Lenovo LOQ 15IRH8 82XV00F4IN 2023 Gaming Laptop (12th Gen Core i5/ 16GB/ 512GB SSD/ Win11/ 4GB Graph),4.35,12th Gen Intel Core i5 12450H,"Octa Core (4P + 4E), 12 Threads",16 GB DDR5 RAM,512 GB SSD,4 GB NVIDIA GeForce RTX 2050,"15.6 inches, 1920 x 1080 pixels",Windows 11 OS,1 Year Warranty,Lenovo,7390.94,15.6,1920.0,1080.0,False
Lenovo LOQ 15APH8 82XT004HIN 2023 Gaming Laptop (AMD Ryzen 7 7840HS/ 16GB/ 512GB SSD/ Win11/ 6GB Graph),4.4,7th Gen AMD Ryzen 7 7840HS,"Octa Core, 16 Threads",16 GB DDR5 RAM,512 GB SSD,6 GB NVIDIA GeForce RTX 3050,"15.6 inches, 1920 x 1080 pixels",Windows 11 OS,1 Year Warranty,Lenovo,8024.54,15.6,1920.0,1080.0,False
MSI Katana 15 B13VFK-843IN Gaming Laptop (13th Gen Core i9/ 16GB/ 1TB SSD/ Win11 Home/ 8GB Graph),4.05,13th Gen Intel Core i9 13900H,"14 Cores (6P + 8E), 20 Threads",16 GB DDR5 RAM,1 TB SSD,8 GB NVIDIA GeForce RTX 4060,"15.6 inches, 1920 x 1080 pixels",Windows 11 OS,2 Year Warranty,MSI,12670.94,15.6,1920.0,1080.0,False
Lenovo LOQ 15IRH8 82XV00BQIN 2023 Gaming Laptop (13th Gen Core i7/ 16GB/ 512GB SSD/ Win11/ 6GB Graph),4.45,13th Gen Intel Core i7 13620H,"10 Cores (6P + 4E), 16 Threads",16 GB DDR5 RAM,512 GB SSD,6 GB NVIDIA GeForce RTX 4050,"15.6 inches, 1920 x 1080 pixels",Windows 11 OS,1 Year Warranty,Lenovo,10178.78,15.6,1920.0,1080.0,False
HP Omen 16-xf0059AX Gaming Laptop (AMD Ryzen 7 7840HS/ 16GB/ 512GB SSD/ Win11/ 8GB Graph),4.25,7th Gen AMD Ryzen 7 7840HS,"Octa Core, 16 Threads",16 GB DDR5 RAM,512 GB SSD,8 GB NVIDIA GeForce RTX 4060,"16 inches, 1920 x 1080 pixels",Windows 11 OS,1 Year Warranty,HP,11826.14,16.0,1920.0,1080.0,False
Lenovo IdeaPad Slim 5 Light 14ABR8 82XS002RIN Laptop (AMD Ryzen 5 7530U/ 16GB/ 512GB SSD/ Win11 Home),4.2,7th Gen AMD Ryzen 5 7530U,"Hexa Core, 12 Threads",16 GB DDR4 RAM,512 GB SSD,AMD Radeon Graphics,"14 inches, 1920 x 1080 pixels",Windows 11 OS,1 Year Warranty,Lenovo,5478.53,14.0,1920.0,1080.0,False
Lenovo LOQ 15IRH8 82XV00BRIN 2023 Gaming Laptop (13th Gen Core i7/ 16GB/ 512GB SSD/ Win11/ 8GB Graph),4.15,13th Gen Intel Core i7,N/A,16 GB DDR5 RAM,512 GB SSD,8 GB NVIDIA GeForce RTX 4060,Windows 11 OS,1 Year Warranty,Backlit Keyboard,Lenovo,11298.14,16.0,,,False
Asus Vivobook Go 15 E510MA-EJ001W Laptop (Celeron N4020/ 4GB/ 256GB SSD/ Win11 Home),4.1,intel Celeron  N4020,"Dual Core, 2 Threads",4 GB DDR4 RAM,256 GB SSD,Integrated Intel UHD Graphics,"15.6 inches, 1920 x 1080 pixels",Windows 11 OS,1 Year Warranty,Asus,2523.84,15.6,1920.0,1080.0,False
HP Omen 16-wf0055TX Gaming Laptop (13th Gen Core i7/ 16GB/ 512GB SSD/ Win11 Home/ 8GB Graph),4.45,13th Gen Intel Core i7 13700HX,"16 Cores (8P + 8E), 24 Threads",16 GB DDR5 RAM,512 GB SSD,8 GB NVIDIA GeForce RTX 4060,"16.1 inches, 1920 x 1080 pixels",Windows 11 OS,1 Year Warranty,HP,18597.0,16.1,1920.0,1080.0,False
Lenovo LOQ 2023 Gaming Laptop  (13th Gen Core i5/ 8GB/ 512GB SSD/ Win11/ 8GB Graph),4.0,13th Gen Intel Core i5 13420H,"Octa Core (4P + 4E), 12 Threads",8 GB DDR5 RAM,512 GB SSD,8 GB NVIDIA GeForce RTX 4060,"15.6 inches, 1920 x 1080 pixels",Windows 11 OS,1 Year Warranty,Lenovo,9503.89,15.6,1920.0,1080.0,False
HP 240 G8 689U2PA Business Laptop (11th Gen Core i3/ 8GB/ 512 GB SSD/ Win11),4.6,11th Gen Intel Core i3 1115G4,"Dual Core, 4 Threads",8 GB DDR4 RAM,512 GB SSD,Intel Iris Xe Graphics,"14 inches, 1366 x 768 pixels",Windows 11 OS,1 Year Warranty,HP,3515.53,14.0,1366.0,768.0,False
Lenovo Yoga Book 9i 2023 82YQ001DIN Laptop (13th Gen Core i7/ 16GB/ 1TB SSD/ Win11),4.2,13th Gen Intel Core i7 1355U,"10 Cores (2P + 8E), 12 Threads",16 GB LPDDR5X RAM,1 TB SSD,Intel Iris Xe Integrated Graphics,"13.3 inches, 2880 x 1800 pixels, Touch Screen",Windows 11 OS,3 Year Warranty,Lenovo,22797.98,13.3,2880.0,1800.0,True
Dell XPS 15 9530 Laptop (13th Gen Core i7/ 16GB/ 1TB SSD/ Win11/ 6GB Graph),4.0,13th Gen Intel Core i7 13700H,"14 Cores (6P + 8E), 20 Threads",16 GB DDR5 RAM,1 TB SSD,6 GB NVIDIA RTX 4050,"15.6 inches, 3456 x 2160 pixels, Touch Screen",Windows 11 OS,1 Year Warranty,Dell,24471.74,15.6,3456.0,2160.0,True
Lenovo Legion Y9000X 2023 Laptop (13th Gen Core i9/ 32GB/ 1TB SSD/ Win11/ 8GB Graph),4.2,13th Gen Intel Core i9 13900H,"14 Cores (6P + 8E), 20 Threads",32 GB DDR5 RAM,1 TB SSD,8 GB NVIDIA GeForce RTX 4060,"16 inches, 3200 x 2000 pixels",Windows 11 OS,1 Year Warranty,Lenovo,15733.34,16.0,3200.0,2000.0,False
Asus Vivobook 15 X1504ZA-NJ321WS Laptop (12th Gen Core i3/ 8GB/ 512GB SSD/ Win11),4.3,12th Gen Intel Core i3 1215U,"Hexa Core (2P + 4E), 8 Threads",8 GB DDR4 RAM,512 GB SSD,Integrated Intel UHD Graphics,"15.6 inches, 1920 x 1080 pixels",Windows 11 OS,1 Year Warranty,Asus,3453.12,15.6,1920.0,1080.0,False
Acer Nitro 5 AN515-58 NH.QFHSI.007 Gaming Laptop (12th Gen Core i7/ 16GB/ 512GB SSD/ Win11/ 4GB Graph),4.35,12th Gen Intel Core i7 12700H,"14 Cores (6P + 8E), 20 Threads",16 GB DDR4 RAM,512 GB SSD,4 GB NVIDIA GeForce RTX 3050,"15.6 inches, 1920 x 1080 pixels",Windows 11 OS,1 Year Warranty,Acer,9186.14,15.6,1920.0,1080.0,False
MSI Prestige 14 Evo B12M-472IN Laptop (12th Gen Core i5/ 16GB/ 512GB SSD/ Win11 Home),4.35,12th Gen Intel Core i5 1240P,"12 Cores (4P + 8E), 16 Threads",16 GB LPDDR5  RAM,512 GB SSD,Intel Integrated Iris Xe,"14 inches, 1920 x 1080 pixels",Windows 11 OS,1 Year Warranty,MSI,7564.13,14.0,1920.0,1080.0,False
Dell Alienware X16 Gaming Laptop (13th Gen Core i9/ 32GB/ 2TB SSD/ Win 11/ 16GB Graph),4.35,13th Gen Intel Core i9 13900HK,"14 Cores (6P + 8E), 20 Threads",32 GB LPDDR5 RAM,2 TB SSD,16 GB NVIDIA GeForce RTX 4090,"16 inches, 3200 x 1800 pixels",Windows 11 OS,1 Year Warranty,Dell,47967.32,16.0,3200.0,1800.0,False
HP Omen 16-u0005TX Gaming Laptop (13th Gen Core i7/ 16GB/ 1TB SSD/ Win11 Home/ 8GB Graph),4.25,13th Gen Intel Core i7 13700HX,"16 Cores (8P + 8E), 24 Threads",16 GB DDR5 RAM,1 TB SSD,8 GB NVIDIA GeForce RTX 4070,"16.1 inches, 2560 x 1600 pixels",Windows 11 OS,1 Year Warranty,HP,21003.73,16.1,2560.0,1600.0,False
MSI Modern 15 B11M-063IN Laptop (11th Gen Core i3/ 8GB/ 512GB SSD/ Win11 Home),4.1,11th Gen Intel Core i3 1115G4,"Dual Core, 4 Threads",8 GB DDR4 RAM,512 GB SSD,Intel Integrated Iris Xe,"15.6 inches, 1920 x 1080 pixels",Windows 11 OS,1 Year Warranty,MSI,6334.94,15.6,1920.0,1080.0,False
MSI Modern 15 B12M-612IN Laptop (12th Gen Core i3/ 16GB/ 512GB SSD/ Win11 Home),4.35,12th Gen Intel Core i3 1215U,"Hexa Core (2P + 4E), 8 Threads",16 GB DDR4 RAM,512 GB SSD,Intel Integrated Iris Xe,"15.6 inches, 1920 x 1080 pixels",Windows 11 OS,1 Year Warranty,MSI,3483.74,15.6,1920.0,1080.0,False
Acer Aspire 5 A515-58M Gaming Laptop (13th Gen Core i5/ 8GB/ 512GB SSD/ Win11 Home/ 4GB Graphic),4.65,13th Gen Intel Core i5 1335U,"10 Cores (2P + 8E), 12 Threads",8 GB LPDDR5 RAM,512 GB SSD,4 GB NVIDIA GeForce RTX2050,"15.6 inches, 1920 x 1080 pixels",Windows 11 OS,1 Year Warranty,Acer,6334.94,15.6,1920.0,1080.0,False
HP 15s-fy5005TU Laptop (12th Gen Core i3/ 8GB/ 1TB SSD/ Win11 Home),4.05,12th Gen Intel Core i3 1215U,"Hexa Core (2P + 4E), 8 Threads",8 GB DDR4 RAM,1 TB SSD,Intel Integrated UHD,"15.6 inches, 1920 x 1080 pixels",Windows 11 OS,1 Year Warranty,HP,4375.01,15.6,1920.0,1080.0,False
Lenovo Yoga 6 83B2005TIN Laptop (AMD Ryzen 5 7530U/ 16GB/ 512GB SSD/ Win11 Home),4.6,7th Gen AMD Ryzen 5 7530U,"Hexa Core, 12 Threads",16 GB DDR4 RAM,512 GB SSD,AMD Radeon,"13.3 inches, 1920 x 1200 pixels, Touch Screen",Windows 11 OS,3 Year Warranty,Lenovo,7961.18,13.3,1920.0,1200.0,True
Lenovo IdeaPad Flex 5 82R900D9IN Laptop (AMD Ryzen 7 5700U/ 16GB/ 512GB SSD/ Win11 Home),4.7,5th Gen AMD Ryzen 7 5700U,"Octa Core, 16 Threads",16 GB DDR4 RAM,512 GB SSD,AMD Radeon,"14 inches, 1920 x 1200 pixels, Touch Screen",Windows 11 OS,1 Year Warranty,Lenovo,6778.46,14.0,1920.0,1200.0,True
Dell Alienware M18 R1 2023 Gaming Laptop (13th Gen Core i9/ 64GB/ 1TB SSD/ Win 11/ 16GB Graph),4.0,13th Gen Intel Core i9 13980HX,"24 Cores (8P + 16E), 32 Threads",64 GB LPDDR5 RAM,1 TB SSD,16 GB NVIDIA GeForce RTX 4090,"18 inches, 3200 x 1800 pixels",Windows 11 OS,1 Year Warranty,Dell,47636.05,18.0,3200.0,1800.0,False
HP 15s-fy5004TU Laptop (12th Gen Core i3/ 16GB/ 512GB SSD/ Win11 Home),4.15,12th Gen Intel Core i3 1215U,"Hexa Core (2P + 4E), 8 Threads",16 GB DDR4 RAM,512 GB SSD,Intel Integrated UHD,"15.6 inches, 1920 x 1080 pixels",Windows 11 OS,1 Year Warranty,HP,3785.76,15.6,1920.0,1080.0,False
Acer Aspire Lite AL15 Laptop (AMD Ryzen 5 5500U/ 16GB/ 512GB SSD/ Win11),4.0,5th Gen AMD Ryzen 5 5500U,"Hexa Core, 12 Threads",16 GB DDR4 RAM,512 GB SSD,AMD Graphics,"15.6 inches, 1920 x 1080 pixels",Windows 11 OS,1 Year Warranty,Acer,3694.94,15.6,1920.0,1080.0,False
HP ZBook Studio G9 2023 Workstation WQUXGA Laptop (12th Gen Core i9/ 32GB/ 1TB SSD/ Win11/ 12GB Graph),4.25,12th Gen Intel Core i9 12900H,"14 Cores (6P + 8E), 20 Threads",32 GB DDR5 RAM,1 TB SSD,12 GB NVIDIA GeForce RTX 3080 Ti,"16 inches, 3840 x 2400 pixels",Windows 11 OS,1 Year Warranty,HP,41910.11,16.0,3840.0,2400.0,False
Acer Aspire Lite AL15-51 2023 Laptop (11th Gen Core i5/ 16GB/ 512GB SSD/ Win11),4.0,11th Gen Intel Core i5 1155G7,"Quad Core, 8 Threads",16 GB DDR4 RAM,512 GB SSD,Intel Iris Xe Graphics,"15.6 inches, 1920 x 1080 pixels",Windows 11 OS,1 Year Warranty,Acer,4581.98,15.6,1920.0,1080.0,False
HP Omen 16-wd0880TX Gaming Laptop (13th Gen Core i5/ 16GB/ 512GB SSD/ Win11 Home/ 6GB Graph),4.2,13th Gen Intel Core i5 13420H,"Octa Core (4P + 4E), 12 Threads",16 GB DDR5 RAM,512 GB SSD,6 GB NVIDIA GeForce RTX 4050,"16.1 inches, 1920 x 1080 pixels",Windows 11 OS,1 Year Warranty,HP,9291.74,16.1,1920.0,1080.0,False
Dell Inspiron 14 5430 2023 Laptop (13th Gen Core i5/ 8GB/ 1TB SSD/ Win11),4.3,13th Gen Intel Core i5 1335U,"10 Cores (2P + 8E), 12 Threads",8 GB LPDDR5  RAM,1 TB SSD,Intel Iris Xe Graphics,"14 inches, 1920 x 1200 pixels",Windows 11 OS,1 Year Warranty,Dell,5490.14,14.0,1920.0,1200.0,False
Lenovo IdeaPad 1 14IGL7 82V6005EIN Laptop (Celeron Dual Core/ 8GB/ 256GB SSD/ Win11 Home),4.75,4th Gen Intel Celeron N4020,"Dual Core, 2 Threads",8 GB DDR4 RAM,256 GB SSD,Intel Integrated UHD,"14 inches, 1366 x 768 pixels",Windows 11 OS,1 Year Warranty,Lenovo,2744.54,14.0,1366.0,768.0,False
Asus Vivobook 15 X1502ZA-EJ523WS Laptop (12th Gen Core i5/ 8GB/ 512GB SSD/ Win11),4.0,12th Gen Intel Core i5 12500H,"12 Cores (4P + 8E), 16 Threads",8 GB DDR4 RAM,512 GB SSD,Intel Iris Xe Graphics,"15.6 inches, 1920 x 1080 pixels",Windows 11 OS,1 Year Warranty,Asus,5014.84,15.6,1920.0,1080.0,False
HP Envy x360 15-fe0027TU Laptop (13th Gen Core i5/ 16GB/ 512GB SSD/ Win11 Home),4.1,13th Gen Intel Core i5 1335U,"10 Cores (2P + 8E), 12 Threads",16 GB LPDDR5 RAM,512 GB SSD,Intel Integrated Iris Xe,"15.6 inches, 1920 x 1080 pixels, Touch Screen",Windows 11 OS,1 Year Warranty,HP,7919.89,15.6,1920.0,1080.0,True
Acer Aspire Lite AL15-51 Laptop (11th Gen Core i3/ 8GB/ 256GB SSD/ Win11),4.65,11th Gen Intel Core i3 1115G4,"Dual Core, 4 Threads",8 GB DDR4 RAM,256 GB SSD,Intel UHD Graphics ,"15.6 inches, 1920 x 1080 pixels",Windows 11 OS,1 Year Warranty,Acer,3164.83,15.6,1920.0,1080.0,False
HP 14-em0025AU Laptop (AMD Ryzen  3 7320U/ 8GB/ 512GB SSD/ Win11 Home),4.4,7th Gen AMD Ryzen 3 7320U,"Quad Core, 8 Threads",8 GB LPDDR5 RAM,512 GB SSD,AMD Radeon AMD,"14 inches, 1920 x 1080 pixels",Windows 11 OS,1 Year Warranty,HP,3642.14,14.0,1920.0,1080.0,False
HP Envy x360 15-fe0028TU Laptop (13th Gen Core i5/ 16GB/ 512GB SSD/ Win11 Home),4.6,13th Gen Intel Core i5 1335U,"10 Cores (2P + 8E), 12 Threads",16 GB LPDDR5 RAM,512 GB SSD,Intel Integrated Iris Xe,"15.6 inches, 1920 x 1080 pixels, Touch Screen",Windows 11 OS,1 Year Warranty,HP,9820.69,15.6,1920.0,1080.0,True
Asus Vivobook 15 2023 X1504VA-NJ543WS Laptop (13th Gen Core i5/ 16GB/ 512GB SSD/ Win11),4.15,13th Gen Intel Core i5 1335U,"10 Cores (2P + 8E), 12 Threads",16 GB DDR4 RAM,512 GB SSD,Integrated Intel Iris Xe Graphics,"15.6 inches, 1920 x 1080 pixels",Windows 11 OS,1 Year Warranty,Asus,6229.34,15.6,1920.0,1080.0,False
Dell Inspiron 7430 2 in 1 Laptop (13th Gen Core i3/ 8GB/ 1TB SSD/ Win11),4.2,13th Gen Intel Core i3 1315U,"Hexa Core (2P + 4E), 8 Threads",8 GB LPDDR5 RAM,1 TB SSD,Intel UHD Graphics,"14 inches, 1920 x 1200 pixels, Touch Screen",Windows 11 OS,1 Year Warranty,Dell,6123.74,14.0,1920.0,1200.0,True
Lenovo IdeaPad Slim 3 2023 82X70033IN Laptop (13th Gen Core i3/ 8GB/ 512GB SSD/ Win11),4.0,13th Gen Intel Core i3 1305U,"5 Cores (1P + 4E), 6 Threads",8 GB LPDDR5 RAM,512 GB SSD,Integrated Intel UHD Graphics,"15.6 inches, 1920 x 1080 pixels",Windows 11 OS,1 Year Warranty,Lenovo,3854.4,15.6,1920.0,1080.0,False
Asus Vivobook 15 X1502ZA-EJ741WS Laptop (12th Gen Core i7/ 16GB/ 512GB SSD/ Win11),4.05,12th Gen Intel Core i7 12650H,"10 Cores (6P + 4E), 16 Threads",16 GB DDR4 RAM,512 GB SSD,Intel Iris Xe,"15.6 inches, 1920 x 1080 pixels",Windows 11 OS,1 Year Warranty,Asus,6968.54,15.6,1920.0,1080.0,False
HP Pavilion Plus 14-eh1022TU Laptop (13th Gen Core i5/ 16GB/ 512GB SSD/ Win 11),4.75,13th Gen Intel Core i5 1340P,"12 Cores (4P + 8E), 16 Threads",16 GB DDR4 RAM,512 GB SSD,Intel Iris Xe Graphics,"14 inches, 2240 x 1400 pixels",Windows 11 OS,1 Year Warranty,HP,8552.54,14.0,2240.0,1400.0,False
Lenovo ThinkPad E14 21JRS00U00 Laptop (AMD Ryzen 5 7530U/ 16GB/ 512GB SSD/ Win11 Home),4.1,7th Gen AMD Ryzen 5 7530U,"Hexa Core, 12 Threads",16 GB DDR4  RAM,512 GB SSD,AMD Radeon Graphics,"14 inches, 1920 x 1080 pixels",Windows 11 OS,1 Year Warranty,Lenovo,5142.72,14.0,1920.0,1080.0,False
Acer Aspire Lite AL15-51 UN.431SI.252 Laptop (11th Gen Core i3/ 8GB/ 512GB SSD/ Win11),4.6,11th Gen Intel Core i3 1115G4,"Dual Core, 4 Threads",8 GB DDR4 RAM,512 GB SSD,Intel UHD Graphics ,"15.6 inches, 1920 x 1080 pixels",Windows 11 OS,1 Year Warranty,Acer,3198.62,15.6,1920.0,1080.0,False
HP 14-gr0000TU Laptop (13th Gen Core i3/ 8GB/ 512GB SSD/ Win11 Home),4.05,13th Gen Intel Core i3 1315U,"Hexa Core (2P + 4E), 8 Threads",8 GB DDR4 RAM,512 GB SSD,Intel UHD Graphics,"14 inches, 1920 x 1080 pixels",Windows 11 OS,1 Year Warranty,HP,4836.48,14.0,1920.0,1080.0,False
Dell Inspiron 3535 Laptop (AMD Ryzen R5-7520U/ 8GB/ 512GB SSD/ Win11),4.0,7th Gen Amd Ryzen 5 7520U,"Quad Core, 8 Threads",8 GB LPDDR5 RAM,512 GB SSD,AMD Radeon Graphics,"15.6 inches, 1920 x 1080 pixels",Windows 11 OS,1 Year Warranty,Dell,3906.14,15.6,1920.0,1080.0,False
Lenovo Ideapad Gaming 3 82SB00NXIN Laptop (AMD Ryzen 5 7535HS/ 16GB/ 512GB SSD/ Win11 Home/ 4GB Graph),4.25,7th Gen AMD Ryzen 5 7535HS,"Hexa Core, 12 Threads",16 GB DDR5 RAM,512 GB SSD,4 GB NVIDIA GeForce RTX 2050,"15.6 inches, 1920 x 1080 pixels",Windows 11 OS,1 Year Warranty,Lenovo,6123.74,15.6,1920.0,1080.0,False
Lenovo ThinkBook 15 G5 21JFA00QIN Laptop (AMD Ryzen 7 7730U/ 8 GB/ 512 GB SSD/ DOS),4.7,7th Gen AMD Ryzen 7 7730U,"Octa Core, 16 Threads",8 GB DDR4 RAM,512 GB SSD,AMD Radeon AMD,"15.6 inches, 1920 x 1080 pixels",DOS OS,1 Year Warranty,Lenovo,5068.8,15.6,1920.0,1080.0,False
Dell Inspiron 3525 Laptop (AMD Ryzen 5 5500U/ 8GB/ 512GB SSD/ Win11),4.1,5th Gen AMD Ryzen 5 5500U,"Hexa Core, 12 Threads",8 GB DDR4 RAM,512 GB SSD,AMD Radeon Graphics,"15.6 inches, 1920 x 1080 pixels",Windows 11 OS,1 Year Warranty,Dell,4222.94,15.6,1920.0,1080.0,False
HP 14-em0026AU Laptop (AMD Ryzen 5 7520U/ 8GB/ 512GB SSD/ Win11 Home),4.1,7th Gen AMD Ryzen 5 7520U,"Quad Core, 8 Threads",8 GB LPDDR5 RAM,512 GB SSD,AMD Radeon AMD,"14 inches, 1920 x 1080 pixels",Windows 11 OS,1 Year Warranty,HP,4434.14,14.0,1920.0,1080.0,False
Lenovo IdeaPad Slim 3 82XQ008EIN Laptop (AMD Ryzen 3 7320U/ 8GB/ 512GB SSD/ Win11 Home),4.7,7th Gen AMD Ryzen 3 7320U,"Quad Core, 8 Threads",8 GB LPDDR5 RAM,512 GB SSD,AMD Radeon 610M Graphics,"15.6 inches, 1920 x 1080 pixels",Windows 11 OS,1 Year Warranty,Lenovo,3442.56,15.6,1920.0,1080.0,False
HP 255 G9 840T7PA Laptop (AMD Athlon Silver-3050U/ 4GB/ 256GB SSD/ DOS),4.25,3rd Gen AMD Athlon 3050U,"Dual Core, 2 Threads",4 GB DDR4 RAM,256 GB SSD,AMD Integrated,"15.6 inches, 1366 x 768 pixels",DOS OS,1 Year Warranty,HP,2166.91,15.6,1366.0,768.0,False
Acer Nitro 5 AN515-58 NH.QLZSI.001 Gaming Laptop (12th Gen Core i7/ 16GB/ 512GB SSD/ Win11/ 6GB Graph),4.3,12th Gen Intel Core i7 12650H,"10 Cores (6P + 4E), 16 Threads",16 GB DDR4 RAM,512 GB SSD,6 GB NVIDIA GeForce RTX 4050,"15.6 inches, 1920 x 1080 pixels",Windows 11 OS,1 Year Warranty,Acer,8975.89,15.6,1920.0,1080.0,False
Dell Latitude 3420 GD723YX17 Laptop (11th Gen Core i5/ 8GB/ 512GB SSD/ Ubuntu),4.0,11th Gen Intel Core i5 1135G7,"Quad Core, 8 Threads",8 GB DDR4 RAM,512 GB SSD,Intel UHD Graphics,"14 inches, 1366 x 768 pixels",Ubuntu OS,1 Year Warranty,Dell,5796.38,14.0,1366.0,768.0,False
Asus TUF Gaming F15 2022 FX507ZC4-HN115W Gaming Laptop (12th Gen Core i5/ 8GB/512GB SSD/ Win11 / 4GB Graph),4.3,12th Gen Intel Core i5 12500H,"12 Cores (4P + 8E), 16 Threads",8 GB DDR5 RAM,512 GB SSD,4 GB NVIDIA GeForce RTX 3050,"15.6 inches, 1920 x 1080 pixels",Windows 11 OS,1 Year Warranty,Asus,6229.34,15.6,1920.0,1080.0,False
HP 255 G9 7M654PA Laptop (12th Gen Core i3/ 8GB/ 512 GB SSD/ Win11),4.05,12th Gen Intel Core i3 1215U,"Hexa Core (2P + 4E), 8 Threads",8 GB DDR4 RAM,512 GB SSD,AMD Radeon Graphics,"15.6 inches, 1366 x 768 pixels",Windows 11 OS,1 Year Warranty,HP,3589.98,15.6,1366.0,768.0,False
HP 240 G9 7K5J8PA Notebook Laptop (12th Gen Core i5/ 16GB/ 512GB SSD/ Win11),4.1,12th Gen Intel Core i5 1235U,"10 Cores (2P + 8E), 12 Threads",16 GB DDR4 RAM,512 GB SSD,Intel Iris Xe Graphics,"14 inches, 1366 x 768 pixels",Windows 11 OS,1 Year Warranty,HP,5806.94,14.0,1366.0,768.0,False
HP Pavilion 15-eg3079TU Laptop (13th Gen Core i5/ 16GB/ 512GB SSD/ Win11 Pro),4.05,13th Gen Intel Core i5 1340p,"12 Cores (4P + 8E), 16 Threads",16 GB DDR4 RAM,512 GB SSD,Intel Integrated Intel Iris Xe Graphics,"15.6 inches, 1920 x 1080 pixels",Windows 11 OS,1 Year Warranty,HP,6968.54,15.6,1920.0,1080.0,False
Asus Vivobook 15 X1504ZA-NJ521WS Laptop (12th Gen Core i5/ 8GB/ 512GB SSD/ Win11),4.1,12th Gen Intel Core i5 1235U,"10 Cores (2P + 8E), 12 Threads",8 GB DDR4 RAM,512 GB SSD,Integrated Intel Iris Xe Graphics,"15.6 inches, 1920 x 1080 pixels",Windows 11 OS,1 Year Warranty,Asus,4222.94,15.6,1920.0,1080.0,False
Dell XPS 13 Plus 9320 2023 Laptop (13th Gen Core i7/ 32GB/ 1TB SSD/ Win11),4.35,13th Gen Intel Core i7 1360P,"12 Cores (4P + 8E), 16 Threads",32 GB LPDDR5 RAM,1 TB SSD,Intel Iris Xe Graphics,"13.4 inches, 3840 x 2400 pixels, Touch Screen",Windows 11 OS,1 Year Warranty,Dell,21604.7,13.4,3840.0,2400.0,True
Dell XPS 9530 2023 Laptop (13th Gen Core i7/ 32GB/ 1TB SSD/ Win11/ 6GB Graph),4.4,13th Gen Intel Core i7 13700H,"14 Cores (6P + 8E), 20 Threads",32 GB DDR5 RAM,1 TB SSD,6 GB NVIDIA RTX 4050,"15.6 inches, 3456 x 2160 pixels, Touch Screen",Windows 11 OS,1 Year Warranty,Dell,29566.94,15.6,3456.0,2160.0,True
MSI Modern 14 C12M-671IN Laptop (12th Gen Core i7/ 16GB/ 512GB SSD/ Win11 Home),4.75,12th Gen Intel Core i7 1255U,"10 Cores (2P + 8E), 12 Threads",16 GB DDR4 RAM,512 GB SSD,Intel Integrated Iris Xe,"14 inches, 1920 x 1080 pixels",Windows 11 OS,1 Year Warranty,MSI,5067.74,14.0,1920.0,1080.0,False
Lenovo Legion Pro 7i 2023 Gaming Laptop (13th Gen Core i9/ 32GB/ 1TB SSD/ Win11 Home/ 12GB Graph),4.35,13th Gen Intel Core i9 13900HX,"24 Cores (8P + 16E), 32 Threads",32 GB DDR5 RAM,1 TB SSD,12 GB NVIDIA Geforce RTX 4080,"16 inches, 2560 x 1600 pixels",Windows 11 OS,1 Year Warranty,Lenovo,30222.72,16.0,2560.0,1600.0,False
Lenovo Thinkpad E14 G4 21E3S02M00 Laptop (12th Gen Core i7/ 16GB/ 512GB SSD/ Win11 Pro),4.2,12th Gen Intel Core i7 1255U,"10 Cores (2P + 8E), 12 Threads",16 GB DDR4 RAM,512 GB SSD,Intel Iris Xe Graphics,"14 inches, 1920 x 1080 pixels",Windows 11 OS,1 Year Warranty,Lenovo,9609.6,14.0,1920.0,1080.0,False
Lenovo V15 G3 IAP 82TTA00UIH Laptop (12th Gen Core i3/ 8GB/ 512GB SSD/ DOS),4.7,12th Gen Intel Core i3 1215U,"Hexa Core (2P + 4E), 8 Threads",8 GB DDR4 RAM,512 GB SSD,Intel Integrated UHD,"15.6 inches, 1920 x 1080 pixels",DOS OS,1 Year Warranty,Lenovo,3127.87,15.6,1920.0,1080.0,False
LG UltraPC 16 16U70R-G.AH76A2 Laptop (AMD Ryzen7-7730U/ 16GB/ 512GB SSD/ Win11),4.6,7th Gen AMD Ryzen 7 7730U,"Octa Core, 16 Threads",16 GB DDR4 RAM,512 GB SSD,AMD Radeon 7 Graphics,"16 inches, 1920 x 1200 pixels",Windows 11 OS,1 Year Warranty,LG,9482.77,16.0,1920.0,1200.0,False
